#0 building with "default" instance using docker driver

#1 [internal] load build definition from Dockerfile.api
#1 transferring dockerfile: 2.11kB done
#1 DONE 0.0s

#2 [internal] load metadata for docker.io/rocker/tidyverse:4.5.1
#2 DONE 0.0s

#3 [internal] load .dockerignore
#3 transferring context: 2B done
#3 DONE 0.0s

#4 [internal] load build context
#4 transferring context: 308B done
#4 DONE 0.0s

#5 [ 1/13] FROM docker.io/rocker/tidyverse:4.5.1@sha256:c38f0fea583e3aa82d89d0038e5bb559a04fa813881031f61f6191e683954cf2
#5 resolve docker.io/rocker/tidyverse:4.5.1@sha256:c38f0fea583e3aa82d89d0038e5bb559a04fa813881031f61f6191e683954cf2 0.0s done
#5 DONE 0.0s

#5 [ 1/13] FROM docker.io/rocker/tidyverse:4.5.1@sha256:c38f0fea583e3aa82d89d0038e5bb559a04fa813881031f61f6191e683954cf2
#5 CACHED

#6 [ 2/13] RUN apt-get update && apt-get install -y     libxml2-dev     libssl-dev     libcurl4-openssl-dev     libfontconfig1-dev     libharfbuzz-dev     libfribidi-dev     libfreetype6-dev     libpng-dev     libtiff5-dev     libjpeg-dev     libcairo2-dev     libudunits2-dev     libproj-dev     libgdal-dev     libgeos-dev     libsodium-dev     libmagick++-dev     cmake     libabsl-dev     && rm -rf /var/lib/apt/lists/*
#6 0.823 Get:1 http://security.ubuntu.com/ubuntu noble-security InRelease [126 kB]
#6 1.034 Get:2 http://archive.ubuntu.com/ubuntu noble InRelease [256 kB]
#6 1.875 Get:3 http://security.ubuntu.com/ubuntu noble-security/universe amd64 Packages [1,522 kB]
#6 2.329 Get:4 http://archive.ubuntu.com/ubuntu noble-updates InRelease [126 kB]
#6 2.631 Get:5 http://archive.ubuntu.com/ubuntu noble-backports InRelease [126 kB]
#6 3.033 Get:6 http://archive.ubuntu.com/ubuntu noble/universe amd64 Packages [19.3 MB]
#6 3.505 Get:7 http://security.ubuntu.com/ubuntu noble-security/multiverse amd64 Packages [50.0 kB]
#6 3.957 Get:8 http://security.ubuntu.com/ubuntu noble-security/main amd64 Packages [1,145 kB]
#6 5.661 Get:9 http://security.ubuntu.com/ubuntu noble-security/restricted amd64 Packages [1,643 kB]
#6 8.425 Get:10 http://archive.ubuntu.com/ubuntu noble/restricted amd64 Packages [117 kB]
#6 8.436 Get:11 http://archive.ubuntu.com/ubuntu noble/main amd64 Packages [1,808 kB]
#6 8.814 Get:12 http://archive.ubuntu.com/ubuntu noble/multiverse amd64 Packages [331 kB]
#6 8.883 Get:13 http://archive.ubuntu.com/ubuntu noble-updates/universe amd64 Packages [2,140 kB]
#6 9.437 Get:14 http://archive.ubuntu.com/ubuntu noble-updates/main amd64 Packages [1,473 kB]
#6 9.650 Get:15 http://archive.ubuntu.com/ubuntu noble-updates/restricted amd64 Packages [1,758 kB]
#6 10.02 Get:16 http://archive.ubuntu.com/ubuntu noble-updates/multiverse amd64 Packages [55.8 kB]
#6 10.03 Get:17 http://archive.ubuntu.com/ubuntu noble-backports/multiverse amd64 Packages [671 B]
#6 10.03 Get:18 http://archive.ubuntu.com/ubuntu noble-backports/main amd64 Packages [48.9 kB]
#6 10.04 Get:19 http://archive.ubuntu.com/ubuntu noble-backports/universe amd64 Packages [35.9 kB]
#6 10.76 Fetched 32.1 MB in 10s (3,075 kB/s)
#6 10.76 Reading package lists...
#6 12.33 Reading package lists...
#6 13.77 Building dependency tree...
#6 14.13 Reading state information...
#6 14.48 libharfbuzz-dev is already the newest version (8.3.0-2build2).
#6 14.48 libfribidi-dev is already the newest version (1.0.13-3build1).
#6 14.48 libjpeg-dev is already the newest version (8c-2ubuntu11).
#6 14.48 libcairo2-dev is already the newest version (1.18.0-3build1).
#6 14.48 The following additional packages will be installed:
#6 14.48   autoconf automake autotools-dev build-essential bzip2 cmake-data dbus
#6 14.48   dbus-bin dbus-daemon dbus-session-bus-common dbus-system-bus-common dirmngr
#6 14.48   dpkg dpkg-dev fakeroot fonts-droid-fallback fonts-noto-mono gdal-data
#6 14.48   gdal-plugins ghostscript gir1.2-gdkpixbuf-2.0 gir1.2-girepository-2.0
#6 14.48   gir1.2-girepository-2.0-dev gir1.2-rsvg-2.0 gnupg gnupg-l10n gnupg-utils
#6 14.48   gobject-introspection gobject-introspection-bin gpg gpg-agent gpg-wks-client
#6 14.48   gpgconf gpgsm gpgv hdf5-helpers imagemagick-6-common keyboxd
#6 14.48   libabsl20220623t64 libaec-dev libaec0 libalgorithm-diff-perl
#6 14.48   libalgorithm-diff-xs-perl libalgorithm-merge-perl libaom-dev libaom3
#6 14.48   libarchive13t64 libarmadillo-dev libarmadillo12 libarpack2-dev libarpack2t64
#6 14.48   libavahi-client3 libavahi-common-data libavahi-common3 libblosc-dev
#6 14.48   libblosc1 libboost-dev libboost1.83-dev libcfitsio-dev libcfitsio-doc
#6 14.48   libcfitsio10t64 libcups2t64 libcurl3t64-gnutls libcurl4t64 libdav1d-dev
#6 14.48   libdav1d7 libdbus-1-3 libde265-0 libde265-dev libdjvulibre-dev
#6 14.48   libdjvulibre-text libdjvulibre21 libdpkg-perl libexif-dev libexif-doc
#6 14.48   libexif12 libfakeroot libfftw3-double3 libfile-fcntllock-perl libfreetype6
#6 14.48   libfreexl-dev libfreexl1 libfyba-dev libfyba0t64 libgdal34t64
#6 14.48   libgdk-pixbuf-2.0-0 libgdk-pixbuf-2.0-dev libgdk-pixbuf2.0-bin
#6 14.48   libgdk-pixbuf2.0-common libgeos-c1t64 libgeos3.12.1t64 libgeotiff-dev
#6 14.48   libgeotiff5 libgif-dev libgif7 libgirepository-1.0-1 libgirepository-1.0-dev
#6 14.48   libgirepository1.0-dev libgs-common libgs10 libgs10-common libhdf4-0-alt
#6 14.48   libhdf4-alt-dev libhdf5-103-1t64 libhdf5-cpp-103-1t64 libhdf5-dev
#6 14.48   libhdf5-fortran-102t64 libhdf5-hl-100t64 libhdf5-hl-cpp-100t64
#6 14.48   libhdf5-hl-fortran-100t64 libheif-dev libheif-plugin-aomdec
#6 14.48   libheif-plugin-aomenc libheif1 libidn12 libijs-0.35 libimath-3-1-29t64
#6 14.48   libimath-dev libjbig2dec0 libjson-c-dev libjson-c5 libjsoncpp25 libjxr-tools
#6 14.48   libjxr0t64 libkml-dev libkmlbase1t64 libkmlconvenience1t64 libkmldom1t64
#6 14.48   libkmlengine1t64 libkmlregionator1t64 libkmlxsd1t64 libksba8 liblcms2-2
#6 14.48   liblcms2-dev liblocale-gettext-perl liblqr-1-0 liblqr-1-0-dev libltdl-dev
#6 14.48   liblz4-dev libmagick++-6-headers libmagick++-6.q16-9t64
#6 14.48   libmagick++-6.q16-dev libmagickcore-6-arch-config libmagickcore-6-headers
#6 14.48   libmagickcore-6.q16-7-extra libmagickcore-6.q16-7t64 libmagickcore-6.q16-dev
#6 14.48   libmagickwand-6-headers libmagickwand-6.q16-7t64 libmagickwand-6.q16-dev
#6 14.48   libminizip-dev libminizip1t64 libnetcdf-dev libnetcdf19t64 libnspr4 libnss3
#6 14.48   libnuma1 libogdi-dev libogdi4.1 libopenexr-3-1-30 libopenexr-dev
#6 14.48   libopenjp2-7 libopenjp2-7-dev libpaper-utils libpaper1 libpng16-16t64
#6 14.48   libpoppler-dev libpoppler-private-dev libpoppler134 libproj25 libqhull-dev
#6 14.48   libqhull-r8.0 libqhull8.0 libqhullcpp8.0 libraw23t64 librhash0 librsvg2-2
#6 14.48   librsvg2-common librsvg2-dev librttopo-dev librttopo1 libsnappy1v5
#6 14.48   libsodium23 libspatialite-dev libspatialite8t64 libssl3t64 libsuperlu-dev
#6 14.48   libsuperlu6 libsz2 libtiff-dev libtiff-doc libtiff-opengl libtiff-tools
#6 14.48   libtiff6 libtiffxx6 libtirpc-common libtirpc-dev libtirpc3t64 libtool
#6 14.48   libudunits2-0 libudunits2-data liburiparser-dev liburiparser1 libuv1t64
#6 14.48   libwmf-0.2-7 libwmf-dev libwmflite-0.2-7 libx265-199 libx265-dev
#6 14.48   libxerces-c-dev libxerces-c3.2t64 libxml2 libxt-dev libyaml-0-2
#6 14.48   lto-disabled-list m4 openssl patch pinentry-curses poppler-data proj-bin
#6 14.48   proj-data python3-mako python3-markdown python3-markupsafe python3-pygments
#6 14.48   python3-setuptools python3-yaml ucf
#6 14.48 Suggested packages:
#6 14.48   autoconf-archive gnu-standards autoconf-doc gettext bzip2-doc cmake-doc
#6 14.48   cmake-format elpa-cmake-mode ninja-build default-dbus-session-bus
#6 14.48   | dbus-session-bus dbus-user-session libpam-systemd pinentry-gnome3 tor
#6 14.48   debsig-verify debian-keyring fonts-noto texlive-binaries parcimonie
#6 14.48   xloadimage gpg-wks-server scdaemon lrzip libitpp-dev libboost-doc
#6 14.48   libboost1.83-doc libboost-atomic1.83-dev libboost-chrono1.83-dev
#6 14.48   libboost-container1.83-dev libboost-context1.83-dev
#6 14.48   libboost-contract1.83-dev libboost-coroutine1.83-dev
#6 14.48   libboost-date-time1.83-dev libboost-exception1.83-dev libboost-fiber1.83-dev
#6 14.48   libboost-filesystem1.83-dev libboost-graph-parallel1.83-dev
#6 14.48   libboost-graph1.83-dev libboost-iostreams1.83-dev libboost-json1.83-dev
#6 14.48   libboost-locale1.83-dev libboost-log1.83-dev libboost-math1.83-dev
#6 14.48   libboost-mpi-python1.83-dev libboost-mpi1.83-dev libboost-nowide1.83-dev
#6 14.48   libboost-numpy1.83-dev libboost-program-options1.83-dev
#6 14.48   libboost-python1.83-dev libboost-random1.83-dev libboost-regex1.83-dev
#6 14.48   libboost-serialization1.83-dev libboost-stacktrace1.83-dev
#6 14.48   libboost-system1.83-dev libboost-test1.83-dev libboost-thread1.83-dev
#6 14.48   libboost-timer1.83-dev libboost-type-erasure1.83-dev libboost-url1.83-dev
#6 14.48   libboost-wave1.83-dev libboost1.83-tools-dev libmpfrc++-dev libntl-dev
#6 14.48   cups-common libcurl4-doc libidn-dev libkrb5-dev libldap2-dev librtmp-dev bzr
#6 14.48   libfftw3-bin libfftw3-dev freetype2-doc libgdal-doc libgeotiff-epsg
#6 14.48   geotiff-bin gdal-bin libgirepository1.0-doc libhdf4-doc hdf4-tools
#6 14.48   libhdf5-doc libheif-plugin-libde265 libheif-plugin-x265
#6 14.48   libheif-plugin-ffmpegdec libheif-plugin-jpegdec libheif-plugin-jpegenc
#6 14.48   libheif-plugin-j2kdec libheif-plugin-j2kenc libheif-plugin-rav1e
#6 14.48   libheif-plugin-svtenc liblcms2-utils libtool-doc inkscape netcdf-bin
#6 14.48   netcdf-doc ogdi-bin librsvg2-bin librsvg2-doc libssl-doc libsuperlu-doc
#6 14.48   gcj-jdk libwmf-0.2-7-gtk libwmf-doc libx265-doc libxerces-c-doc libxt-doc
#6 14.48   m4-doc ed diffutils-doc pinentry-doc poppler-utils fonts-japanese-mincho
#6 14.48   | fonts-ipafont-mincho fonts-japanese-gothic | fonts-ipafont-gothic
#6 14.48   fonts-arphic-ukai fonts-arphic-uming fonts-nanum python-mako-doc
#6 14.48   python3-beaker python-markdown-doc python-pygments-doc ttf-bitstream-vera
#6 14.48   python-setuptools-doc
#6 14.48 Recommended packages:
#6 14.48   libpng-tools
#6 15.76 The following NEW packages will be installed:
#6 15.76   autoconf automake autotools-dev build-essential bzip2 cmake cmake-data dbus
#6 15.76   dbus-bin dbus-daemon dbus-session-bus-common dbus-system-bus-common dirmngr
#6 15.76   dpkg-dev fakeroot fonts-droid-fallback fonts-noto-mono gdal-data
#6 15.76   gdal-plugins ghostscript gir1.2-gdkpixbuf-2.0 gir1.2-girepository-2.0
#6 15.76   gir1.2-girepository-2.0-dev gir1.2-rsvg-2.0 gnupg gnupg-l10n gnupg-utils
#6 15.76   gobject-introspection gobject-introspection-bin gpg gpg-agent gpg-wks-client
#6 15.76   gpgconf gpgsm hdf5-helpers imagemagick-6-common keyboxd libabsl-dev
#6 15.76   libabsl20220623t64 libaec-dev libaec0 libalgorithm-diff-perl
#6 15.76   libalgorithm-diff-xs-perl libalgorithm-merge-perl libaom-dev libaom3
#6 15.76   libarchive13t64 libarmadillo-dev libarmadillo12 libarpack2-dev libarpack2t64
#6 15.76   libavahi-client3 libavahi-common-data libavahi-common3 libblosc-dev
#6 15.76   libblosc1 libboost-dev libboost1.83-dev libcfitsio-dev libcfitsio-doc
#6 15.76   libcfitsio10t64 libcups2t64 libdav1d-dev libdav1d7 libdbus-1-3 libde265-0
#6 15.76   libde265-dev libdjvulibre-dev libdjvulibre-text libdjvulibre21 libdpkg-perl
#6 15.76   libexif-dev libexif-doc libexif12 libfakeroot libfftw3-double3
#6 15.76   libfile-fcntllock-perl libfontconfig1-dev libfreexl-dev libfreexl1
#6 15.76   libfyba-dev libfyba0t64 libgdal-dev libgdal34t64 libgdk-pixbuf-2.0-0
#6 15.76   libgdk-pixbuf-2.0-dev libgdk-pixbuf2.0-bin libgdk-pixbuf2.0-common
#6 15.76   libgeos-c1t64 libgeos-dev libgeos3.12.1t64 libgeotiff-dev libgeotiff5
#6 15.76   libgif-dev libgif7 libgirepository-1.0-1 libgirepository-1.0-dev
#6 15.76   libgirepository1.0-dev libgs-common libgs10 libgs10-common libhdf4-0-alt
#6 15.76   libhdf4-alt-dev libhdf5-103-1t64 libhdf5-cpp-103-1t64 libhdf5-dev
#6 15.76   libhdf5-fortran-102t64 libhdf5-hl-100t64 libhdf5-hl-cpp-100t64
#6 15.76   libhdf5-hl-fortran-100t64 libheif-dev libheif-plugin-aomdec
#6 15.76   libheif-plugin-aomenc libheif1 libidn12 libijs-0.35 libimath-3-1-29t64
#6 15.76   libimath-dev libjbig2dec0 libjson-c-dev libjson-c5 libjsoncpp25 libjxr-tools
#6 15.76   libjxr0t64 libkml-dev libkmlbase1t64 libkmlconvenience1t64 libkmldom1t64
#6 15.76   libkmlengine1t64 libkmlregionator1t64 libkmlxsd1t64 libksba8 liblcms2-2
#6 15.76   liblcms2-dev liblocale-gettext-perl liblqr-1-0 liblqr-1-0-dev libltdl-dev
#6 15.76   liblz4-dev libmagick++-6-headers libmagick++-6.q16-9t64
#6 15.76   libmagick++-6.q16-dev libmagick++-dev libmagickcore-6-arch-config
#6 15.76   libmagickcore-6-headers libmagickcore-6.q16-7-extra libmagickcore-6.q16-7t64
#6 15.76   libmagickcore-6.q16-dev libmagickwand-6-headers libmagickwand-6.q16-7t64
#6 15.76   libmagickwand-6.q16-dev libminizip-dev libminizip1t64 libnetcdf-dev
#6 15.76   libnetcdf19t64 libnspr4 libnss3 libnuma1 libogdi-dev libogdi4.1
#6 15.76   libopenexr-3-1-30 libopenexr-dev libopenjp2-7 libopenjp2-7-dev
#6 15.76   libpaper-utils libpaper1 libpoppler-dev libpoppler-private-dev libpoppler134
#6 15.76   libproj-dev libproj25 libqhull-dev libqhull-r8.0 libqhull8.0 libqhullcpp8.0
#6 15.76   libraw23t64 librhash0 librsvg2-2 librsvg2-common librsvg2-dev librttopo-dev
#6 15.76   librttopo1 libsnappy1v5 libsodium-dev libsodium23 libspatialite-dev
#6 15.76   libspatialite8t64 libsuperlu-dev libsuperlu6 libsz2 libtirpc-common
#6 15.76   libtirpc-dev libtirpc3t64 libtool libudunits2-0 libudunits2-data
#6 15.76   libudunits2-dev liburiparser-dev liburiparser1 libuv1t64 libwmf-0.2-7
#6 15.76   libwmf-dev libwmflite-0.2-7 libx265-199 libx265-dev libxerces-c-dev
#6 15.76   libxerces-c3.2t64 libxt-dev libyaml-0-2 lto-disabled-list m4 patch
#6 15.76   pinentry-curses poppler-data proj-bin proj-data python3-mako
#6 15.76   python3-markdown python3-markupsafe python3-pygments python3-setuptools
#6 15.76   python3-yaml ucf
#6 15.76 The following packages will be upgraded:
#6 15.76   dpkg gpgv libcurl3t64-gnutls libcurl4-openssl-dev libcurl4t64
#6 15.76   libfreetype-dev libfreetype6 libpng-dev libpng16-16t64 libssl-dev libssl3t64
#6 15.76   libtiff-dev libtiff-doc libtiff-opengl libtiff-tools libtiff5-dev libtiff6
#6 15.76   libtiffxx6 libxml2 libxml2-dev openssl
#6 16.35 21 upgraded, 223 newly installed, 0 to remove and 134 not upgraded.
#6 16.35 Need to get 124 MB of archives.
#6 16.35 After this operation, 596 MB of additional disk space will be used.
#6 16.35 Get:1 http://archive.ubuntu.com/ubuntu noble-updates/main amd64 dpkg amd64 1.22.6ubuntu6.6 [1,282 kB]
#6 18.82 Get:2 http://archive.ubuntu.com/ubuntu noble/main amd64 liblocale-gettext-perl amd64 1.07-6ubuntu5 [15.8 kB]
#6 18.82 Get:3 http://archive.ubuntu.com/ubuntu noble/main amd64 fonts-droid-fallback all 1:6.0.1r16-1.1build1 [1,805 kB]
#6 19.72 Get:4 http://archive.ubuntu.com/ubuntu noble/universe amd64 imagemagick-6-common all 8:6.9.12.98+dfsg1-5.2build2 [69.5 kB]
#6 19.73 Get:5 http://archive.ubuntu.com/ubuntu noble/universe amd64 libmagickcore-6-headers all 8:6.9.12.98+dfsg1-5.2build2 [52.4 kB]
#6 19.73 Get:6 http://archive.ubuntu.com/ubuntu noble/universe amd64 libmagickwand-6-headers all 8:6.9.12.98+dfsg1-5.2build2 [10.2 kB]
#6 19.73 Get:7 http://archive.ubuntu.com/ubuntu noble/universe amd64 libmagick++-6-headers all 8:6.9.12.98+dfsg1-5.2build2 [48.2 kB]
#6 19.74 Get:8 http://archive.ubuntu.com/ubuntu noble/main amd64 libfftw3-double3 amd64 3.3.10-1ubuntu3 [838 kB]
#6 20.15 Get:9 http://archive.ubuntu.com/ubuntu noble-updates/main amd64 libpng-dev amd64 1.6.43-5ubuntu0.6 [265 kB]
#6 20.17 Get:10 http://archive.ubuntu.com/ubuntu noble-updates/main amd64 libpng16-16t64 amd64 1.6.43-5ubuntu0.6 [189 kB]
#6 20.21 Get:11 http://archive.ubuntu.com/ubuntu noble-updates/main amd64 libfreetype-dev amd64 2.13.2+dfsg-1ubuntu0.1 [575 kB]
#6 20.42 Get:12 http://archive.ubuntu.com/ubuntu noble-updates/main amd64 libfreetype6 amd64 2.13.2+dfsg-1ubuntu0.1 [402 kB]
#6 20.76 Get:13 http://archive.ubuntu.com/ubuntu noble-updates/main amd64 libaom3 amd64 3.8.2-2ubuntu0.1 [1,941 kB]
#6 21.24 Get:14 http://archive.ubuntu.com/ubuntu noble-updates/main amd64 libheif-plugin-aomdec amd64 1.17.6-1ubuntu4.6 [11.3 kB]
#6 21.25 Get:15 http://archive.ubuntu.com/ubuntu noble-updates/main amd64 libheif1 amd64 1.17.6-1ubuntu4.6 [276 kB]
#6 21.33 Get:16 http://archive.ubuntu.com/ubuntu noble-updates/main amd64 liblcms2-2 amd64 2.14-2ubuntu0.1 [161 kB]
#6 21.38 Get:17 http://archive.ubuntu.com/ubuntu noble/universe amd64 liblqr-1-0 amd64 0.4.2-2.1build2 [28.5 kB]
#6 21.39 Get:18 http://archive.ubuntu.com/ubuntu noble-updates/main amd64 libopenjp2-7 amd64 2.5.0-2ubuntu0.5 [174 kB]
#6 21.43 Get:19 http://archive.ubuntu.com/ubuntu noble-updates/main amd64 libraw23t64 amd64 0.21.2-2.1ubuntu0.24.04.2 [379 kB]
#6 21.52 Get:20 http://archive.ubuntu.com/ubuntu noble-updates/main amd64 libtiff-dev amd64 4.5.1+git230720-4ubuntu2.5 [338 kB]
#6 21.60 Get:21 http://archive.ubuntu.com/ubuntu noble-updates/main amd64 libtiffxx6 amd64 4.5.1+git230720-4ubuntu2.5 [5,642 B]
#6 21.61 Get:22 http://archive.ubuntu.com/ubuntu noble-updates/main amd64 libtiff6 amd64 4.5.1+git230720-4ubuntu2.5 [200 kB]
#6 21.65 Get:23 http://archive.ubuntu.com/ubuntu noble-updates/main amd64 libxml2-dev amd64 2.9.14+dfsg-1.3ubuntu3.8 [782 kB]
#6 21.84 Get:24 http://archive.ubuntu.com/ubuntu noble-updates/main amd64 libxml2 amd64 2.9.14+dfsg-1.3ubuntu3.8 [764 kB]
#6 22.02 Get:25 http://archive.ubuntu.com/ubuntu noble/universe amd64 libmagickcore-6.q16-7t64 amd64 8:6.9.12.98+dfsg1-5.2build2 [1,811 kB]
#6 22.46 Get:26 http://archive.ubuntu.com/ubuntu noble/universe amd64 libmagickwand-6.q16-7t64 amd64 8:6.9.12.98+dfsg1-5.2build2 [318 kB]
#6 22.53 Get:27 http://archive.ubuntu.com/ubuntu noble/universe amd64 libmagick++-6.q16-9t64 amd64 8:6.9.12.98+dfsg1-5.2build2 [148 kB]
#6 22.57 Get:28 http://archive.ubuntu.com/ubuntu noble/universe amd64 libmagickcore-6-arch-config amd64 8:6.9.12.98+dfsg1-5.2build2 [28.0 kB]
#6 22.57 Get:29 http://archive.ubuntu.com/ubuntu noble-updates/main amd64 libdjvulibre-text all 3.5.28-2ubuntu0.24.04.2 [51.1 kB]
#6 22.58 Get:30 http://archive.ubuntu.com/ubuntu noble-updates/main amd64 libdjvulibre21 amd64 3.5.28-2ubuntu0.24.04.2 [638 kB]
#6 22.72 Get:31 http://archive.ubuntu.com/ubuntu noble/universe amd64 libimath-3-1-29t64 amd64 3.1.9-3.1ubuntu2 [72.2 kB]
#6 22.73 Get:32 http://archive.ubuntu.com/ubuntu noble/universe amd64 libopenexr-3-1-30 amd64 3.1.5-5.1build3 [1,004 kB]
#6 22.95 Get:33 http://archive.ubuntu.com/ubuntu noble/main amd64 libwmflite-0.2-7 amd64 0.2.13-1.1build3 [68.6 kB]
#6 22.96 Get:34 http://archive.ubuntu.com/ubuntu noble/universe amd64 libmagickcore-6.q16-7-extra amd64 8:6.9.12.98+dfsg1-5.2build2 [70.1 kB]
#6 22.97 Get:35 http://archive.ubuntu.com/ubuntu noble-updates/main amd64 libdjvulibre-dev amd64 3.5.28-2ubuntu0.24.04.2 [2,484 kB]
#6 23.50 Get:36 http://archive.ubuntu.com/ubuntu noble-updates/main amd64 libexif12 amd64 0.6.24-1ubuntu0.24.04.1 [88.3 kB]
#6 23.51 Get:37 http://archive.ubuntu.com/ubuntu noble-updates/main amd64 libexif-dev amd64 0.6.24-1ubuntu0.24.04.1 [110 kB]
#6 23.53 Get:38 http://archive.ubuntu.com/ubuntu noble-updates/main amd64 libopenjp2-7-dev amd64 2.5.0-2ubuntu0.5 [258 kB]
#6 23.59 Get:39 http://archive.ubuntu.com/ubuntu noble-updates/main amd64 liblcms2-dev amd64 2.14-2ubuntu0.1 [1,809 kB]
#6 23.97 Get:40 http://archive.ubuntu.com/ubuntu noble/universe amd64 liblqr-1-0-dev amd64 0.4.2-2.1build2 [68.7 kB]
#6 23.98 Get:41 http://archive.ubuntu.com/ubuntu noble/main amd64 m4 amd64 1.4.19-4build1 [244 kB]
#6 24.03 Get:42 http://archive.ubuntu.com/ubuntu noble/main amd64 autoconf all 2.71-3 [339 kB]
#6 24.10 Get:43 http://archive.ubuntu.com/ubuntu noble/main amd64 autotools-dev all 20220109.1 [44.9 kB]
#6 24.11 Get:44 http://archive.ubuntu.com/ubuntu noble/main amd64 automake all 1:1.16.5-1.3ubuntu1 [558 kB]
#6 24.23 Get:45 http://archive.ubuntu.com/ubuntu noble/main amd64 libltdl-dev amd64 2.4.7-7build1 [168 kB]
#6 24.26 Get:46 http://archive.ubuntu.com/ubuntu noble/universe amd64 libimath-dev amd64 3.1.9-3.1ubuntu2 [115 kB]
#6 24.29 Get:47 http://archive.ubuntu.com/ubuntu noble/universe amd64 libopenexr-dev amd64 3.1.5-5.1build3 [106 kB]
#6 24.31 Get:48 http://archive.ubuntu.com/ubuntu noble-updates/main amd64 libgdk-pixbuf2.0-common all 2.42.10+dfsg-3ubuntu3.3 [8,302 B]
#6 24.31 Get:49 http://archive.ubuntu.com/ubuntu noble-updates/main amd64 libgdk-pixbuf-2.0-0 amd64 2.42.10+dfsg-3ubuntu3.3 [147 kB]
#6 24.34 Get:50 http://archive.ubuntu.com/ubuntu noble-updates/main amd64 gir1.2-gdkpixbuf-2.0 amd64 2.42.10+dfsg-3ubuntu3.3 [9,482 B]
#6 24.63 Get:51 http://archive.ubuntu.com/ubuntu noble/main amd64 librsvg2-2 amd64 2.58.0+dfsg-1build1 [2,135 kB]
#6 25.36 Get:52 http://archive.ubuntu.com/ubuntu noble/main amd64 gir1.2-rsvg-2.0 amd64 2.58.0+dfsg-1build1 [11.1 kB]
#6 25.36 Get:53 http://archive.ubuntu.com/ubuntu noble-updates/main amd64 libgdk-pixbuf2.0-bin amd64 2.42.10+dfsg-3ubuntu3.3 [13.9 kB]
#6 25.36 Get:54 http://archive.ubuntu.com/ubuntu noble-updates/main amd64 libgdk-pixbuf-2.0-dev amd64 2.42.10+dfsg-3ubuntu3.3 [47.9 kB]
#6 25.36 Get:55 http://archive.ubuntu.com/ubuntu noble/main amd64 librsvg2-common amd64 2.58.0+dfsg-1build1 [11.8 kB]
#6 25.36 Get:56 http://archive.ubuntu.com/ubuntu noble/main amd64 libgirepository-1.0-1 amd64 1.80.1-1 [81.9 kB]
#6 25.37 Get:57 http://archive.ubuntu.com/ubuntu noble/main amd64 gir1.2-girepository-2.0 amd64 1.80.1-1 [24.5 kB]
#6 25.37 Get:58 http://archive.ubuntu.com/ubuntu noble/main amd64 gir1.2-girepository-2.0-dev amd64 1.80.1-1 [41.5 kB]
#6 25.37 Get:59 http://archive.ubuntu.com/ubuntu noble-updates/main amd64 libdpkg-perl all 1.22.6ubuntu6.6 [268 kB]
#6 25.37 Get:60 http://archive.ubuntu.com/ubuntu noble-updates/main amd64 bzip2 amd64 1.0.8-5.1build0.1 [34.5 kB]
#6 25.67 Get:61 http://archive.ubuntu.com/ubuntu noble/main amd64 patch amd64 2.7.6-7build3 [104 kB]
#6 25.69 Get:62 http://archive.ubuntu.com/ubuntu noble/main amd64 lto-disabled-list all 47 [12.4 kB]
#6 25.70 Get:63 http://archive.ubuntu.com/ubuntu noble-updates/main amd64 dpkg-dev all 1.22.6ubuntu6.6 [1,074 kB]
#6 26.00 Get:64 http://archive.ubuntu.com/ubuntu noble/main amd64 build-essential amd64 12.10ubuntu1 [4,928 B]
#6 26.00 Get:65 http://archive.ubuntu.com/ubuntu noble/main amd64 python3-markupsafe amd64 2.1.5-1build2 [12.7 kB]
#6 26.01 Get:66 http://archive.ubuntu.com/ubuntu noble-updates/main amd64 python3-mako all 1.3.2-1ubuntu0.1 [63.4 kB]
#6 26.02 Get:67 http://archive.ubuntu.com/ubuntu noble/main amd64 python3-markdown all 3.5.2-1 [72.0 kB]
#6 26.03 Get:68 http://archive.ubuntu.com/ubuntu noble-updates/main amd64 python3-setuptools all 68.1.2-2ubuntu1.2 [397 kB]
#6 26.12 Get:69 http://archive.ubuntu.com/ubuntu noble/main amd64 gobject-introspection-bin amd64 1.80.1-1 [254 kB]
#6 26.17 Get:70 http://archive.ubuntu.com/ubuntu noble/main amd64 gobject-introspection amd64 1.80.1-1 [105 kB]
#6 26.19 Get:71 http://archive.ubuntu.com/ubuntu noble/main amd64 libgirepository-1.0-dev amd64 1.80.1-1 [28.5 kB]
#6 26.31 Get:72 http://archive.ubuntu.com/ubuntu noble/main amd64 libgirepository1.0-dev amd64 1.80.1-1 [17.0 kB]
#6 26.32 Get:73 http://archive.ubuntu.com/ubuntu noble/universe amd64 librsvg2-dev amd64 2.58.0+dfsg-1build1 [38.0 kB]
#6 26.33 Get:74 http://archive.ubuntu.com/ubuntu noble/main amd64 libwmf-0.2-7 amd64 0.2.13-1.1build3 [92.0 kB]
#6 26.62 Get:75 http://archive.ubuntu.com/ubuntu noble/main amd64 libwmf-dev amd64 0.2.13-1.1build3 [236 kB]
#6 26.67 Get:76 http://archive.ubuntu.com/ubuntu noble/main amd64 libxt-dev amd64 1:1.2.1-1.2build1 [394 kB]
#6 26.75 Get:77 http://archive.ubuntu.com/ubuntu noble/universe amd64 libmagickcore-6.q16-dev amd64 8:6.9.12.98+dfsg1-5.2build2 [1,114 kB]
#6 26.99 Get:78 http://archive.ubuntu.com/ubuntu noble/universe amd64 libmagickwand-6.q16-dev amd64 8:6.9.12.98+dfsg1-5.2build2 [340 kB]
#6 27.31 Get:79 http://archive.ubuntu.com/ubuntu noble/universe amd64 libmagick++-6.q16-dev amd64 8:6.9.12.98+dfsg1-5.2build2 [143 kB]
#6 27.33 Get:80 http://archive.ubuntu.com/ubuntu noble/universe amd64 libmagick++-dev all 8:6.9.12.98+dfsg1-5.2build2 [1,030 B]
#6 27.33 Get:81 http://archive.ubuntu.com/ubuntu noble/main amd64 poppler-data all 0.4.12-1 [2,060 kB]
#6 27.54 Get:82 http://archive.ubuntu.com/ubuntu noble-updates/main amd64 libssl-dev amd64 3.0.13-0ubuntu3.12 [2,408 kB]
#6 28.04 Get:83 http://archive.ubuntu.com/ubuntu noble-updates/main amd64 libssl3t64 amd64 3.0.13-0ubuntu3.12 [1,942 kB]
#6 28.44 Get:84 http://archive.ubuntu.com/ubuntu noble-updates/main amd64 gpgv amd64 2.4.4-2ubuntu17.4 [158 kB]
#6 28.48 Get:85 http://archive.ubuntu.com/ubuntu noble-updates/main amd64 libdbus-1-3 amd64 1.14.10-4ubuntu4.1 [210 kB]
#6 28.52 Get:86 http://archive.ubuntu.com/ubuntu noble-updates/main amd64 dbus-bin amd64 1.14.10-4ubuntu4.1 [39.3 kB]
#6 28.53 Get:87 http://archive.ubuntu.com/ubuntu noble-updates/main amd64 dbus-session-bus-common all 1.14.10-4ubuntu4.1 [80.5 kB]
#6 28.55 Get:88 http://archive.ubuntu.com/ubuntu noble-updates/main amd64 dbus-daemon amd64 1.14.10-4ubuntu4.1 [118 kB]
#6 28.57 Get:89 http://archive.ubuntu.com/ubuntu noble-updates/main amd64 dbus-system-bus-common all 1.14.10-4ubuntu4.1 [81.6 kB]
#6 28.59 Get:90 http://archive.ubuntu.com/ubuntu noble-updates/main amd64 dbus amd64 1.14.10-4ubuntu4.1 [24.3 kB]
#6 28.59 Get:91 http://archive.ubuntu.com/ubuntu noble/main amd64 libjson-c5 amd64 0.17-1build1 [35.3 kB]
#6 28.60 Get:92 http://archive.ubuntu.com/ubuntu noble/main amd64 libtirpc-common all 1.3.4+ds-1.1build1 [8,094 B]
#6 28.79 Get:93 http://archive.ubuntu.com/ubuntu noble/main amd64 libtirpc3t64 amd64 1.3.4+ds-1.1build1 [82.6 kB]
#6 28.80 Get:94 http://archive.ubuntu.com/ubuntu noble/main amd64 libyaml-0-2 amd64 0.2.5-1build1 [51.5 kB]
#6 29.11 Get:95 http://archive.ubuntu.com/ubuntu noble-updates/main amd64 openssl amd64 3.0.13-0ubuntu3.12 [1,003 kB]
#6 29.32 Get:96 http://archive.ubuntu.com/ubuntu noble/main amd64 python3-pygments all 2.17.2+dfsg-1 [819 kB]
#6 29.49 Get:97 http://archive.ubuntu.com/ubuntu noble/main amd64 python3-yaml amd64 6.0.1-2build2 [123 kB]
#6 29.86 Get:98 http://archive.ubuntu.com/ubuntu noble/main amd64 ucf all 3.0043+nmu1 [56.5 kB]
#6 29.86 Get:99 http://archive.ubuntu.com/ubuntu noble-updates/main amd64 libnuma1 amd64 2.0.18-1ubuntu0.24.04.1 [23.4 kB]
#6 29.86 Get:100 http://archive.ubuntu.com/ubuntu noble/main amd64 libuv1t64 amd64 1.48.0-1.1build1 [97.3 kB]
#6 29.86 Get:101 http://archive.ubuntu.com/ubuntu noble-updates/main amd64 libarchive13t64 amd64 3.7.2-2ubuntu0.8 [383 kB]
#6 30.32 Get:102 http://archive.ubuntu.com/ubuntu noble-updates/main amd64 libcurl4-openssl-dev amd64 8.5.0-2ubuntu10.11 [446 kB]
#6 31.95 Get:103 http://archive.ubuntu.com/ubuntu noble-updates/main amd64 libcurl4t64 amd64 8.5.0-2ubuntu10.11 [342 kB]
#6 32.20 Get:104 http://archive.ubuntu.com/ubuntu noble/main amd64 libjsoncpp25 amd64 1.9.5-6build1 [82.8 kB]
#6 32.24 Get:105 http://archive.ubuntu.com/ubuntu noble/main amd64 librhash0 amd64 1.4.3-3build1 [129 kB]
#6 32.38 Get:106 http://archive.ubuntu.com/ubuntu noble/main amd64 cmake-data all 3.28.3-1build7 [2,155 kB]
#6 33.17 Get:107 http://archive.ubuntu.com/ubuntu noble/main amd64 cmake amd64 3.28.3-1build7 [11.2 MB]
#6 35.95 Get:108 http://archive.ubuntu.com/ubuntu noble-updates/main amd64 gpgconf amd64 2.4.4-2ubuntu17.4 [104 kB]
#6 36.51 Get:109 http://archive.ubuntu.com/ubuntu noble/main amd64 libksba8 amd64 1.6.6-1build1 [122 kB]
#6 37.64 Get:110 http://archive.ubuntu.com/ubuntu noble-updates/main amd64 dirmngr amd64 2.4.4-2ubuntu17.4 [323 kB]
#6 38.68 Get:111 http://archive.ubuntu.com/ubuntu noble/main amd64 libfakeroot amd64 1.33-1 [32.4 kB]
#6 38.73 Get:112 http://archive.ubuntu.com/ubuntu noble/main amd64 fakeroot amd64 1.33-1 [67.2 kB]
#6 38.88 Get:113 http://archive.ubuntu.com/ubuntu noble/main amd64 fonts-noto-mono all 20201225-2 [435 kB]
#6 39.29 Get:114 http://archive.ubuntu.com/ubuntu noble/universe amd64 gdal-data all 3.8.4+dfsg-3ubuntu3 [261 kB]
#6 39.37 Get:115 http://archive.ubuntu.com/ubuntu noble/universe amd64 gdal-plugins amd64 3.8.4+dfsg-3ubuntu3 [24.8 kB]
#6 39.38 Get:116 http://archive.ubuntu.com/ubuntu noble-updates/main amd64 libgs-common all 10.02.1~dfsg1-0ubuntu7.8 [176 kB]
#6 39.51 Get:117 http://archive.ubuntu.com/ubuntu noble-updates/main amd64 libgs10-common all 10.02.1~dfsg1-0ubuntu7.8 [488 kB]
#6 39.72 Get:118 http://archive.ubuntu.com/ubuntu noble-updates/main amd64 libavahi-common-data amd64 0.8-13ubuntu6.2 [30.1 kB]
#6 39.73 Get:119 http://archive.ubuntu.com/ubuntu noble-updates/main amd64 libavahi-common3 amd64 0.8-13ubuntu6.2 [23.4 kB]
#6 39.73 Get:120 http://archive.ubuntu.com/ubuntu noble-updates/main amd64 libavahi-client3 amd64 0.8-13ubuntu6.2 [26.8 kB]
#6 39.74 Get:121 http://archive.ubuntu.com/ubuntu noble-updates/main amd64 libcups2t64 amd64 2.4.7-1.2ubuntu7.14 [274 kB]
#6 39.79 Get:122 http://archive.ubuntu.com/ubuntu noble-updates/main amd64 libidn12 amd64 1.42-1ubuntu0.1 [56.1 kB]
#6 39.81 Get:123 http://archive.ubuntu.com/ubuntu noble/main amd64 libijs-0.35 amd64 0.35-15.1build1 [15.3 kB]
#6 39.82 Get:124 http://archive.ubuntu.com/ubuntu noble-updates/main amd64 libjbig2dec0 amd64 0.20-1ubuntu0.24.04.1 [65.2 kB]
#6 39.83 Get:125 http://archive.ubuntu.com/ubuntu noble/main amd64 libpaper1 amd64 1.1.29build1 [13.4 kB]
#6 39.83 Get:126 http://archive.ubuntu.com/ubuntu noble-updates/main amd64 libgs10 amd64 10.02.1~dfsg1-0ubuntu7.8 [3,897 kB]
#6 41.11 Get:127 http://archive.ubuntu.com/ubuntu noble-updates/main amd64 ghostscript amd64 10.02.1~dfsg1-0ubuntu7.8 [43.4 kB]
#6 41.12 Get:128 http://archive.ubuntu.com/ubuntu noble-updates/main amd64 gnupg-utils amd64 2.4.4-2ubuntu17.4 [109 kB]
#6 41.12 Get:129 http://archive.ubuntu.com/ubuntu noble-updates/main amd64 gpg amd64 2.4.4-2ubuntu17.4 [565 kB]
#6 41.13 Get:130 http://archive.ubuntu.com/ubuntu noble/main amd64 pinentry-curses amd64 1.2.1-3ubuntu5 [35.2 kB]
#6 41.13 Get:131 http://archive.ubuntu.com/ubuntu noble-updates/main amd64 gpg-agent amd64 2.4.4-2ubuntu17.4 [227 kB]
#6 41.14 Get:132 http://archive.ubuntu.com/ubuntu noble-updates/main amd64 gpgsm amd64 2.4.4-2ubuntu17.4 [232 kB]
#6 41.14 Get:133 http://archive.ubuntu.com/ubuntu noble-updates/main amd64 keyboxd amd64 2.4.4-2ubuntu17.4 [78.3 kB]
#6 41.14 Get:134 http://archive.ubuntu.com/ubuntu noble-updates/main amd64 gnupg all 2.4.4-2ubuntu17.4 [359 kB]
#6 41.15 Get:135 http://archive.ubuntu.com/ubuntu noble-updates/main amd64 gnupg-l10n all 2.4.4-2ubuntu17.4 [66.4 kB]
#6 41.53 Get:136 http://archive.ubuntu.com/ubuntu noble-updates/main amd64 gpg-wks-client amd64 2.4.4-2ubuntu17.4 [70.8 kB]
#6 41.53 Get:137 http://archive.ubuntu.com/ubuntu noble/universe amd64 hdf5-helpers amd64 1.10.10+repack-3.1ubuntu4 [15.8 kB]
#6 41.53 Get:138 http://archive.ubuntu.com/ubuntu noble-updates/main amd64 libabsl20220623t64 amd64 20220623.1-3.1ubuntu3.2 [423 kB]
#6 41.57 Get:139 http://archive.ubuntu.com/ubuntu noble-updates/main amd64 libabsl-dev amd64 20220623.1-3.1ubuntu3.2 [1,020 kB]
#6 41.78 Get:140 http://archive.ubuntu.com/ubuntu noble/universe amd64 libaec0 amd64 1.1.2-1build1 [22.9 kB]
#6 41.78 Get:141 http://archive.ubuntu.com/ubuntu noble/main amd64 libalgorithm-diff-perl all 1.201-1 [41.8 kB]
#6 41.79 Get:142 http://archive.ubuntu.com/ubuntu noble/main amd64 libalgorithm-diff-xs-perl amd64 0.04-8build3 [11.2 kB]
#6 41.79 Get:143 http://archive.ubuntu.com/ubuntu noble/main amd64 libalgorithm-merge-perl all 0.08-5 [11.4 kB]
#6 41.79 Get:144 http://archive.ubuntu.com/ubuntu noble-updates/main amd64 libaom-dev amd64 3.8.2-2ubuntu0.1 [2,266 kB]
#6 42.27 Get:145 http://archive.ubuntu.com/ubuntu noble/universe amd64 libarpack2t64 amd64 3.9.1-1.1build2 [106 kB]
#6 42.29 Get:146 http://archive.ubuntu.com/ubuntu noble/universe amd64 libsuperlu6 amd64 6.0.1+dfsg1-1build1 [180 kB]
#6 42.33 Get:147 http://archive.ubuntu.com/ubuntu noble/universe amd64 libarmadillo12 amd64 1:12.6.7+dfsg-1build2 [106 kB]
#6 42.35 Get:148 http://archive.ubuntu.com/ubuntu noble/universe amd64 libarpack2-dev amd64 3.9.1-1.1build2 [122 kB]
#6 42.38 Get:149 http://archive.ubuntu.com/ubuntu noble/universe amd64 libsz2 amd64 1.1.2-1build1 [5,476 B]
#6 42.38 Get:150 http://archive.ubuntu.com/ubuntu noble/universe amd64 libhdf5-103-1t64 amd64 1.10.10+repack-3.1ubuntu4 [1,270 kB]
#6 42.65 Get:151 http://archive.ubuntu.com/ubuntu noble/universe amd64 libhdf5-fortran-102t64 amd64 1.10.10+repack-3.1ubuntu4 [85.2 kB]
#6 42.66 Get:152 http://archive.ubuntu.com/ubuntu noble/universe amd64 libhdf5-hl-100t64 amd64 1.10.10+repack-3.1ubuntu4 [56.0 kB]
#6 42.68 Get:153 http://archive.ubuntu.com/ubuntu noble/universe amd64 libhdf5-hl-fortran-100t64 amd64 1.10.10+repack-3.1ubuntu4 [31.5 kB]
#6 42.68 Get:154 http://archive.ubuntu.com/ubuntu noble/universe amd64 libhdf5-cpp-103-1t64 amd64 1.10.10+repack-3.1ubuntu4 [128 kB]
#6 42.71 Get:155 http://archive.ubuntu.com/ubuntu noble/universe amd64 libhdf5-hl-cpp-100t64 amd64 1.10.10+repack-3.1ubuntu4 [11.2 kB]
#6 42.96 Get:156 http://archive.ubuntu.com/ubuntu noble/universe amd64 libaec-dev amd64 1.1.2-1build1 [19.8 kB]
#6 42.96 Get:157 http://archive.ubuntu.com/ubuntu noble/universe amd64 libhdf5-dev amd64 1.10.10+repack-3.1ubuntu4 [2,777 kB]
#6 43.68 Get:158 http://archive.ubuntu.com/ubuntu noble/universe amd64 libsuperlu-dev amd64 6.0.1+dfsg1-1build1 [20.7 kB]
#6 43.68 Get:159 http://archive.ubuntu.com/ubuntu noble/universe amd64 libarmadillo-dev amd64 1:12.6.7+dfsg-1build2 [409 kB]
#6 43.68 Get:160 http://archive.ubuntu.com/ubuntu noble/main amd64 libsnappy1v5 amd64 1.1.10-1build1 [28.6 kB]
#6 43.68 Get:161 http://archive.ubuntu.com/ubuntu noble/universe amd64 libblosc1 amd64 1.21.5+ds-1build1 [36.2 kB]
#6 43.69 Get:162 http://archive.ubuntu.com/ubuntu noble/universe amd64 libblosc-dev amd64 1.21.5+ds-1build1 [43.7 kB]
#6 43.69 Get:163 http://archive.ubuntu.com/ubuntu noble-updates/main amd64 libboost1.83-dev amd64 1.83.0-2.1ubuntu3.2 [10.7 MB]
#6 45.95 Get:164 http://archive.ubuntu.com/ubuntu noble/main amd64 libboost-dev amd64 1.83.0.1ubuntu2 [4,308 B]
#6 45.95 Get:165 http://archive.ubuntu.com/ubuntu noble-updates/main amd64 libcurl3t64-gnutls amd64 8.5.0-2ubuntu10.11 [334 kB]
#6 46.01 Get:166 http://archive.ubuntu.com/ubuntu noble/universe amd64 libcfitsio10t64 amd64 4.3.1-1.1build2 [528 kB]
#6 46.12 Get:167 http://archive.ubuntu.com/ubuntu noble/universe amd64 libcfitsio-dev amd64 4.3.1-1.1build2 [598 kB]
#6 46.24 Get:168 http://archive.ubuntu.com/ubuntu noble/universe amd64 libcfitsio-doc all 4.3.1-1.1build2 [2,076 kB]
#6 46.92 Get:169 http://archive.ubuntu.com/ubuntu noble/universe amd64 libdav1d7 amd64 1.4.1-1build1 [604 kB]
#6 46.96 Get:170 http://archive.ubuntu.com/ubuntu noble/universe amd64 libdav1d-dev amd64 1.4.1-1build1 [25.3 kB]
#6 46.96 Get:171 http://archive.ubuntu.com/ubuntu noble-updates/main amd64 libde265-0 amd64 1.0.15-1ubuntu0.1 [167 kB]
#6 46.96 Get:172 http://archive.ubuntu.com/ubuntu noble-updates/main amd64 libde265-dev amd64 1.0.15-1ubuntu0.1 [12.6 kB]
#6 46.96 Get:173 http://archive.ubuntu.com/ubuntu noble-updates/main amd64 libexif-doc all 0.6.24-1ubuntu0.24.04.1 [366 kB]
#6 46.97 Get:174 http://archive.ubuntu.com/ubuntu noble/main amd64 libfile-fcntllock-perl amd64 0.22-4ubuntu5 [30.7 kB]
#6 46.97 Get:175 http://archive.ubuntu.com/ubuntu noble/main amd64 libfontconfig1-dev amd64 2.15.0-1.1ubuntu2 [1,840 B]
#6 46.97 Get:176 http://archive.ubuntu.com/ubuntu noble/universe amd64 libfyba0t64 amd64 4.1.1-11build1 [119 kB]
#6 46.97 Get:177 http://archive.ubuntu.com/ubuntu noble/universe amd64 libfyba-dev amd64 4.1.1-11build1 [178 kB]
#6 47.27 Get:178 http://archive.ubuntu.com/ubuntu noble-updates/universe amd64 libminizip1t64 amd64 1:1.3.dfsg-3.1ubuntu2.1 [22.2 kB]
#6 47.27 Get:179 http://archive.ubuntu.com/ubuntu noble/universe amd64 libfreexl1 amd64 2.0.0-1build2 [41.7 kB]
#6 47.57 Get:180 http://archive.ubuntu.com/ubuntu noble/universe amd64 libgeos3.12.1t64 amd64 3.12.1-3build1 [849 kB]
#6 47.75 Get:181 http://archive.ubuntu.com/ubuntu noble/universe amd64 libgeos-c1t64 amd64 3.12.1-3build1 [94.5 kB]
#6 47.77 Get:182 http://archive.ubuntu.com/ubuntu noble/universe amd64 proj-data all 9.4.0-1build2 [7,885 kB]
#6 49.77 Get:183 http://archive.ubuntu.com/ubuntu noble/universe amd64 libproj25 amd64 9.4.0-1build2 [1,396 kB]
#6 49.92 Get:184 http://archive.ubuntu.com/ubuntu noble/universe amd64 libgeotiff5 amd64 1.7.1-5build1 [62.9 kB]
#6 49.92 Get:185 http://archive.ubuntu.com/ubuntu noble-updates/main amd64 libgif7 amd64 5.2.2-1ubuntu1.2 [35.6 kB]
#6 49.92 Get:186 http://archive.ubuntu.com/ubuntu noble/universe amd64 libhdf4-0-alt amd64 4.2.16-4build1 [282 kB]
#6 50.13 Get:187 http://archive.ubuntu.com/ubuntu noble/universe amd64 liburiparser1 amd64 0.9.7+dfsg-2build1 [35.8 kB]
#6 50.13 Get:188 http://archive.ubuntu.com/ubuntu noble/universe amd64 libkmlbase1t64 amd64 1.3.0-12build1 [49.9 kB]
#6 50.13 Get:189 http://archive.ubuntu.com/ubuntu noble/universe amd64 libkmldom1t64 amd64 1.3.0-12build1 [156 kB]
#6 50.13 Get:190 http://archive.ubuntu.com/ubuntu noble/universe amd64 libkmlengine1t64 amd64 1.3.0-12build1 [71.4 kB]
#6 50.14 Get:191 http://archive.ubuntu.com/ubuntu noble/universe amd64 libnetcdf19t64 amd64 1:4.9.2-5ubuntu4 [473 kB]
#6 50.29 Get:192 http://archive.ubuntu.com/ubuntu noble/universe amd64 libogdi4.1 amd64 4.1.1+ds-3build1 [226 kB]
#6 50.29 Get:193 http://archive.ubuntu.com/ubuntu noble/main amd64 libnspr4 amd64 2:4.35-1.1build1 [117 kB]
#6 50.43 Get:194 http://archive.ubuntu.com/ubuntu noble-updates/main amd64 libnss3 amd64 2:3.98-1ubuntu0.2 [1,445 kB]
#6 50.74 Get:195 http://archive.ubuntu.com/ubuntu noble-updates/main amd64 libpoppler134 amd64 24.02.0-1ubuntu9.9 [1,118 kB]
#6 50.98 Get:196 http://archive.ubuntu.com/ubuntu noble/universe amd64 libqhull-r8.0 amd64 2020.2-6build1 [193 kB]
#6 51.02 Get:197 http://archive.ubuntu.com/ubuntu noble/universe amd64 librttopo1 amd64 1.1.0-3build2 [191 kB]
#6 51.06 Get:198 http://archive.ubuntu.com/ubuntu noble/universe amd64 libspatialite8t64 amd64 5.1.0-3build1 [1,919 kB]
#6 51.88 Get:199 http://archive.ubuntu.com/ubuntu noble/universe amd64 libxerces-c3.2t64 amd64 3.2.4+debian-1.2ubuntu2 [919 kB]
#6 52.07 Get:200 http://archive.ubuntu.com/ubuntu noble/universe amd64 libgdal34t64 amd64 3.8.4+dfsg-3ubuntu3 [8,346 kB]
#6 53.85 Get:201 http://archive.ubuntu.com/ubuntu noble/universe amd64 libgeos-dev amd64 3.12.1-3build1 [54.4 kB]
#6 53.86 Get:202 http://archive.ubuntu.com/ubuntu noble-updates/main amd64 libgif-dev amd64 5.2.2-1ubuntu1.2 [22.9 kB]
#6 53.86 Get:203 http://archive.ubuntu.com/ubuntu noble/universe amd64 libx265-199 amd64 3.5-2build1 [1,226 kB]
#6 54.11 Get:204 http://archive.ubuntu.com/ubuntu noble/universe amd64 libx265-dev amd64 3.5-2build1 [1,351 kB]
#6 54.40 Get:205 http://archive.ubuntu.com/ubuntu noble-updates/universe amd64 libheif-dev amd64 1.17.6-1ubuntu4.6 [41.6 kB]
#6 54.41 Get:206 http://archive.ubuntu.com/ubuntu noble-updates/main amd64 libheif-plugin-aomenc amd64 1.17.6-1ubuntu4.6 [14.7 kB]
#6 54.41 Get:207 http://archive.ubuntu.com/ubuntu noble/universe amd64 libjxr0t64 amd64 1.2~git20170615.f752187-5.1ubuntu2 [181 kB]
#6 54.45 Get:208 http://archive.ubuntu.com/ubuntu noble/universe amd64 libjxr-tools amd64 1.2~git20170615.f752187-5.1ubuntu2 [15.8 kB]
#6 54.45 Get:209 http://archive.ubuntu.com/ubuntu noble/universe amd64 libkmlconvenience1t64 amd64 1.3.0-12build1 [49.8 kB]
#6 54.94 Get:210 http://archive.ubuntu.com/ubuntu noble/universe amd64 libkmlregionator1t64 amd64 1.3.0-12build1 [21.4 kB]
#6 55.56 Get:211 http://archive.ubuntu.com/ubuntu noble/universe amd64 libkmlxsd1t64 amd64 1.3.0-12build1 [29.7 kB]
#6 55.72 Get:212 http://archive.ubuntu.com/ubuntu noble-updates/universe amd64 libminizip-dev amd64 1:1.3.dfsg-3.1ubuntu2.1 [30.2 kB]
#6 55.91 Get:213 http://archive.ubuntu.com/ubuntu noble/universe amd64 libnetcdf-dev amd64 1:4.9.2-5ubuntu4 [58.0 kB]
#6 56.07 Get:214 http://archive.ubuntu.com/ubuntu noble/main amd64 libtirpc-dev amd64 1.3.4+ds-1.1build1 [193 kB]
#6 56.50 Get:215 http://archive.ubuntu.com/ubuntu noble/universe amd64 libogdi-dev amd64 4.1.1+ds-3build1 [22.8 kB]
#6 56.51 Get:216 http://archive.ubuntu.com/ubuntu noble/main amd64 libpaper-utils amd64 1.1.29build1 [8,650 B]
#6 56.52 Get:217 http://archive.ubuntu.com/ubuntu noble-updates/main amd64 libpoppler-dev amd64 24.02.0-1ubuntu9.9 [5,204 B]
#6 56.52 Get:218 http://archive.ubuntu.com/ubuntu noble-updates/main amd64 libpoppler-private-dev amd64 24.02.0-1ubuntu9.9 [197 kB]
#6 56.84 Get:219 http://archive.ubuntu.com/ubuntu noble/universe amd64 libqhull8.0 amd64 2020.2-6build1 [192 kB]
#6 56.93 Get:220 http://archive.ubuntu.com/ubuntu noble/universe amd64 libqhullcpp8.0 amd64 2020.2-6build1 [51.7 kB]
#6 56.95 Get:221 http://archive.ubuntu.com/ubuntu noble/universe amd64 libqhull-dev amd64 2020.2-6build1 [496 kB]
#6 57.29 Get:222 http://archive.ubuntu.com/ubuntu noble/universe amd64 librttopo-dev amd64 1.1.0-3build2 [238 kB]
#6 57.34 Get:223 http://archive.ubuntu.com/ubuntu noble-updates/main amd64 libsodium23 amd64 1.0.18-1ubuntu0.24.04.1 [161 kB]
#6 57.38 Get:224 http://archive.ubuntu.com/ubuntu noble-updates/main amd64 libsodium-dev amd64 1.0.18-1ubuntu0.24.04.1 [185 kB]
#6 57.50 Get:225 http://archive.ubuntu.com/ubuntu noble-updates/main amd64 libtiff-doc all 4.5.1+git230720-4ubuntu2.5 [563 kB]
#6 57.69 Get:226 http://archive.ubuntu.com/ubuntu noble-updates/universe amd64 libtiff-opengl amd64 4.5.1+git230720-4ubuntu2.5 [10.4 kB]
#6 57.69 Get:227 http://archive.ubuntu.com/ubuntu noble-updates/universe amd64 libtiff-tools amd64 4.5.1+git230720-4ubuntu2.5 [204 kB]
#6 57.74 Get:228 http://archive.ubuntu.com/ubuntu noble-updates/main amd64 libtiff5-dev amd64 4.5.1+git230720-4ubuntu2.5 [2,162 B]
#6 57.74 Get:229 http://archive.ubuntu.com/ubuntu noble/main amd64 libtool all 2.4.7-7build1 [166 kB]
#6 57.77 Get:230 http://archive.ubuntu.com/ubuntu noble/universe amd64 libudunits2-data all 2.2.28-7build1 [19.4 kB]
#6 57.77 Get:231 http://archive.ubuntu.com/ubuntu noble/universe amd64 libudunits2-0 amd64 2.2.28-7build1 [54.1 kB]
#6 58.09 Get:232 http://archive.ubuntu.com/ubuntu noble/universe amd64 libudunits2-dev amd64 2.2.28-7build1 [359 kB]
#6 58.10 Get:233 http://archive.ubuntu.com/ubuntu noble/universe amd64 liburiparser-dev amd64 0.9.7+dfsg-2build1 [15.0 kB]
#6 58.10 Get:234 http://archive.ubuntu.com/ubuntu noble/universe amd64 libxerces-c-dev amd64 3.2.4+debian-1.2ubuntu2 [1,815 kB]
#6 58.66 Get:235 http://archive.ubuntu.com/ubuntu noble/universe amd64 libfreexl-dev amd64 2.0.0-1build2 [43.8 kB]
#6 58.67 Get:236 http://archive.ubuntu.com/ubuntu noble/universe amd64 libproj-dev amd64 9.4.0-1build2 [75.9 kB]
#6 58.68 Get:237 http://archive.ubuntu.com/ubuntu noble/universe amd64 libgeotiff-dev amd64 1.7.1-5build1 [88.7 kB]
#6 58.73 Get:238 http://archive.ubuntu.com/ubuntu noble/universe amd64 libhdf4-alt-dev amd64 4.2.16-4build1 [387 kB]
#6 58.78 Get:239 http://archive.ubuntu.com/ubuntu noble/main amd64 libjson-c-dev amd64 0.17-1build1 [63.6 kB]
#6 58.79 Get:240 http://archive.ubuntu.com/ubuntu noble/universe amd64 libkml-dev amd64 1.3.0-12build1 [659 kB]
#6 58.87 Get:241 http://archive.ubuntu.com/ubuntu noble-updates/main amd64 liblz4-dev amd64 1.9.4-1build1.1 [87.6 kB]
#6 58.88 Get:242 http://archive.ubuntu.com/ubuntu noble/universe amd64 libspatialite-dev amd64 5.1.0-3build1 [2,331 kB]
#6 59.51 Get:243 http://archive.ubuntu.com/ubuntu noble/universe amd64 libgdal-dev amd64 3.8.4+dfsg-3ubuntu3 [211 kB]
#6 59.51 Get:244 http://archive.ubuntu.com/ubuntu noble/universe amd64 proj-bin amd64 9.4.0-1build2 [164 kB]
#6 60.07 debconf: delaying package configuration, since apt-utils is not installed
#6 60.15 Fetched 124 MB in 44s (2,829 kB/s)
#6 60.20 (Reading database ... (Reading database ... 5%(Reading database ... 10%(Reading database ... 15%(Reading database ... 20%(Reading database ... 25%(Reading database ... 30%(Reading database ... 35%(Reading database ... 40%(Reading database ... 45%(Reading database ... 50%(Reading database ... 55%(Reading database ... 60%(Reading database ... 65%(Reading database ... 70%(Reading database ... 75%(Reading database ... 80%(Reading database ... 85%(Reading database ... 90%(Reading database ... 95%(Reading database ... 100%(Reading database ... 27485 files and directories currently installed.)
#6 60.28 Preparing to unpack .../dpkg_1.22.6ubuntu6.6_amd64.deb ...
#6 60.29 Unpacking dpkg (1.22.6ubuntu6.6) over (1.22.6ubuntu6.5) ...
#6 60.61 Setting up dpkg (1.22.6ubuntu6.6) ...
#6 60.98 Selecting previously unselected package liblocale-gettext-perl.
#6 60.98 (Reading database ... (Reading database ... 5%(Reading database ... 10%(Reading database ... 15%(Reading database ... 20%(Reading database ... 25%(Reading database ... 30%(Reading database ... 35%(Reading database ... 40%(Reading database ... 45%(Reading database ... 50%(Reading database ... 55%(Reading database ... 60%(Reading database ... 65%(Reading database ... 70%(Reading database ... 75%(Reading database ... 80%(Reading database ... 85%(Reading database ... 90%(Reading database ... 95%(Reading database ... 100%(Reading database ... 27485 files and directories currently installed.)
#6 61.01 Preparing to unpack .../00-liblocale-gettext-perl_1.07-6ubuntu5_amd64.deb ...
#6 61.01 Unpacking liblocale-gettext-perl (1.07-6ubuntu5) ...
#6 61.05 Selecting previously unselected package fonts-droid-fallback.
#6 61.05 Preparing to unpack .../01-fonts-droid-fallback_1%3a6.0.1r16-1.1build1_all.deb ...
#6 61.09 Unpacking fonts-droid-fallback (1:6.0.1r16-1.1build1) ...
#6 61.41 Selecting previously unselected package imagemagick-6-common.
#6 61.42 Preparing to unpack .../02-imagemagick-6-common_8%3a6.9.12.98+dfsg1-5.2build2_all.deb ...
#6 61.42 Unpacking imagemagick-6-common (8:6.9.12.98+dfsg1-5.2build2) ...
#6 61.47 Selecting previously unselected package libmagickcore-6-headers.
#6 61.47 Preparing to unpack .../03-libmagickcore-6-headers_8%3a6.9.12.98+dfsg1-5.2build2_all.deb ...
#6 61.47 Unpacking libmagickcore-6-headers (8:6.9.12.98+dfsg1-5.2build2) ...
#6 61.52 Selecting previously unselected package libmagickwand-6-headers.
#6 61.53 Preparing to unpack .../04-libmagickwand-6-headers_8%3a6.9.12.98+dfsg1-5.2build2_all.deb ...
#6 61.53 Unpacking libmagickwand-6-headers (8:6.9.12.98+dfsg1-5.2build2) ...
#6 61.56 Selecting previously unselected package libmagick++-6-headers.
#6 61.56 Preparing to unpack .../05-libmagick++-6-headers_8%3a6.9.12.98+dfsg1-5.2build2_all.deb ...
#6 61.57 Unpacking libmagick++-6-headers (8:6.9.12.98+dfsg1-5.2build2) ...
#6 61.60 Selecting previously unselected package libfftw3-double3:amd64.
#6 61.60 Preparing to unpack .../06-libfftw3-double3_3.3.10-1ubuntu3_amd64.deb ...
#6 61.60 Unpacking libfftw3-double3:amd64 (3.3.10-1ubuntu3) ...
#6 61.65 Preparing to unpack .../07-libpng-dev_1.6.43-5ubuntu0.6_amd64.deb ...
#6 61.66 Unpacking libpng-dev:amd64 (1.6.43-5ubuntu0.6) over (1.6.43-5build1) ...
#6 61.72 Preparing to unpack .../08-libpng16-16t64_1.6.43-5ubuntu0.6_amd64.deb ...
#6 61.73 Unpacking libpng16-16t64:amd64 (1.6.43-5ubuntu0.6) over (1.6.43-5build1) ...
#6 61.78 Preparing to unpack .../09-libfreetype-dev_2.13.2+dfsg-1ubuntu0.1_amd64.deb ...
#6 61.78 Unpacking libfreetype-dev:amd64 (2.13.2+dfsg-1ubuntu0.1) over (2.13.2+dfsg-1build3) ...
#6 61.93 Preparing to unpack .../10-libfreetype6_2.13.2+dfsg-1ubuntu0.1_amd64.deb ...
#6 61.94 Unpacking libfreetype6:amd64 (2.13.2+dfsg-1ubuntu0.1) over (2.13.2+dfsg-1build3) ...
#6 62.01 Selecting previously unselected package libaom3:amd64.
#6 62.02 Preparing to unpack .../11-libaom3_3.8.2-2ubuntu0.1_amd64.deb ...
#6 62.02 Unpacking libaom3:amd64 (3.8.2-2ubuntu0.1) ...
#6 62.10 Selecting previously unselected package libheif-plugin-aomdec:amd64.
#6 62.10 Preparing to unpack .../12-libheif-plugin-aomdec_1.17.6-1ubuntu4.6_amd64.deb ...
#6 62.11 Unpacking libheif-plugin-aomdec:amd64 (1.17.6-1ubuntu4.6) ...
#6 62.15 Selecting previously unselected package libheif1:amd64.
#6 62.15 Preparing to unpack .../13-libheif1_1.17.6-1ubuntu4.6_amd64.deb ...
#6 62.16 Unpacking libheif1:amd64 (1.17.6-1ubuntu4.6) ...
#6 62.27 Selecting previously unselected package liblcms2-2:amd64.
#6 62.28 Preparing to unpack .../14-liblcms2-2_2.14-2ubuntu0.1_amd64.deb ...
#6 62.31 Unpacking liblcms2-2:amd64 (2.14-2ubuntu0.1) ...
#6 62.56 Selecting previously unselected package liblqr-1-0:amd64.
#6 62.56 Preparing to unpack .../15-liblqr-1-0_0.4.2-2.1build2_amd64.deb ...
#6 62.61 Unpacking liblqr-1-0:amd64 (0.4.2-2.1build2) ...
#6 62.88 Selecting previously unselected package libopenjp2-7:amd64.
#6 62.89 Preparing to unpack .../16-libopenjp2-7_2.5.0-2ubuntu0.5_amd64.deb ...
#6 62.93 Unpacking libopenjp2-7:amd64 (2.5.0-2ubuntu0.5) ...
#6 63.24 Selecting previously unselected package libraw23t64:amd64.
#6 63.24 Preparing to unpack .../17-libraw23t64_0.21.2-2.1ubuntu0.24.04.2_amd64.deb ...
#6 63.28 Unpacking libraw23t64:amd64 (0.21.2-2.1ubuntu0.24.04.2) ...
#6 63.51 Preparing to unpack .../18-libtiff-dev_4.5.1+git230720-4ubuntu2.5_amd64.deb ...
#6 63.63 Unpacking libtiff-dev:amd64 (4.5.1+git230720-4ubuntu2.5) over (4.5.1+git230720-4ubuntu2.4) ...
#6 64.18 Preparing to unpack .../19-libtiffxx6_4.5.1+git230720-4ubuntu2.5_amd64.deb ...
#6 64.29 Unpacking libtiffxx6:amd64 (4.5.1+git230720-4ubuntu2.5) over (4.5.1+git230720-4ubuntu2.4) ...
#6 64.44 Preparing to unpack .../20-libtiff6_4.5.1+git230720-4ubuntu2.5_amd64.deb ...
#6 64.44 Unpacking libtiff6:amd64 (4.5.1+git230720-4ubuntu2.5) over (4.5.1+git230720-4ubuntu2.4) ...
#6 64.72 Preparing to unpack .../21-libxml2-dev_2.9.14+dfsg-1.3ubuntu3.8_amd64.deb ...
#6 64.79 Unpacking libxml2-dev:amd64 (2.9.14+dfsg-1.3ubuntu3.8) over (2.9.14+dfsg-1.3ubuntu3.6) ...
#6 65.67 Preparing to unpack .../22-libxml2_2.9.14+dfsg-1.3ubuntu3.8_amd64.deb ...
#6 65.69 Unpacking libxml2:amd64 (2.9.14+dfsg-1.3ubuntu3.8) over (2.9.14+dfsg-1.3ubuntu3.6) ...
#6 65.86 Selecting previously unselected package libmagickcore-6.q16-7t64:amd64.
#6 65.87 Preparing to unpack .../23-libmagickcore-6.q16-7t64_8%3a6.9.12.98+dfsg1-5.2build2_amd64.deb ...
#6 65.89 Unpacking libmagickcore-6.q16-7t64:amd64 (8:6.9.12.98+dfsg1-5.2build2) ...
#6 66.11 Selecting previously unselected package libmagickwand-6.q16-7t64:amd64.
#6 66.11 Preparing to unpack .../24-libmagickwand-6.q16-7t64_8%3a6.9.12.98+dfsg1-5.2build2_amd64.deb ...
#6 66.14 Unpacking libmagickwand-6.q16-7t64:amd64 (8:6.9.12.98+dfsg1-5.2build2) ...
#6 66.22 Selecting previously unselected package libmagick++-6.q16-9t64:amd64.
#6 66.23 Preparing to unpack .../25-libmagick++-6.q16-9t64_8%3a6.9.12.98+dfsg1-5.2build2_amd64.deb ...
#6 66.23 Unpacking libmagick++-6.q16-9t64:amd64 (8:6.9.12.98+dfsg1-5.2build2) ...
#6 66.33 Selecting previously unselected package libmagickcore-6-arch-config:amd64.
#6 66.33 Preparing to unpack .../26-libmagickcore-6-arch-config_8%3a6.9.12.98+dfsg1-5.2build2_amd64.deb ...
#6 66.34 Unpacking libmagickcore-6-arch-config:amd64 (8:6.9.12.98+dfsg1-5.2build2) ...
#6 66.42 Selecting previously unselected package libdjvulibre-text.
#6 66.43 Preparing to unpack .../27-libdjvulibre-text_3.5.28-2ubuntu0.24.04.2_all.deb ...
#6 66.43 Unpacking libdjvulibre-text (3.5.28-2ubuntu0.24.04.2) ...
#6 66.51 Selecting previously unselected package libdjvulibre21:amd64.
#6 66.52 Preparing to unpack .../28-libdjvulibre21_3.5.28-2ubuntu0.24.04.2_amd64.deb ...
#6 66.52 Unpacking libdjvulibre21:amd64 (3.5.28-2ubuntu0.24.04.2) ...
#6 66.59 Selecting previously unselected package libimath-3-1-29t64:amd64.
#6 66.60 Preparing to unpack .../29-libimath-3-1-29t64_3.1.9-3.1ubuntu2_amd64.deb ...
#6 66.60 Unpacking libimath-3-1-29t64:amd64 (3.1.9-3.1ubuntu2) ...
#6 66.65 Selecting previously unselected package libopenexr-3-1-30:amd64.
#6 66.66 Preparing to unpack .../30-libopenexr-3-1-30_3.1.5-5.1build3_amd64.deb ...
#6 66.66 Unpacking libopenexr-3-1-30:amd64 (3.1.5-5.1build3) ...
#6 66.76 Selecting previously unselected package libwmflite-0.2-7:amd64.
#6 66.76 Preparing to unpack .../31-libwmflite-0.2-7_0.2.13-1.1build3_amd64.deb ...
#6 66.77 Unpacking libwmflite-0.2-7:amd64 (0.2.13-1.1build3) ...
#6 66.81 Selecting previously unselected package libmagickcore-6.q16-7-extra:amd64.
#6 66.82 Preparing to unpack .../32-libmagickcore-6.q16-7-extra_8%3a6.9.12.98+dfsg1-5.2build2_amd64.deb ...
#6 66.82 Unpacking libmagickcore-6.q16-7-extra:amd64 (8:6.9.12.98+dfsg1-5.2build2) ...
#6 66.87 Selecting previously unselected package libdjvulibre-dev:amd64.
#6 66.88 Preparing to unpack .../33-libdjvulibre-dev_3.5.28-2ubuntu0.24.04.2_amd64.deb ...
#6 66.88 Unpacking libdjvulibre-dev:amd64 (3.5.28-2ubuntu0.24.04.2) ...
#6 66.99 Selecting previously unselected package libexif12:amd64.
#6 67.00 Preparing to unpack .../34-libexif12_0.6.24-1ubuntu0.24.04.1_amd64.deb ...
#6 67.00 Unpacking libexif12:amd64 (0.6.24-1ubuntu0.24.04.1) ...
#6 67.05 Selecting previously unselected package libexif-dev:amd64.
#6 67.05 Preparing to unpack .../35-libexif-dev_0.6.24-1ubuntu0.24.04.1_amd64.deb ...
#6 67.05 Unpacking libexif-dev:amd64 (0.6.24-1ubuntu0.24.04.1) ...
#6 67.10 Selecting previously unselected package libopenjp2-7-dev:amd64.
#6 67.11 Preparing to unpack .../36-libopenjp2-7-dev_2.5.0-2ubuntu0.5_amd64.deb ...
#6 67.11 Unpacking libopenjp2-7-dev:amd64 (2.5.0-2ubuntu0.5) ...
#6 67.16 Selecting previously unselected package liblcms2-dev:amd64.
#6 67.17 Preparing to unpack .../37-liblcms2-dev_2.14-2ubuntu0.1_amd64.deb ...
#6 67.17 Unpacking liblcms2-dev:amd64 (2.14-2ubuntu0.1) ...
#6 67.21 Selecting previously unselected package liblqr-1-0-dev:amd64.
#6 67.22 Preparing to unpack .../38-liblqr-1-0-dev_0.4.2-2.1build2_amd64.deb ...
#6 67.22 Unpacking liblqr-1-0-dev:amd64 (0.4.2-2.1build2) ...
#6 67.27 Selecting previously unselected package m4.
#6 67.27 Preparing to unpack .../39-m4_1.4.19-4build1_amd64.deb ...
#6 67.27 Unpacking m4 (1.4.19-4build1) ...
#6 67.32 Selecting previously unselected package autoconf.
#6 67.33 Preparing to unpack .../40-autoconf_2.71-3_all.deb ...
#6 67.33 Unpacking autoconf (2.71-3) ...
#6 67.39 Selecting previously unselected package autotools-dev.
#6 67.40 Preparing to unpack .../41-autotools-dev_20220109.1_all.deb ...
#6 67.40 Unpacking autotools-dev (20220109.1) ...
#6 67.45 Selecting previously unselected package automake.
#6 67.46 Preparing to unpack .../42-automake_1%3a1.16.5-1.3ubuntu1_all.deb ...
#6 67.47 Unpacking automake (1:1.16.5-1.3ubuntu1) ...
#6 67.76 Selecting previously unselected package libltdl-dev:amd64.
#6 67.77 Preparing to unpack .../43-libltdl-dev_2.4.7-7build1_amd64.deb ...
#6 67.81 Unpacking libltdl-dev:amd64 (2.4.7-7build1) ...
#6 68.07 Selecting previously unselected package libimath-dev:amd64.
#6 68.08 Preparing to unpack .../44-libimath-dev_3.1.9-3.1ubuntu2_amd64.deb ...
#6 68.12 Unpacking libimath-dev:amd64 (3.1.9-3.1ubuntu2) ...
#6 68.42 Selecting previously unselected package libopenexr-dev.
#6 68.42 Preparing to unpack .../45-libopenexr-dev_3.1.5-5.1build3_amd64.deb ...
#6 68.53 Unpacking libopenexr-dev (3.1.5-5.1build3) ...
#6 68.78 Selecting previously unselected package libgdk-pixbuf2.0-common.
#6 68.79 Preparing to unpack .../46-libgdk-pixbuf2.0-common_2.42.10+dfsg-3ubuntu3.3_all.deb ...
#6 68.83 Unpacking libgdk-pixbuf2.0-common (2.42.10+dfsg-3ubuntu3.3) ...
#6 69.12 Selecting previously unselected package libgdk-pixbuf-2.0-0:amd64.
#6 69.13 Preparing to unpack .../47-libgdk-pixbuf-2.0-0_2.42.10+dfsg-3ubuntu3.3_amd64.deb ...
#6 69.16 Unpacking libgdk-pixbuf-2.0-0:amd64 (2.42.10+dfsg-3ubuntu3.3) ...
#6 69.42 Selecting previously unselected package gir1.2-gdkpixbuf-2.0:amd64.
#6 69.43 Preparing to unpack .../48-gir1.2-gdkpixbuf-2.0_2.42.10+dfsg-3ubuntu3.3_amd64.deb ...
#6 69.46 Unpacking gir1.2-gdkpixbuf-2.0:amd64 (2.42.10+dfsg-3ubuntu3.3) ...
#6 69.77 Selecting previously unselected package librsvg2-2:amd64.
#6 69.77 Preparing to unpack .../49-librsvg2-2_2.58.0+dfsg-1build1_amd64.deb ...
#6 69.81 Unpacking librsvg2-2:amd64 (2.58.0+dfsg-1build1) ...
#6 69.92 Selecting previously unselected package gir1.2-rsvg-2.0:amd64.
#6 69.93 Preparing to unpack .../50-gir1.2-rsvg-2.0_2.58.0+dfsg-1build1_amd64.deb ...
#6 69.93 Unpacking gir1.2-rsvg-2.0:amd64 (2.58.0+dfsg-1build1) ...
#6 69.98 Selecting previously unselected package libgdk-pixbuf2.0-bin.
#6 69.99 Preparing to unpack .../51-libgdk-pixbuf2.0-bin_2.42.10+dfsg-3ubuntu3.3_amd64.deb ...
#6 70.03 Unpacking libgdk-pixbuf2.0-bin (2.42.10+dfsg-3ubuntu3.3) ...
#6 70.23 Selecting previously unselected package libgdk-pixbuf-2.0-dev:amd64.
#6 70.24 Preparing to unpack .../52-libgdk-pixbuf-2.0-dev_2.42.10+dfsg-3ubuntu3.3_amd64.deb ...
#6 70.27 Unpacking libgdk-pixbuf-2.0-dev:amd64 (2.42.10+dfsg-3ubuntu3.3) ...
#6 70.52 Selecting previously unselected package librsvg2-common:amd64.
#6 70.52 Preparing to unpack .../53-librsvg2-common_2.58.0+dfsg-1build1_amd64.deb ...
#6 70.56 Unpacking librsvg2-common:amd64 (2.58.0+dfsg-1build1) ...
#6 70.83 Selecting previously unselected package libgirepository-1.0-1:amd64.
#6 70.83 Preparing to unpack .../54-libgirepository-1.0-1_1.80.1-1_amd64.deb ...
#6 70.87 Unpacking libgirepository-1.0-1:amd64 (1.80.1-1) ...
#6 71.11 Selecting previously unselected package gir1.2-girepository-2.0:amd64.
#6 71.11 Preparing to unpack .../55-gir1.2-girepository-2.0_1.80.1-1_amd64.deb ...
#6 71.15 Unpacking gir1.2-girepository-2.0:amd64 (1.80.1-1) ...
#6 71.37 Selecting previously unselected package gir1.2-girepository-2.0-dev:amd64.
#6 71.38 Preparing to unpack .../56-gir1.2-girepository-2.0-dev_1.80.1-1_amd64.deb ...
#6 71.42 Unpacking gir1.2-girepository-2.0-dev:amd64 (1.80.1-1) ...
#6 71.63 Selecting previously unselected package libdpkg-perl.
#6 71.63 Preparing to unpack .../57-libdpkg-perl_1.22.6ubuntu6.6_all.deb ...
#6 71.67 Unpacking libdpkg-perl (1.22.6ubuntu6.6) ...
#6 71.91 Selecting previously unselected package bzip2.
#6 71.92 Preparing to unpack .../58-bzip2_1.0.8-5.1build0.1_amd64.deb ...
#6 71.96 Unpacking bzip2 (1.0.8-5.1build0.1) ...
#6 72.16 Selecting previously unselected package patch.
#6 72.16 Preparing to unpack .../59-patch_2.7.6-7build3_amd64.deb ...
#6 72.17 Unpacking patch (2.7.6-7build3) ...
#6 72.23 Selecting previously unselected package lto-disabled-list.
#6 72.23 Preparing to unpack .../60-lto-disabled-list_47_all.deb ...
#6 72.24 Unpacking lto-disabled-list (47) ...
#6 72.30 Selecting previously unselected package dpkg-dev.
#6 72.31 Preparing to unpack .../61-dpkg-dev_1.22.6ubuntu6.6_all.deb ...
#6 72.31 Unpacking dpkg-dev (1.22.6ubuntu6.6) ...
#6 72.38 Selecting previously unselected package build-essential.
#6 72.38 Preparing to unpack .../62-build-essential_12.10ubuntu1_amd64.deb ...
#6 72.38 Unpacking build-essential (12.10ubuntu1) ...
#6 72.41 Selecting previously unselected package python3-markupsafe.
#6 72.41 Preparing to unpack .../63-python3-markupsafe_2.1.5-1build2_amd64.deb ...
#6 72.42 Unpacking python3-markupsafe (2.1.5-1build2) ...
#6 72.45 Selecting previously unselected package python3-mako.
#6 72.46 Preparing to unpack .../64-python3-mako_1.3.2-1ubuntu0.1_all.deb ...
#6 72.46 Unpacking python3-mako (1.3.2-1ubuntu0.1) ...
#6 72.50 Selecting previously unselected package python3-markdown.
#6 72.51 Preparing to unpack .../65-python3-markdown_3.5.2-1_all.deb ...
#6 72.51 Unpacking python3-markdown (3.5.2-1) ...
#6 72.55 Selecting previously unselected package python3-setuptools.
#6 72.55 Preparing to unpack .../66-python3-setuptools_68.1.2-2ubuntu1.2_all.deb ...
#6 72.55 Unpacking python3-setuptools (68.1.2-2ubuntu1.2) ...
#6 72.62 Selecting previously unselected package gobject-introspection-bin.
#6 72.62 Preparing to unpack .../67-gobject-introspection-bin_1.80.1-1_amd64.deb ...
#6 72.63 Unpacking gobject-introspection-bin (1.80.1-1) ...
#6 72.68 Selecting previously unselected package gobject-introspection:amd64.
#6 72.69 Preparing to unpack .../68-gobject-introspection_1.80.1-1_amd64.deb ...
#6 72.69 Unpacking gobject-introspection:amd64 (1.80.1-1) ...
#6 72.73 Selecting previously unselected package libgirepository-1.0-dev:amd64.
#6 72.73 Preparing to unpack .../69-libgirepository-1.0-dev_1.80.1-1_amd64.deb ...
#6 72.74 Unpacking libgirepository-1.0-dev:amd64 (1.80.1-1) ...
#6 72.77 Selecting previously unselected package libgirepository1.0-dev.
#6 72.77 Preparing to unpack .../70-libgirepository1.0-dev_1.80.1-1_amd64.deb ...
#6 72.77 Unpacking libgirepository1.0-dev (1.80.1-1) ...
#6 72.80 Selecting previously unselected package librsvg2-dev:amd64.
#6 72.80 Preparing to unpack .../71-librsvg2-dev_2.58.0+dfsg-1build1_amd64.deb ...
#6 72.81 Unpacking librsvg2-dev:amd64 (2.58.0+dfsg-1build1) ...
#6 72.84 Selecting previously unselected package libwmf-0.2-7:amd64.
#6 72.85 Preparing to unpack .../72-libwmf-0.2-7_0.2.13-1.1build3_amd64.deb ...
#6 72.85 Unpacking libwmf-0.2-7:amd64 (0.2.13-1.1build3) ...
#6 72.88 Selecting previously unselected package libwmf-dev.
#6 72.89 Preparing to unpack .../73-libwmf-dev_0.2.13-1.1build3_amd64.deb ...
#6 72.89 Unpacking libwmf-dev (0.2.13-1.1build3) ...
#6 72.94 Selecting previously unselected package libxt-dev:amd64.
#6 72.94 Preparing to unpack .../74-libxt-dev_1%3a1.2.1-1.2build1_amd64.deb ...
#6 72.95 Unpacking libxt-dev:amd64 (1:1.2.1-1.2build1) ...
#6 73.00 Selecting previously unselected package libmagickcore-6.q16-dev:amd64.
#6 73.01 Preparing to unpack .../75-libmagickcore-6.q16-dev_8%3a6.9.12.98+dfsg1-5.2build2_amd64.deb ...
#6 73.01 Unpacking libmagickcore-6.q16-dev:amd64 (8:6.9.12.98+dfsg1-5.2build2) ...
#6 73.08 Selecting previously unselected package libmagickwand-6.q16-dev:amd64.
#6 73.08 Preparing to unpack .../76-libmagickwand-6.q16-dev_8%3a6.9.12.98+dfsg1-5.2build2_amd64.deb ...
#6 73.08 Unpacking libmagickwand-6.q16-dev:amd64 (8:6.9.12.98+dfsg1-5.2build2) ...
#6 73.13 Selecting previously unselected package libmagick++-6.q16-dev:amd64.
#6 73.14 Preparing to unpack .../77-libmagick++-6.q16-dev_8%3a6.9.12.98+dfsg1-5.2build2_amd64.deb ...
#6 73.14 Unpacking libmagick++-6.q16-dev:amd64 (8:6.9.12.98+dfsg1-5.2build2) ...
#6 73.18 Selecting previously unselected package libmagick++-dev.
#6 73.18 Preparing to unpack .../78-libmagick++-dev_8%3a6.9.12.98+dfsg1-5.2build2_all.deb ...
#6 73.18 Unpacking libmagick++-dev (8:6.9.12.98+dfsg1-5.2build2) ...
#6 73.21 Selecting previously unselected package poppler-data.
#6 73.21 Preparing to unpack .../79-poppler-data_0.4.12-1_all.deb ...
#6 73.22 Unpacking poppler-data (0.4.12-1) ...
#6 73.40 Preparing to unpack .../80-libssl-dev_3.0.13-0ubuntu3.12_amd64.deb ...
#6 73.41 Unpacking libssl-dev:amd64 (3.0.13-0ubuntu3.12) over (3.0.13-0ubuntu3.6) ...
#6 73.78 Preparing to unpack .../81-libssl3t64_3.0.13-0ubuntu3.12_amd64.deb ...
#6 73.79 Unpacking libssl3t64:amd64 (3.0.13-0ubuntu3.12) over (3.0.13-0ubuntu3.6) ...
#6 73.92 Setting up libssl3t64:amd64 (3.0.13-0ubuntu3.12) ...
#6 73.96 (Reading database ... (Reading database ... 5%(Reading database ... 10%(Reading database ... 15%(Reading database ... 20%(Reading database ... 25%(Reading database ... 30%(Reading database ... 35%(Reading database ... 40%(Reading database ... 45%(Reading database ... 50%(Reading database ... 55%(Reading database ... 60%(Reading database ... 65%(Reading database ... 70%(Reading database ... 75%(Reading database ... 80%(Reading database ... 85%(Reading database ... 90%(Reading database ... 95%(Reading database ... 100%(Reading database ... 31050 files and directories currently installed.)
#6 74.00 Preparing to unpack .../gpgv_2.4.4-2ubuntu17.4_amd64.deb ...
#6 74.01 Unpacking gpgv (2.4.4-2ubuntu17.4) over (2.4.4-2ubuntu17.3) ...
#6 74.08 Setting up gpgv (2.4.4-2ubuntu17.4) ...
#6 74.14 Selecting previously unselected package libdbus-1-3:amd64.
#6 74.14 (Reading database ... (Reading database ... 5%(Reading database ... 10%(Reading database ... 15%(Reading database ... 20%(Reading database ... 25%(Reading database ... 30%(Reading database ... 35%(Reading database ... 40%(Reading database ... 45%(Reading database ... 50%(Reading database ... 55%(Reading database ... 60%(Reading database ... 65%(Reading database ... 70%(Reading database ... 75%(Reading database ... 80%(Reading database ... 85%(Reading database ... 90%(Reading database ... 95%(Reading database ... 100%(Reading database ... 31050 files and directories currently installed.)
#6 74.17 Preparing to unpack .../000-libdbus-1-3_1.14.10-4ubuntu4.1_amd64.deb ...
#6 74.17 Unpacking libdbus-1-3:amd64 (1.14.10-4ubuntu4.1) ...
#6 74.21 Selecting previously unselected package dbus-bin.
#6 74.22 Preparing to unpack .../001-dbus-bin_1.14.10-4ubuntu4.1_amd64.deb ...
#6 74.22 Unpacking dbus-bin (1.14.10-4ubuntu4.1) ...
#6 74.25 Selecting previously unselected package dbus-session-bus-common.
#6 74.26 Preparing to unpack .../002-dbus-session-bus-common_1.14.10-4ubuntu4.1_all.deb ...
#6 74.26 Unpacking dbus-session-bus-common (1.14.10-4ubuntu4.1) ...
#6 74.30 Selecting previously unselected package dbus-daemon.
#6 74.30 Preparing to unpack .../003-dbus-daemon_1.14.10-4ubuntu4.1_amd64.deb ...
#6 74.30 Unpacking dbus-daemon (1.14.10-4ubuntu4.1) ...
#6 74.34 Selecting previously unselected package dbus-system-bus-common.
#6 74.35 Preparing to unpack .../004-dbus-system-bus-common_1.14.10-4ubuntu4.1_all.deb ...
#6 74.35 Unpacking dbus-system-bus-common (1.14.10-4ubuntu4.1) ...
#6 74.39 Selecting previously unselected package dbus.
#6 74.39 Preparing to unpack .../005-dbus_1.14.10-4ubuntu4.1_amd64.deb ...
#6 74.40 Unpacking dbus (1.14.10-4ubuntu4.1) ...
#6 74.44 Selecting previously unselected package libjson-c5:amd64.
#6 74.45 Preparing to unpack .../006-libjson-c5_0.17-1build1_amd64.deb ...
#6 74.45 Unpacking libjson-c5:amd64 (0.17-1build1) ...
#6 74.49 Selecting previously unselected package libtirpc-common.
#6 74.50 Preparing to unpack .../007-libtirpc-common_1.3.4+ds-1.1build1_all.deb ...
#6 74.50 Unpacking libtirpc-common (1.3.4+ds-1.1build1) ...
#6 74.54 Selecting previously unselected package libtirpc3t64:amd64.
#6 74.55 Preparing to unpack .../008-libtirpc3t64_1.3.4+ds-1.1build1_amd64.deb ...
#6 74.57 Adding 'diversion of /lib/x86_64-linux-gnu/libtirpc.so.3 to /lib/x86_64-linux-gnu/libtirpc.so.3.usr-is-merged by libtirpc3t64'
#6 74.59 Adding 'diversion of /lib/x86_64-linux-gnu/libtirpc.so.3.0.0 to /lib/x86_64-linux-gnu/libtirpc.so.3.0.0.usr-is-merged by libtirpc3t64'
#6 74.59 Unpacking libtirpc3t64:amd64 (1.3.4+ds-1.1build1) ...
#6 74.64 Selecting previously unselected package libyaml-0-2:amd64.
#6 74.64 Preparing to unpack .../009-libyaml-0-2_0.2.5-1build1_amd64.deb ...
#6 74.64 Unpacking libyaml-0-2:amd64 (0.2.5-1build1) ...
#6 74.69 Preparing to unpack .../010-openssl_3.0.13-0ubuntu3.12_amd64.deb ...
#6 74.69 Unpacking openssl (3.0.13-0ubuntu3.12) over (3.0.13-0ubuntu3.6) ...
#6 74.78 Selecting previously unselected package python3-pygments.
#6 74.78 Preparing to unpack .../011-python3-pygments_2.17.2+dfsg-1_all.deb ...
#6 74.79 Unpacking python3-pygments (2.17.2+dfsg-1) ...
#6 74.93 Selecting previously unselected package python3-yaml.
#6 74.94 Preparing to unpack .../012-python3-yaml_6.0.1-2build2_amd64.deb ...
#6 74.94 Unpacking python3-yaml (6.0.1-2build2) ...
#6 74.99 Selecting previously unselected package ucf.
#6 75.00 Preparing to unpack .../013-ucf_3.0043+nmu1_all.deb ...
#6 75.00 Moving old data out of the way
#6 75.04 Unpacking ucf (3.0043+nmu1) ...
#6 75.09 Selecting previously unselected package libnuma1:amd64.
#6 75.09 Preparing to unpack .../014-libnuma1_2.0.18-1ubuntu0.24.04.1_amd64.deb ...
#6 75.09 Unpacking libnuma1:amd64 (2.0.18-1ubuntu0.24.04.1) ...
#6 75.14 Selecting previously unselected package libuv1t64:amd64.
#6 75.14 Preparing to unpack .../015-libuv1t64_1.48.0-1.1build1_amd64.deb ...
#6 75.15 Unpacking libuv1t64:amd64 (1.48.0-1.1build1) ...
#6 75.19 Selecting previously unselected package libarchive13t64:amd64.
#6 75.20 Preparing to unpack .../016-libarchive13t64_3.7.2-2ubuntu0.8_amd64.deb ...
#6 75.20 Unpacking libarchive13t64:amd64 (3.7.2-2ubuntu0.8) ...
#6 75.26 Preparing to unpack .../017-libcurl4-openssl-dev_8.5.0-2ubuntu10.11_amd64.deb ...
#6 75.26 Unpacking libcurl4-openssl-dev:amd64 (8.5.0-2ubuntu10.11) over (8.5.0-2ubuntu10.6) ...
#6 75.36 Preparing to unpack .../018-libcurl4t64_8.5.0-2ubuntu10.11_amd64.deb ...
#6 75.37 Unpacking libcurl4t64:amd64 (8.5.0-2ubuntu10.11) over (8.5.0-2ubuntu10.6) ...
#6 75.43 Selecting previously unselected package libjsoncpp25:amd64.
#6 75.44 Preparing to unpack .../019-libjsoncpp25_1.9.5-6build1_amd64.deb ...
#6 75.44 Unpacking libjsoncpp25:amd64 (1.9.5-6build1) ...
#6 75.49 Selecting previously unselected package librhash0:amd64.
#6 75.50 Preparing to unpack .../020-librhash0_1.4.3-3build1_amd64.deb ...
#6 75.50 Unpacking librhash0:amd64 (1.4.3-3build1) ...
#6 75.55 Selecting previously unselected package cmake-data.
#6 75.56 Preparing to unpack .../021-cmake-data_3.28.3-1build7_all.deb ...
#6 75.57 Unpacking cmake-data (3.28.3-1build7) ...
#6 76.02 Selecting previously unselected package cmake.
#6 76.03 Preparing to unpack .../022-cmake_3.28.3-1build7_amd64.deb ...
#6 76.03 Unpacking cmake (3.28.3-1build7) ...
#6 76.34 Selecting previously unselected package gpgconf.
#6 76.34 Preparing to unpack .../023-gpgconf_2.4.4-2ubuntu17.4_amd64.deb ...
#6 76.34 Unpacking gpgconf (2.4.4-2ubuntu17.4) ...
#6 76.38 Selecting previously unselected package libksba8:amd64.
#6 76.39 Preparing to unpack .../024-libksba8_1.6.6-1build1_amd64.deb ...
#6 76.39 Unpacking libksba8:amd64 (1.6.6-1build1) ...
#6 76.43 Selecting previously unselected package dirmngr.
#6 76.43 Preparing to unpack .../025-dirmngr_2.4.4-2ubuntu17.4_amd64.deb ...
#6 76.46 Unpacking dirmngr (2.4.4-2ubuntu17.4) ...
#6 76.53 Selecting previously unselected package libfakeroot:amd64.
#6 76.53 Preparing to unpack .../026-libfakeroot_1.33-1_amd64.deb ...
#6 76.54 Unpacking libfakeroot:amd64 (1.33-1) ...
#6 76.57 Selecting previously unselected package fakeroot.
#6 76.58 Preparing to unpack .../027-fakeroot_1.33-1_amd64.deb ...
#6 76.58 Unpacking fakeroot (1.33-1) ...
#6 76.62 Selecting previously unselected package fonts-noto-mono.
#6 76.63 Preparing to unpack .../028-fonts-noto-mono_20201225-2_all.deb ...
#6 76.63 Unpacking fonts-noto-mono (20201225-2) ...
#6 76.67 Selecting previously unselected package gdal-data.
#6 76.67 Preparing to unpack .../029-gdal-data_3.8.4+dfsg-3ubuntu3_all.deb ...
#6 76.67 Unpacking gdal-data (3.8.4+dfsg-3ubuntu3) ...
#6 76.73 Selecting previously unselected package gdal-plugins:amd64.
#6 76.74 Preparing to unpack .../030-gdal-plugins_3.8.4+dfsg-3ubuntu3_amd64.deb ...
#6 76.74 Unpacking gdal-plugins:amd64 (3.8.4+dfsg-3ubuntu3) ...
#6 76.77 Selecting previously unselected package libgs-common.
#6 76.78 Preparing to unpack .../031-libgs-common_10.02.1~dfsg1-0ubuntu7.8_all.deb ...
#6 76.78 Unpacking libgs-common (10.02.1~dfsg1-0ubuntu7.8) ...
#6 76.81 Selecting previously unselected package libgs10-common.
#6 76.82 Preparing to unpack .../032-libgs10-common_10.02.1~dfsg1-0ubuntu7.8_all.deb ...
#6 76.82 Unpacking libgs10-common (10.02.1~dfsg1-0ubuntu7.8) ...
#6 76.90 Selecting previously unselected package libavahi-common-data:amd64.
#6 76.91 Preparing to unpack .../033-libavahi-common-data_0.8-13ubuntu6.2_amd64.deb ...
#6 76.91 Unpacking libavahi-common-data:amd64 (0.8-13ubuntu6.2) ...
#6 76.94 Selecting previously unselected package libavahi-common3:amd64.
#6 76.95 Preparing to unpack .../034-libavahi-common3_0.8-13ubuntu6.2_amd64.deb ...
#6 76.95 Unpacking libavahi-common3:amd64 (0.8-13ubuntu6.2) ...
#6 76.99 Selecting previously unselected package libavahi-client3:amd64.
#6 76.99 Preparing to unpack .../035-libavahi-client3_0.8-13ubuntu6.2_amd64.deb ...
#6 77.00 Unpacking libavahi-client3:amd64 (0.8-13ubuntu6.2) ...
#6 77.03 Selecting previously unselected package libcups2t64:amd64.
#6 77.04 Preparing to unpack .../036-libcups2t64_2.4.7-1.2ubuntu7.14_amd64.deb ...
#6 77.04 Unpacking libcups2t64:amd64 (2.4.7-1.2ubuntu7.14) ...
#6 77.08 Selecting previously unselected package libidn12:amd64.
#6 77.09 Preparing to unpack .../037-libidn12_1.42-1ubuntu0.1_amd64.deb ...
#6 77.09 Unpacking libidn12:amd64 (1.42-1ubuntu0.1) ...
#6 77.13 Selecting previously unselected package libijs-0.35:amd64.
#6 77.13 Preparing to unpack .../038-libijs-0.35_0.35-15.1build1_amd64.deb ...
#6 77.14 Unpacking libijs-0.35:amd64 (0.35-15.1build1) ...
#6 77.17 Selecting previously unselected package libjbig2dec0:amd64.
#6 77.18 Preparing to unpack .../039-libjbig2dec0_0.20-1ubuntu0.24.04.1_amd64.deb ...
#6 77.18 Unpacking libjbig2dec0:amd64 (0.20-1ubuntu0.24.04.1) ...
#6 77.22 Selecting previously unselected package libpaper1:amd64.
#6 77.23 Preparing to unpack .../040-libpaper1_1.1.29build1_amd64.deb ...
#6 77.23 Unpacking libpaper1:amd64 (1.1.29build1) ...
#6 77.27 Selecting previously unselected package libgs10:amd64.
#6 77.28 Preparing to unpack .../041-libgs10_10.02.1~dfsg1-0ubuntu7.8_amd64.deb ...
#6 77.28 Unpacking libgs10:amd64 (10.02.1~dfsg1-0ubuntu7.8) ...
#6 77.45 Selecting previously unselected package ghostscript.
#6 77.46 Preparing to unpack .../042-ghostscript_10.02.1~dfsg1-0ubuntu7.8_amd64.deb ...
#6 77.46 Unpacking ghostscript (10.02.1~dfsg1-0ubuntu7.8) ...
#6 77.50 Selecting previously unselected package gnupg-utils.
#6 77.51 Preparing to unpack .../043-gnupg-utils_2.4.4-2ubuntu17.4_amd64.deb ...
#6 77.51 Unpacking gnupg-utils (2.4.4-2ubuntu17.4) ...
#6 77.54 Selecting previously unselected package gpg.
#6 77.55 Preparing to unpack .../044-gpg_2.4.4-2ubuntu17.4_amd64.deb ...
#6 77.55 Unpacking gpg (2.4.4-2ubuntu17.4) ...
#6 77.59 Selecting previously unselected package pinentry-curses.
#6 77.60 Preparing to unpack .../045-pinentry-curses_1.2.1-3ubuntu5_amd64.deb ...
#6 77.60 Unpacking pinentry-curses (1.2.1-3ubuntu5) ...
#6 77.64 Selecting previously unselected package gpg-agent.
#6 77.64 Preparing to unpack .../046-gpg-agent_2.4.4-2ubuntu17.4_amd64.deb ...
#6 77.65 Unpacking gpg-agent (2.4.4-2ubuntu17.4) ...
#6 77.69 Selecting previously unselected package gpgsm.
#6 77.70 Preparing to unpack .../047-gpgsm_2.4.4-2ubuntu17.4_amd64.deb ...
#6 77.70 Unpacking gpgsm (2.4.4-2ubuntu17.4) ...
#6 77.73 Selecting previously unselected package keyboxd.
#6 77.74 Preparing to unpack .../048-keyboxd_2.4.4-2ubuntu17.4_amd64.deb ...
#6 77.74 Unpacking keyboxd (2.4.4-2ubuntu17.4) ...
#6 77.77 Selecting previously unselected package gnupg.
#6 77.78 Preparing to unpack .../049-gnupg_2.4.4-2ubuntu17.4_all.deb ...
#6 77.78 Unpacking gnupg (2.4.4-2ubuntu17.4) ...
#6 77.81 Selecting previously unselected package gnupg-l10n.
#6 77.82 Preparing to unpack .../050-gnupg-l10n_2.4.4-2ubuntu17.4_all.deb ...
#6 77.82 Unpacking gnupg-l10n (2.4.4-2ubuntu17.4) ...
#6 77.86 Selecting previously unselected package gpg-wks-client.
#6 77.86 Preparing to unpack .../051-gpg-wks-client_2.4.4-2ubuntu17.4_amd64.deb ...
#6 77.86 Unpacking gpg-wks-client (2.4.4-2ubuntu17.4) ...
#6 77.90 Selecting previously unselected package hdf5-helpers.
#6 77.90 Preparing to unpack .../052-hdf5-helpers_1.10.10+repack-3.1ubuntu4_amd64.deb ...
#6 77.90 Unpacking hdf5-helpers (1.10.10+repack-3.1ubuntu4) ...
#6 77.94 Selecting previously unselected package libabsl20220623t64:amd64.
#6 77.94 Preparing to unpack .../053-libabsl20220623t64_20220623.1-3.1ubuntu3.2_amd64.deb ...
#6 77.95 Unpacking libabsl20220623t64:amd64 (20220623.1-3.1ubuntu3.2) ...
#6 78.01 Selecting previously unselected package libabsl-dev:amd64.
#6 78.02 Preparing to unpack .../054-libabsl-dev_20220623.1-3.1ubuntu3.2_amd64.deb ...
#6 78.02 Unpacking libabsl-dev:amd64 (20220623.1-3.1ubuntu3.2) ...
#6 78.15 Selecting previously unselected package libaec0:amd64.
#6 78.16 Preparing to unpack .../055-libaec0_1.1.2-1build1_amd64.deb ...
#6 78.16 Unpacking libaec0:amd64 (1.1.2-1build1) ...
#6 78.20 Selecting previously unselected package libalgorithm-diff-perl.
#6 78.20 Preparing to unpack .../056-libalgorithm-diff-perl_1.201-1_all.deb ...
#6 78.20 Unpacking libalgorithm-diff-perl (1.201-1) ...
#6 78.24 Selecting previously unselected package libalgorithm-diff-xs-perl:amd64.
#6 78.25 Preparing to unpack .../057-libalgorithm-diff-xs-perl_0.04-8build3_amd64.deb ...
#6 78.25 Unpacking libalgorithm-diff-xs-perl:amd64 (0.04-8build3) ...
#6 78.28 Selecting previously unselected package libalgorithm-merge-perl.
#6 78.29 Preparing to unpack .../058-libalgorithm-merge-perl_0.08-5_all.deb ...
#6 78.29 Unpacking libalgorithm-merge-perl (0.08-5) ...
#6 78.32 Selecting previously unselected package libaom-dev:amd64.
#6 78.32 Preparing to unpack .../059-libaom-dev_3.8.2-2ubuntu0.1_amd64.deb ...
#6 78.33 Unpacking libaom-dev:amd64 (3.8.2-2ubuntu0.1) ...
#6 78.42 Selecting previously unselected package libarpack2t64:amd64.
#6 78.43 Preparing to unpack .../060-libarpack2t64_3.9.1-1.1build2_amd64.deb ...
#6 78.43 Unpacking libarpack2t64:amd64 (3.9.1-1.1build2) ...
#6 78.47 Selecting previously unselected package libsuperlu6:amd64.
#6 78.47 Preparing to unpack .../061-libsuperlu6_6.0.1+dfsg1-1build1_amd64.deb ...
#6 78.47 Unpacking libsuperlu6:amd64 (6.0.1+dfsg1-1build1) ...
#6 78.51 Selecting previously unselected package libarmadillo12.
#6 78.51 Preparing to unpack .../062-libarmadillo12_1%3a12.6.7+dfsg-1build2_amd64.deb ...
#6 78.52 Unpacking libarmadillo12 (1:12.6.7+dfsg-1build2) ...
#6 78.55 Selecting previously unselected package libarpack2-dev:amd64.
#6 78.56 Preparing to unpack .../063-libarpack2-dev_3.9.1-1.1build2_amd64.deb ...
#6 78.56 Unpacking libarpack2-dev:amd64 (3.9.1-1.1build2) ...
#6 78.60 Selecting previously unselected package libsz2:amd64.
#6 78.60 Preparing to unpack .../064-libsz2_1.1.2-1build1_amd64.deb ...
#6 78.60 Unpacking libsz2:amd64 (1.1.2-1build1) ...
#6 78.64 Selecting previously unselected package libhdf5-103-1t64:amd64.
#6 78.65 Preparing to unpack .../065-libhdf5-103-1t64_1.10.10+repack-3.1ubuntu4_amd64.deb ...
#6 78.65 Unpacking libhdf5-103-1t64:amd64 (1.10.10+repack-3.1ubuntu4) ...
#6 78.71 Selecting previously unselected package libhdf5-fortran-102t64:amd64.
#6 78.72 Preparing to unpack .../066-libhdf5-fortran-102t64_1.10.10+repack-3.1ubuntu4_amd64.deb ...
#6 78.72 Unpacking libhdf5-fortran-102t64:amd64 (1.10.10+repack-3.1ubuntu4) ...
#6 78.75 Selecting previously unselected package libhdf5-hl-100t64:amd64.
#6 78.76 Preparing to unpack .../067-libhdf5-hl-100t64_1.10.10+repack-3.1ubuntu4_amd64.deb ...
#6 78.76 Unpacking libhdf5-hl-100t64:amd64 (1.10.10+repack-3.1ubuntu4) ...
#6 78.80 Selecting previously unselected package libhdf5-hl-fortran-100t64:amd64.
#6 78.80 Preparing to unpack .../068-libhdf5-hl-fortran-100t64_1.10.10+repack-3.1ubuntu4_amd64.deb ...
#6 78.81 Unpacking libhdf5-hl-fortran-100t64:amd64 (1.10.10+repack-3.1ubuntu4) ...
#6 78.84 Selecting previously unselected package libhdf5-cpp-103-1t64:amd64.
#6 78.85 Preparing to unpack .../069-libhdf5-cpp-103-1t64_1.10.10+repack-3.1ubuntu4_amd64.deb ...
#6 78.85 Unpacking libhdf5-cpp-103-1t64:amd64 (1.10.10+repack-3.1ubuntu4) ...
#6 78.89 Selecting previously unselected package libhdf5-hl-cpp-100t64:amd64.
#6 78.89 Preparing to unpack .../070-libhdf5-hl-cpp-100t64_1.10.10+repack-3.1ubuntu4_amd64.deb ...
#6 78.90 Unpacking libhdf5-hl-cpp-100t64:amd64 (1.10.10+repack-3.1ubuntu4) ...
#6 78.93 Selecting previously unselected package libaec-dev:amd64.
#6 78.93 Preparing to unpack .../071-libaec-dev_1.1.2-1build1_amd64.deb ...
#6 78.94 Unpacking libaec-dev:amd64 (1.1.2-1build1) ...
#6 78.97 Selecting previously unselected package libhdf5-dev.
#6 78.98 Preparing to unpack .../072-libhdf5-dev_1.10.10+repack-3.1ubuntu4_amd64.deb ...
#6 78.98 Unpacking libhdf5-dev (1.10.10+repack-3.1ubuntu4) ...
#6 79.11 Selecting previously unselected package libsuperlu-dev:amd64.
#6 79.11 Preparing to unpack .../073-libsuperlu-dev_6.0.1+dfsg1-1build1_amd64.deb ...
#6 79.12 Unpacking libsuperlu-dev:amd64 (6.0.1+dfsg1-1build1) ...
#6 79.15 Selecting previously unselected package libarmadillo-dev.
#6 79.15 Preparing to unpack .../074-libarmadillo-dev_1%3a12.6.7+dfsg-1build2_amd64.deb ...
#6 79.15 Unpacking libarmadillo-dev (1:12.6.7+dfsg-1build2) ...
#6 79.28 Selecting previously unselected package libsnappy1v5:amd64.
#6 79.28 Preparing to unpack .../075-libsnappy1v5_1.1.10-1build1_amd64.deb ...
#6 79.28 Unpacking libsnappy1v5:amd64 (1.1.10-1build1) ...
#6 79.32 Selecting previously unselected package libblosc1:amd64.
#6 79.32 Preparing to unpack .../076-libblosc1_1.21.5+ds-1build1_amd64.deb ...
#6 79.32 Unpacking libblosc1:amd64 (1.21.5+ds-1build1) ...
#6 79.36 Selecting previously unselected package libblosc-dev:amd64.
#6 79.36 Preparing to unpack .../077-libblosc-dev_1.21.5+ds-1build1_amd64.deb ...
#6 79.36 Unpacking libblosc-dev:amd64 (1.21.5+ds-1build1) ...
#6 79.40 Selecting previously unselected package libboost1.83-dev:amd64.
#6 79.41 Preparing to unpack .../078-libboost1.83-dev_1.83.0-2.1ubuntu3.2_amd64.deb ...
#6 79.41 Unpacking libboost1.83-dev:amd64 (1.83.0-2.1ubuntu3.2) ...
#6 82.00 Selecting previously unselected package libboost-dev:amd64.
#6 82.01 Preparing to unpack .../079-libboost-dev_1.83.0.1ubuntu2_amd64.deb ...
#6 82.01 Unpacking libboost-dev:amd64 (1.83.0.1ubuntu2) ...
#6 82.05 Preparing to unpack .../080-libcurl3t64-gnutls_8.5.0-2ubuntu10.11_amd64.deb ...
#6 82.07 Unpacking libcurl3t64-gnutls:amd64 (8.5.0-2ubuntu10.11) over (8.5.0-2ubuntu10.6) ...
#6 82.12 Selecting previously unselected package libcfitsio10t64:amd64.
#6 82.13 Preparing to unpack .../081-libcfitsio10t64_4.3.1-1.1build2_amd64.deb ...
#6 82.13 Unpacking libcfitsio10t64:amd64 (4.3.1-1.1build2) ...
#6 82.18 Selecting previously unselected package libcfitsio-dev:amd64.
#6 82.19 Preparing to unpack .../082-libcfitsio-dev_4.3.1-1.1build2_amd64.deb ...
#6 82.19 Unpacking libcfitsio-dev:amd64 (4.3.1-1.1build2) ...
#6 82.25 Selecting previously unselected package libcfitsio-doc.
#6 82.26 Preparing to unpack .../083-libcfitsio-doc_4.3.1-1.1build2_all.deb ...
#6 82.26 Unpacking libcfitsio-doc (4.3.1-1.1build2) ...
#6 82.32 Selecting previously unselected package libdav1d7:amd64.
#6 82.33 Preparing to unpack .../084-libdav1d7_1.4.1-1build1_amd64.deb ...
#6 82.34 Unpacking libdav1d7:amd64 (1.4.1-1build1) ...
#6 82.40 Selecting previously unselected package libdav1d-dev:amd64.
#6 82.41 Preparing to unpack .../085-libdav1d-dev_1.4.1-1build1_amd64.deb ...
#6 82.41 Unpacking libdav1d-dev:amd64 (1.4.1-1build1) ...
#6 82.46 Selecting previously unselected package libde265-0:amd64.
#6 82.47 Preparing to unpack .../086-libde265-0_1.0.15-1ubuntu0.1_amd64.deb ...
#6 82.47 Unpacking libde265-0:amd64 (1.0.15-1ubuntu0.1) ...
#6 82.51 Selecting previously unselected package libde265-dev:amd64.
#6 82.52 Preparing to unpack .../087-libde265-dev_1.0.15-1ubuntu0.1_amd64.deb ...
#6 82.52 Unpacking libde265-dev:amd64 (1.0.15-1ubuntu0.1) ...
#6 82.56 Selecting previously unselected package libexif-doc.
#6 82.57 Preparing to unpack .../088-libexif-doc_0.6.24-1ubuntu0.24.04.1_all.deb ...
#6 82.57 Unpacking libexif-doc (0.6.24-1ubuntu0.24.04.1) ...
#6 82.62 Selecting previously unselected package libfile-fcntllock-perl.
#6 82.63 Preparing to unpack .../089-libfile-fcntllock-perl_0.22-4ubuntu5_amd64.deb ...
#6 82.63 Unpacking libfile-fcntllock-perl (0.22-4ubuntu5) ...
#6 82.68 Selecting previously unselected package libfontconfig1-dev:amd64.
#6 82.69 Preparing to unpack .../090-libfontconfig1-dev_2.15.0-1.1ubuntu2_amd64.deb ...
#6 82.69 Unpacking libfontconfig1-dev:amd64 (2.15.0-1.1ubuntu2) ...
#6 82.73 Selecting previously unselected package libfyba0t64:amd64.
#6 82.74 Preparing to unpack .../091-libfyba0t64_4.1.1-11build1_amd64.deb ...
#6 82.74 Unpacking libfyba0t64:amd64 (4.1.1-11build1) ...
#6 82.78 Selecting previously unselected package libfyba-dev:amd64.
#6 82.79 Preparing to unpack .../092-libfyba-dev_4.1.1-11build1_amd64.deb ...
#6 82.79 Unpacking libfyba-dev:amd64 (4.1.1-11build1) ...
#6 82.84 Selecting previously unselected package libminizip1t64:amd64.
#6 82.85 Preparing to unpack .../093-libminizip1t64_1%3a1.3.dfsg-3.1ubuntu2.1_amd64.deb ...
#6 82.85 Unpacking libminizip1t64:amd64 (1:1.3.dfsg-3.1ubuntu2.1) ...
#6 82.90 Selecting previously unselected package libfreexl1:amd64.
#6 82.90 Preparing to unpack .../094-libfreexl1_2.0.0-1build2_amd64.deb ...
#6 82.91 Unpacking libfreexl1:amd64 (2.0.0-1build2) ...
#6 82.95 Selecting previously unselected package libgeos3.12.1t64:amd64.
#6 82.96 Preparing to unpack .../095-libgeos3.12.1t64_3.12.1-3build1_amd64.deb ...
#6 82.96 Unpacking libgeos3.12.1t64:amd64 (3.12.1-3build1) ...
#6 83.02 Selecting previously unselected package libgeos-c1t64:amd64.
#6 83.03 Preparing to unpack .../096-libgeos-c1t64_3.12.1-3build1_amd64.deb ...
#6 83.03 Unpacking libgeos-c1t64:amd64 (3.12.1-3build1) ...
#6 83.07 Selecting previously unselected package proj-data.
#6 83.07 Preparing to unpack .../097-proj-data_9.4.0-1build2_all.deb ...
#6 83.08 Unpacking proj-data (9.4.0-1build2) ...
#6 83.29 Selecting previously unselected package libproj25:amd64.
#6 83.30 Preparing to unpack .../098-libproj25_9.4.0-1build2_amd64.deb ...
#6 83.30 Unpacking libproj25:amd64 (9.4.0-1build2) ...
#6 83.38 Selecting previously unselected package libgeotiff5:amd64.
#6 83.38 Preparing to unpack .../099-libgeotiff5_1.7.1-5build1_amd64.deb ...
#6 83.38 Unpacking libgeotiff5:amd64 (1.7.1-5build1) ...
#6 83.42 Selecting previously unselected package libgif7:amd64.
#6 83.43 Preparing to unpack .../100-libgif7_5.2.2-1ubuntu1.2_amd64.deb ...
#6 83.43 Unpacking libgif7:amd64 (5.2.2-1ubuntu1.2) ...
#6 83.47 Selecting previously unselected package libhdf4-0-alt:amd64.
#6 83.47 Preparing to unpack .../101-libhdf4-0-alt_4.2.16-4build1_amd64.deb ...
#6 83.48 Unpacking libhdf4-0-alt:amd64 (4.2.16-4build1) ...
#6 83.52 Selecting previously unselected package liburiparser1:amd64.
#6 83.52 Preparing to unpack .../102-liburiparser1_0.9.7+dfsg-2build1_amd64.deb ...
#6 83.53 Unpacking liburiparser1:amd64 (0.9.7+dfsg-2build1) ...
#6 83.56 Selecting previously unselected package libkmlbase1t64:amd64.
#6 83.57 Preparing to unpack .../103-libkmlbase1t64_1.3.0-12build1_amd64.deb ...
#6 83.57 Unpacking libkmlbase1t64:amd64 (1.3.0-12build1) ...
#6 83.61 Selecting previously unselected package libkmldom1t64:amd64.
#6 83.61 Preparing to unpack .../104-libkmldom1t64_1.3.0-12build1_amd64.deb ...
#6 83.62 Unpacking libkmldom1t64:amd64 (1.3.0-12build1) ...
#6 83.66 Selecting previously unselected package libkmlengine1t64:amd64.
#6 83.66 Preparing to unpack .../105-libkmlengine1t64_1.3.0-12build1_amd64.deb ...
#6 83.67 Unpacking libkmlengine1t64:amd64 (1.3.0-12build1) ...
#6 83.70 Selecting previously unselected package libnetcdf19t64:amd64.
#6 83.71 Preparing to unpack .../106-libnetcdf19t64_1%3a4.9.2-5ubuntu4_amd64.deb ...
#6 83.71 Unpacking libnetcdf19t64:amd64 (1:4.9.2-5ubuntu4) ...
#6 83.76 Selecting previously unselected package libogdi4.1:amd64.
#6 83.77 Preparing to unpack .../107-libogdi4.1_4.1.1+ds-3build1_amd64.deb ...
#6 83.77 Unpacking libogdi4.1:amd64 (4.1.1+ds-3build1) ...
#6 83.81 Selecting previously unselected package libnspr4:amd64.
#6 83.82 Preparing to unpack .../108-libnspr4_2%3a4.35-1.1build1_amd64.deb ...
#6 83.82 Unpacking libnspr4:amd64 (2:4.35-1.1build1) ...
#6 83.86 Selecting previously unselected package libnss3:amd64.
#6 83.87 Preparing to unpack .../109-libnss3_2%3a3.98-1ubuntu0.2_amd64.deb ...
#6 83.87 Unpacking libnss3:amd64 (2:3.98-1ubuntu0.2) ...
#6 83.94 Selecting previously unselected package libpoppler134:amd64.
#6 83.94 Preparing to unpack .../110-libpoppler134_24.02.0-1ubuntu9.9_amd64.deb ...
#6 83.94 Unpacking libpoppler134:amd64 (24.02.0-1ubuntu9.9) ...
#6 84.02 Selecting previously unselected package libqhull-r8.0:amd64.
#6 84.03 Preparing to unpack .../111-libqhull-r8.0_2020.2-6build1_amd64.deb ...
#6 84.03 Unpacking libqhull-r8.0:amd64 (2020.2-6build1) ...
#6 84.07 Selecting previously unselected package librttopo1:amd64.
#6 84.07 Preparing to unpack .../112-librttopo1_1.1.0-3build2_amd64.deb ...
#6 84.08 Unpacking librttopo1:amd64 (1.1.0-3build2) ...
#6 84.12 Selecting previously unselected package libspatialite8t64:amd64.
#6 84.13 Preparing to unpack .../113-libspatialite8t64_5.1.0-3build1_amd64.deb ...
#6 84.13 Unpacking libspatialite8t64:amd64 (5.1.0-3build1) ...
#6 84.24 Selecting previously unselected package libxerces-c3.2t64:amd64.
#6 84.25 Preparing to unpack .../114-libxerces-c3.2t64_3.2.4+debian-1.2ubuntu2_amd64.deb ...
#6 84.25 Unpacking libxerces-c3.2t64:amd64 (3.2.4+debian-1.2ubuntu2) ...
#6 84.33 Selecting previously unselected package libgdal34t64:amd64.
#6 84.34 Preparing to unpack .../115-libgdal34t64_3.8.4+dfsg-3ubuntu3_amd64.deb ...
#6 84.34 Unpacking libgdal34t64:amd64 (3.8.4+dfsg-3ubuntu3) ...
#6 84.57 Selecting previously unselected package libgeos-dev.
#6 84.58 Preparing to unpack .../116-libgeos-dev_3.12.1-3build1_amd64.deb ...
#6 84.58 Unpacking libgeos-dev (3.12.1-3build1) ...
#6 84.62 Selecting previously unselected package libgif-dev:amd64.
#6 84.62 Preparing to unpack .../117-libgif-dev_5.2.2-1ubuntu1.2_amd64.deb ...
#6 84.62 Unpacking libgif-dev:amd64 (5.2.2-1ubuntu1.2) ...
#6 84.66 Selecting previously unselected package libx265-199:amd64.
#6 84.67 Preparing to unpack .../118-libx265-199_3.5-2build1_amd64.deb ...
#6 84.67 Unpacking libx265-199:amd64 (3.5-2build1) ...
#6 84.82 Selecting previously unselected package libx265-dev:amd64.
#6 84.83 Preparing to unpack .../119-libx265-dev_3.5-2build1_amd64.deb ...
#6 84.83 Unpacking libx265-dev:amd64 (3.5-2build1) ...
#6 84.96 Selecting previously unselected package libheif-dev:amd64.
#6 84.97 Preparing to unpack .../120-libheif-dev_1.17.6-1ubuntu4.6_amd64.deb ...
#6 84.97 Unpacking libheif-dev:amd64 (1.17.6-1ubuntu4.6) ...
#6 85.01 Selecting previously unselected package libheif-plugin-aomenc:amd64.
#6 85.01 Preparing to unpack .../121-libheif-plugin-aomenc_1.17.6-1ubuntu4.6_amd64.deb ...
#6 85.01 Unpacking libheif-plugin-aomenc:amd64 (1.17.6-1ubuntu4.6) ...
#6 85.05 Selecting previously unselected package libjxr0t64:amd64.
#6 85.06 Preparing to unpack .../122-libjxr0t64_1.2~git20170615.f752187-5.1ubuntu2_amd64.deb ...
#6 85.06 Unpacking libjxr0t64:amd64 (1.2~git20170615.f752187-5.1ubuntu2) ...
#6 85.09 Selecting previously unselected package libjxr-tools.
#6 85.10 Preparing to unpack .../123-libjxr-tools_1.2~git20170615.f752187-5.1ubuntu2_amd64.deb ...
#6 85.10 Unpacking libjxr-tools (1.2~git20170615.f752187-5.1ubuntu2) ...
#6 85.14 Selecting previously unselected package libkmlconvenience1t64:amd64.
#6 85.15 Preparing to unpack .../124-libkmlconvenience1t64_1.3.0-12build1_amd64.deb ...
#6 85.15 Unpacking libkmlconvenience1t64:amd64 (1.3.0-12build1) ...
#6 85.19 Selecting previously unselected package libkmlregionator1t64:amd64.
#6 85.19 Preparing to unpack .../125-libkmlregionator1t64_1.3.0-12build1_amd64.deb ...
#6 85.19 Unpacking libkmlregionator1t64:amd64 (1.3.0-12build1) ...
#6 85.23 Selecting previously unselected package libkmlxsd1t64:amd64.
#6 85.24 Preparing to unpack .../126-libkmlxsd1t64_1.3.0-12build1_amd64.deb ...
#6 85.24 Unpacking libkmlxsd1t64:amd64 (1.3.0-12build1) ...
#6 85.27 Selecting previously unselected package libminizip-dev:amd64.
#6 85.28 Preparing to unpack .../127-libminizip-dev_1%3a1.3.dfsg-3.1ubuntu2.1_amd64.deb ...
#6 85.28 Unpacking libminizip-dev:amd64 (1:1.3.dfsg-3.1ubuntu2.1) ...
#6 85.31 Selecting previously unselected package libnetcdf-dev.
#6 85.32 Preparing to unpack .../128-libnetcdf-dev_1%3a4.9.2-5ubuntu4_amd64.deb ...
#6 85.32 Unpacking libnetcdf-dev (1:4.9.2-5ubuntu4) ...
#6 85.36 Selecting previously unselected package libtirpc-dev:amd64.
#6 85.36 Preparing to unpack .../129-libtirpc-dev_1.3.4+ds-1.1build1_amd64.deb ...
#6 85.37 Unpacking libtirpc-dev:amd64 (1.3.4+ds-1.1build1) ...
#6 85.41 Selecting previously unselected package libogdi-dev.
#6 85.42 Preparing to unpack .../130-libogdi-dev_4.1.1+ds-3build1_amd64.deb ...
#6 85.42 Unpacking libogdi-dev (4.1.1+ds-3build1) ...
#6 85.45 Selecting previously unselected package libpaper-utils.
#6 85.46 Preparing to unpack .../131-libpaper-utils_1.1.29build1_amd64.deb ...
#6 85.46 Unpacking libpaper-utils (1.1.29build1) ...
#6 85.49 Selecting previously unselected package libpoppler-dev:amd64.
#6 85.50 Preparing to unpack .../132-libpoppler-dev_24.02.0-1ubuntu9.9_amd64.deb ...
#6 85.50 Unpacking libpoppler-dev:amd64 (24.02.0-1ubuntu9.9) ...
#6 85.53 Selecting previously unselected package libpoppler-private-dev:amd64.
#6 85.54 Preparing to unpack .../133-libpoppler-private-dev_24.02.0-1ubuntu9.9_amd64.deb ...
#6 85.54 Unpacking libpoppler-private-dev:amd64 (24.02.0-1ubuntu9.9) ...
#6 85.61 Selecting previously unselected package libqhull8.0:amd64.
#6 85.62 Preparing to unpack .../134-libqhull8.0_2020.2-6build1_amd64.deb ...
#6 85.62 Unpacking libqhull8.0:amd64 (2020.2-6build1) ...
#6 85.65 Selecting previously unselected package libqhullcpp8.0:amd64.
#6 85.66 Preparing to unpack .../135-libqhullcpp8.0_2020.2-6build1_amd64.deb ...
#6 85.66 Unpacking libqhullcpp8.0:amd64 (2020.2-6build1) ...
#6 85.70 Selecting previously unselected package libqhull-dev:amd64.
#6 85.70 Preparing to unpack .../136-libqhull-dev_2020.2-6build1_amd64.deb ...
#6 85.70 Unpacking libqhull-dev:amd64 (2020.2-6build1) ...
#6 85.76 Selecting previously unselected package librttopo-dev:amd64.
#6 85.76 Preparing to unpack .../137-librttopo-dev_1.1.0-3build2_amd64.deb ...
#6 85.77 Unpacking librttopo-dev:amd64 (1.1.0-3build2) ...
#6 85.81 Selecting previously unselected package libsodium23:amd64.
#6 85.82 Preparing to unpack .../138-libsodium23_1.0.18-1ubuntu0.24.04.1_amd64.deb ...
#6 85.82 Unpacking libsodium23:amd64 (1.0.18-1ubuntu0.24.04.1) ...
#6 85.86 Selecting previously unselected package libsodium-dev:amd64.
#6 85.87 Preparing to unpack .../139-libsodium-dev_1.0.18-1ubuntu0.24.04.1_amd64.deb ...
#6 85.87 Unpacking libsodium-dev:amd64 (1.0.18-1ubuntu0.24.04.1) ...
#6 85.92 Preparing to unpack .../140-libtiff-doc_4.5.1+git230720-4ubuntu2.5_all.deb ...
#6 85.93 Unpacking libtiff-doc (4.5.1+git230720-4ubuntu2.5) over (4.5.1+git230720-4ubuntu2.4) ...
#6 86.02 Preparing to unpack .../141-libtiff-opengl_4.5.1+git230720-4ubuntu2.5_amd64.deb ...
#6 86.02 Unpacking libtiff-opengl (4.5.1+git230720-4ubuntu2.5) over (4.5.1+git230720-4ubuntu2.4) ...
#6 86.07 Preparing to unpack .../142-libtiff-tools_4.5.1+git230720-4ubuntu2.5_amd64.deb ...
#6 86.07 Unpacking libtiff-tools (4.5.1+git230720-4ubuntu2.5) over (4.5.1+git230720-4ubuntu2.4) ...
#6 86.15 Preparing to unpack .../143-libtiff5-dev_4.5.1+git230720-4ubuntu2.5_amd64.deb ...
#6 86.16 Unpacking libtiff5-dev:amd64 (4.5.1+git230720-4ubuntu2.5) over (4.5.1+git230720-4ubuntu2.4) ...
#6 86.19 Selecting previously unselected package libtool.
#6 86.20 Preparing to unpack .../144-libtool_2.4.7-7build1_all.deb ...
#6 86.20 Unpacking libtool (2.4.7-7build1) ...
#6 86.24 Selecting previously unselected package libudunits2-data.
#6 86.25 Preparing to unpack .../145-libudunits2-data_2.2.28-7build1_all.deb ...
#6 86.25 Unpacking libudunits2-data (2.2.28-7build1) ...
#6 86.29 Selecting previously unselected package libudunits2-0.
#6 86.29 Preparing to unpack .../146-libudunits2-0_2.2.28-7build1_amd64.deb ...
#6 86.29 Unpacking libudunits2-0 (2.2.28-7build1) ...
#6 86.33 Selecting previously unselected package libudunits2-dev.
#6 86.34 Preparing to unpack .../147-libudunits2-dev_2.2.28-7build1_amd64.deb ...
#6 86.34 Unpacking libudunits2-dev (2.2.28-7build1) ...
#6 86.38 Selecting previously unselected package liburiparser-dev.
#6 86.39 Preparing to unpack .../148-liburiparser-dev_0.9.7+dfsg-2build1_amd64.deb ...
#6 86.39 Unpacking liburiparser-dev (0.9.7+dfsg-2build1) ...
#6 86.44 Selecting previously unselected package libxerces-c-dev:amd64.
#6 86.45 Preparing to unpack .../149-libxerces-c-dev_3.2.4+debian-1.2ubuntu2_amd64.deb ...
#6 86.45 Unpacking libxerces-c-dev:amd64 (3.2.4+debian-1.2ubuntu2) ...
#6 86.63 Selecting previously unselected package libfreexl-dev:amd64.
#6 86.64 Preparing to unpack .../150-libfreexl-dev_2.0.0-1build2_amd64.deb ...
#6 86.64 Unpacking libfreexl-dev:amd64 (2.0.0-1build2) ...
#6 86.68 Selecting previously unselected package libproj-dev:amd64.
#6 86.69 Preparing to unpack .../151-libproj-dev_9.4.0-1build2_amd64.deb ...
#6 86.69 Unpacking libproj-dev:amd64 (9.4.0-1build2) ...
#6 86.75 Selecting previously unselected package libgeotiff-dev:amd64.
#6 86.75 Preparing to unpack .../152-libgeotiff-dev_1.7.1-5build1_amd64.deb ...
#6 86.76 Unpacking libgeotiff-dev:amd64 (1.7.1-5build1) ...
#6 86.94 Selecting previously unselected package libhdf4-alt-dev.
#6 86.95 Preparing to unpack .../153-libhdf4-alt-dev_4.2.16-4build1_amd64.deb ...
#6 86.99 Unpacking libhdf4-alt-dev (4.2.16-4build1) ...
#6 87.24 Selecting previously unselected package libjson-c-dev:amd64.
#6 87.25 Preparing to unpack .../154-libjson-c-dev_0.17-1build1_amd64.deb ...
#6 87.29 Unpacking libjson-c-dev:amd64 (0.17-1build1) ...
#6 87.53 Selecting previously unselected package libkml-dev:amd64.
#6 87.54 Preparing to unpack .../155-libkml-dev_1.3.0-12build1_amd64.deb ...
#6 87.58 Unpacking libkml-dev:amd64 (1.3.0-12build1) ...
#6 87.85 Selecting previously unselected package liblz4-dev:amd64.
#6 87.86 Preparing to unpack .../156-liblz4-dev_1.9.4-1build1.1_amd64.deb ...
#6 87.90 Unpacking liblz4-dev:amd64 (1.9.4-1build1.1) ...
#6 88.11 Selecting previously unselected package libspatialite-dev:amd64.
#6 88.11 Preparing to unpack .../157-libspatialite-dev_5.1.0-3build1_amd64.deb ...
#6 88.15 Unpacking libspatialite-dev:amd64 (5.1.0-3build1) ...
#6 88.51 Selecting previously unselected package libgdal-dev.
#6 88.53 Preparing to unpack .../158-libgdal-dev_3.8.4+dfsg-3ubuntu3_amd64.deb ...
#6 88.56 Unpacking libgdal-dev (3.8.4+dfsg-3ubuntu3) ...
#6 88.78 Selecting previously unselected package proj-bin.
#6 88.79 Preparing to unpack .../159-proj-bin_9.4.0-1build2_amd64.deb ...
#6 88.89 Unpacking proj-bin (9.4.0-1build2) ...
#6 89.14 Setting up libksba8:amd64 (1.6.6-1build1) ...
#6 89.25 Setting up pinentry-curses (1.2.1-3ubuntu5) ...
#6 89.27 Setting up liblcms2-2:amd64 (2.14-2ubuntu0.1) ...
#6 89.28 Setting up libaom3:amd64 (3.8.2-2ubuntu0.1) ...
#6 89.28 Setting up imagemagick-6-common (8:6.9.12.98+dfsg1-5.2build2) ...
#6 89.44 Setting up lto-disabled-list (47) ...
#6 89.57 Setting up libboost1.83-dev:amd64 (1.83.0-2.1ubuntu3.2) ...
#6 89.70 Setting up libfontconfig1-dev:amd64 (2.15.0-1.1ubuntu2) ...
#6 89.82 Setting up libarpack2t64:amd64 (3.9.1-1.1build2) ...
#6 89.91 Setting up libsodium23:amd64 (1.0.18-1ubuntu0.24.04.1) ...
#6 90.00 Setting up proj-data (9.4.0-1build2) ...
#6 90.09 Setting up fonts-noto-mono (20201225-2) ...
#6 90.21 Setting up python3-setuptools (68.1.2-2ubuntu1.2) ...
#6 90.97 Setting up hdf5-helpers (1.10.10+repack-3.1ubuntu4) ...
#6 90.97 Setting up libwmflite-0.2-7:amd64 (0.2.13-1.1build3) ...
#6 90.98 Setting up libcurl4t64:amd64 (8.5.0-2ubuntu10.11) ...
#6 90.98 Setting up libqhull8.0:amd64 (2020.2-6build1) ...
#6 90.99 Setting up libfile-fcntllock-perl (0.22-4ubuntu5) ...
#6 90.99 Setting up libgeos3.12.1t64:amd64 (3.12.1-3build1) ...
#6 90.99 Setting up libalgorithm-diff-perl (1.201-1) ...
#6 91.00 Setting up libyaml-0-2:amd64 (0.2.5-1build1) ...
#6 91.00 Setting up libtirpc-common (1.3.4+ds-1.1build1) ...
#6 91.01 Setting up libgeos-c1t64:amd64 (3.12.1-3build1) ...
#6 91.02 Setting up libijs-0.35:amd64 (0.35-15.1build1) ...
#6 91.10 Setting up libgs-common (10.02.1~dfsg1-0ubuntu7.8) ...
#6 91.19 Setting up libgdk-pixbuf2.0-common (2.42.10+dfsg-3ubuntu3.3) ...
#6 91.28 Setting up libuv1t64:amd64 (1.48.0-1.1build1) ...
#6 91.37 Setting up libcurl3t64-gnutls:amd64 (8.5.0-2ubuntu10.11) ...
#6 91.40 Setting up m4 (1.4.19-4build1) ...
#6 91.42 Setting up libqhull-r8.0:amd64 (2020.2-6build1) ...
#6 91.45 Setting up python3-yaml (6.0.1-2build2) ...
#6 91.74 Setting up libsuperlu6:amd64 (6.0.1+dfsg1-1build1) ...
#6 91.75 Setting up libxerces-c3.2t64:amd64 (3.2.4+debian-1.2ubuntu2) ...
#6 91.75 Setting up bzip2 (1.0.8-5.1build0.1) ...
#6 91.76 Setting up python3-markupsafe (2.1.5-1build2) ...
#6 91.91 Setting up libaec0:amd64 (1.1.2-1build1) ...
#6 91.92 Setting up gdal-data (3.8.4+dfsg-3ubuntu3) ...
#6 91.92 Setting up libfakeroot:amd64 (1.33-1) ...
#6 91.93 Setting up libsnappy1v5:amd64 (1.1.10-1build1) ...
#6 91.94 Setting up poppler-data (0.4.12-1) ...
#6 91.96 Setting up libaom-dev:amd64 (3.8.2-2ubuntu0.1) ...
#6 91.96 Setting up fakeroot (1.33-1) ...
#6 91.97 update-alternatives: using /usr/bin/fakeroot-sysv to provide /usr/bin/fakeroot (fakeroot) in auto mode
#6 91.97 update-alternatives: warning: skip creation of /usr/share/man/man1/fakeroot.1.gz because associated file /usr/share/man/man1/fakeroot-sysv.1.gz (of link group fakeroot) doesn't exist
#6 91.97 update-alternatives: warning: skip creation of /usr/share/man/man1/faked.1.gz because associated file /usr/share/man/man1/faked-sysv.1.gz (of link group fakeroot) doesn't exist
#6 91.97 update-alternatives: warning: skip creation of /usr/share/man/es/man1/fakeroot.1.gz because associated file /usr/share/man/es/man1/fakeroot-sysv.1.gz (of link group fakeroot) doesn't exist
#6 91.97 update-alternatives: warning: skip creation of /usr/share/man/es/man1/faked.1.gz because associated file /usr/share/man/es/man1/faked-sysv.1.gz (of link group fakeroot) doesn't exist
#6 91.97 update-alternatives: warning: skip creation of /usr/share/man/fr/man1/fakeroot.1.gz because associated file /usr/share/man/fr/man1/fakeroot-sysv.1.gz (of link group fakeroot) doesn't exist
#6 91.97 update-alternatives: warning: skip creation of /usr/share/man/fr/man1/faked.1.gz because associated file /usr/share/man/fr/man1/faked-sysv.1.gz (of link group fakeroot) doesn't exist
#6 91.97 update-alternatives: warning: skip creation of /usr/share/man/sv/man1/fakeroot.1.gz because associated file /usr/share/man/sv/man1/fakeroot-sysv.1.gz (of link group fakeroot) doesn't exist
#6 91.97 update-alternatives: warning: skip creation of /usr/share/man/sv/man1/faked.1.gz because associated file /usr/share/man/sv/man1/faked-sysv.1.gz (of link group fakeroot) doesn't exist
#6 91.98 Setting up autotools-dev (20220109.1) ...
#6 91.98 Setting up python3-pygments (2.17.2+dfsg-1) ...
#6 92.99 Setting up libcfitsio10t64:amd64 (4.3.1-1.1build2) ...
#6 93.00 Setting up libjxr0t64:amd64 (1.2~git20170615.f752187-5.1ubuntu2) ...
#6 93.00 Setting up libnspr4:amd64 (2:4.35-1.1build1) ...
#6 93.01 Setting up gnupg-l10n (2.4.4-2ubuntu17.4) ...
#6 93.01 Setting up libcurl4-openssl-dev:amd64 (8.5.0-2ubuntu10.11) ...
#6 93.02 Setting up libjbig2dec0:amd64 (0.20-1ubuntu0.24.04.1) ...
#6 93.02 Setting up libxt-dev:amd64 (1:1.2.1-1.2build1) ...
#6 93.02 Setting up libxerces-c-dev:amd64 (3.2.4+debian-1.2ubuntu2) ...
#6 93.03 Setting up libavahi-common-data:amd64 (0.8-13ubuntu6.2) ...
#6 93.03 Setting up libgeos-dev (3.12.1-3build1) ...
#6 93.04 Setting up libdbus-1-3:amd64 (1.14.10-4ubuntu4.1) ...
#6 93.05 Setting up libexif12:amd64 (0.6.24-1ubuntu0.24.04.1) ...
#6 93.05 Setting up libssl-dev:amd64 (3.0.13-0ubuntu3.12) ...
#6 93.06 Setting up libpng16-16t64:amd64 (1.6.43-5ubuntu0.6) ...
#6 93.06 Setting up libimath-3-1-29t64:amd64 (3.1.9-3.1ubuntu2) ...
#6 93.07 Setting up libidn12:amd64 (1.42-1ubuntu0.1) ...
#6 93.08 Setting up python3-markdown (3.5.2-1) ...
#6 93.30 Setting up patch (2.7.6-7build3) ...
#6 93.31 Setting up libjsoncpp25:amd64 (1.9.5-6build1) ...
#6 93.32 Setting up liblz4-dev:amd64 (1.9.4-1build1.1) ...
#6 93.32 Setting up libqhullcpp8.0:amd64 (2020.2-6build1) ...
#6 93.33 Setting up ucf (3.0043+nmu1) ...
#6 93.48 debconf: unable to initialize frontend: Dialog
#6 93.48 debconf: (TERM is not set, so the dialog frontend is not usable.)
#6 93.48 debconf: falling back to frontend: Readline
#6 93.49 debconf: unable to initialize frontend: Readline
#6 93.49 debconf: (This frontend requires a controlling tty.)
#6 93.49 debconf: falling back to frontend: Teletype
#6 93.52 Setting up libsodium-dev:amd64 (1.0.18-1ubuntu0.24.04.1) ...
#6 93.52 Setting up libfftw3-double3:amd64 (3.3.10-1ubuntu3) ...
#6 93.53 Setting up libqhull-dev:amd64 (2020.2-6build1) ...
#6 93.53 Setting up libdpkg-perl (1.22.6ubuntu6.6) ...
#6 93.54 Setting up libraw23t64:amd64 (0.21.2-2.1ubuntu0.24.04.2) ...
#6 93.55 Setting up autoconf (2.71-3) ...
#6 93.56 Setting up liblcms2-dev:amd64 (2.14-2ubuntu0.1) ...
#6 93.56 Setting up libgif7:amd64 (5.2.2-1ubuntu1.2) ...
#6 93.58 Setting up liburiparser1:amd64 (0.9.7+dfsg-2build1) ...
#6 93.59 Setting up libnuma1:amd64 (2.0.18-1ubuntu0.24.04.1) ...
#6 93.60 Setting up libfyba0t64:amd64 (4.1.1-11build1) ...
#6 93.60 Setting up librttopo1:amd64 (1.1.0-3build2) ...
#6 93.61 Setting up libudunits2-data (2.2.28-7build1) ...
#6 93.62 Setting up libdav1d7:amd64 (1.4.1-1build1) ...
#6 93.62 Setting up liblqr-1-0:amd64 (0.4.2-2.1build2) ...
#6 93.63 Setting up libminizip1t64:amd64 (1:1.3.dfsg-3.1ubuntu2.1) ...
#6 93.63 Setting up libgif-dev:amd64 (5.2.2-1ubuntu1.2) ...
#6 93.64 Setting up libexif-doc (0.6.24-1ubuntu0.24.04.1) ...
#6 93.65 Setting up librhash0:amd64 (1.4.3-3build1) ...
#6 93.65 Setting up libtiff6:amd64 (4.5.1+git230720-4ubuntu2.5) ...
#6 93.66 Setting up dbus-session-bus-common (1.14.10-4ubuntu4.1) ...
#6 93.66 Setting up libblosc1:amd64 (1.21.5+ds-1build1) ...
#6 93.67 Setting up gpgconf (2.4.4-2ubuntu17.4) ...
#6 93.67 Setting up libopenjp2-7:amd64 (2.5.0-2ubuntu0.5) ...
#6 93.68 Setting up libgirepository-1.0-1:amd64 (1.80.1-1) ...
#6 93.69 Setting up libgdk-pixbuf-2.0-0:amd64 (2.42.10+dfsg-3ubuntu3.3) ...
#6 93.76 Setting up libtiff-doc (4.5.1+git230720-4ubuntu2.5) ...
#6 93.77 Setting up cmake-data (3.28.3-1build7) ...
#6 93.78 Setting up libboost-dev:amd64 (1.83.0.1ubuntu2) ...
#6 93.79 Setting up libabsl20220623t64:amd64 (20220623.1-3.1ubuntu3.2) ...
#6 93.80 Setting up fonts-droid-fallback (1:6.0.1r16-1.1build1) ...
#6 93.83 Setting up libmagickcore-6-headers (8:6.9.12.98+dfsg1-5.2build2) ...
#6 93.84 Setting up libdjvulibre-text (3.5.28-2ubuntu0.24.04.2) ...
#6 93.84 Setting up dbus-system-bus-common (1.14.10-4ubuntu4.1) ...
#6 93.92 Setting up libde265-0:amd64 (1.0.15-1ubuntu0.1) ...
#6 93.92 Setting up libkmlbase1t64:amd64 (1.3.0-12build1) ...
#6 93.93 Setting up libsuperlu-dev:amd64 (6.0.1+dfsg1-1build1) ...
#6 93.94 Setting up openssl (3.0.13-0ubuntu3.12) ...
#6 93.95 Setting up libtiffxx6:amd64 (4.5.1+git230720-4ubuntu2.5) ...
#6 93.95 Setting up libtiff-tools (4.5.1+git230720-4ubuntu2.5) ...
#6 93.96 Setting up libalgorithm-diff-xs-perl:amd64 (0.04-8build3) ...
#6 93.96 Setting up libjson-c5:amd64 (0.17-1build1) ...
#6 93.97 Setting up libxml2:amd64 (2.9.14+dfsg-1.3ubuntu3.8) ...
#6 93.97 Setting up libcfitsio-doc (4.3.1-1.1build2) ...
#6 93.98 Setting up dbus-bin (1.14.10-4ubuntu4.1) ...
#6 93.98 Setting up liblocale-gettext-perl (1.07-6ubuntu5) ...
#6 93.99 Setting up gpg (2.4.4-2ubuntu17.4) ...
#6 93.99 Setting up libarmadillo12 (1:12.6.7+dfsg-1build2) ...
#6 94.00 Setting up libsz2:amd64 (1.1.2-1build1) ...
#6 94.00 Setting up python3-mako (1.3.2-1ubuntu0.1) ...
#6 94.23 Setting up libalgorithm-merge-perl (0.08-5) ...
#6 94.24 Setting up gnupg-utils (2.4.4-2ubuntu17.4) ...
#6 94.24 Setting up gdal-plugins:amd64 (3.8.4+dfsg-3ubuntu3) ...
#6 94.24 Setting up automake (1:1.16.5-1.3ubuntu1) ...
#6 94.25 update-alternatives: using /usr/bin/automake-1.16 to provide /usr/bin/automake (automake) in auto mode
#6 94.25 update-alternatives: warning: skip creation of /usr/share/man/man1/automake.1.gz because associated file /usr/share/man/man1/automake-1.16.1.gz (of link group automake) doesn't exist
#6 94.25 update-alternatives: warning: skip creation of /usr/share/man/man1/aclocal.1.gz because associated file /usr/share/man/man1/aclocal-1.16.1.gz (of link group automake) doesn't exist
#6 94.26 Setting up libgs10-common (10.02.1~dfsg1-0ubuntu7.8) ...
#6 94.26 Setting up libpaper1:amd64 (1.1.29build1) ...
#6 94.39 debconf: unable to initialize frontend: Dialog
#6 94.39 debconf: (TERM is not set, so the dialog frontend is not usable.)
#6 94.39 debconf: falling back to frontend: Readline
#6 94.40 debconf: unable to initialize frontend: Readline
#6 94.40 debconf: (This frontend requires a controlling tty.)
#6 94.40 debconf: falling back to frontend: Teletype
#6 94.53 Setting up libimath-dev:amd64 (3.1.9-3.1ubuntu2) ...
#6 94.53 Setting up librttopo-dev:amd64 (1.1.0-3build2) ...
#6 94.54 Setting up libmagickcore-6-arch-config:amd64 (8:6.9.12.98+dfsg1-5.2build2) ...
#6 94.54 Setting up libexif-dev:amd64 (0.6.24-1ubuntu0.24.04.1) ...
#6 94.55 Setting up libudunits2-0 (2.2.28-7build1) ...
#6 94.55 Setting up libkmlxsd1t64:amd64 (1.3.0-12build1) ...
#6 94.56 Setting up libarpack2-dev:amd64 (3.9.1-1.1build2) ...
#6 94.57 Setting up libcfitsio-dev:amd64 (4.3.1-1.1build2) ...
#6 94.57 Setting up gpg-agent (2.4.4-2ubuntu17.4) ...
#6 95.28 Setting up libjxr-tools (1.2~git20170615.f752187-5.1ubuntu2) ...
#6 95.29 Setting up gir1.2-gdkpixbuf-2.0:amd64 (2.42.10+dfsg-3ubuntu3.3) ...
#6 95.29 Setting up libproj25:amd64 (9.4.0-1build2) ...
#6 95.30 Setting up libtirpc3t64:amd64 (1.3.4+ds-1.1build1) ...
#6 95.30 Setting up libtool (2.4.7-7build1) ...
#6 95.31 Setting up libogdi4.1:amd64 (4.1.1+ds-3build1) ...
#6 95.31 Setting up libudunits2-dev (2.2.28-7build1) ...
#6 95.32 Setting up libblosc-dev:amd64 (1.21.5+ds-1build1) ...
#6 95.32 Setting up libmagickwand-6-headers (8:6.9.12.98+dfsg1-5.2build2) ...
#6 95.33 Setting up libjson-c-dev:amd64 (0.17-1build1) ...
#6 95.33 Setting up libfyba-dev:amd64 (4.1.1-11build1) ...
#6 95.34 Setting up gpgsm (2.4.4-2ubuntu17.4) ...
#6 95.34 Setting up libpng-dev:amd64 (1.6.43-5ubuntu0.6) ...
#6 95.35 Setting up libaec-dev:amd64 (1.1.2-1build1) ...
#6 95.35 Setting up libdjvulibre21:amd64 (3.5.28-2ubuntu0.24.04.2) ...
#6 95.36 Setting up libavahi-common3:amd64 (0.8-13ubuntu6.2) ...
#6 95.37 Setting up liblqr-1-0-dev:amd64 (0.4.2-2.1build2) ...
#6 95.37 Setting up proj-bin (9.4.0-1build2) ...
#6 95.38 Setting up libnss3:amd64 (2:3.98-1ubuntu0.2) ...
#6 95.38 Setting up dbus-daemon (1.14.10-4ubuntu4.1) ...
#6 95.40 Setting up libpaper-utils (1.1.29build1) ...
#6 95.41 Setting up libdjvulibre-dev:amd64 (3.5.28-2ubuntu0.24.04.2) ...
#6 95.42 Setting up dpkg-dev (1.22.6ubuntu6.6) ...
#6 95.42 Setting up libgeotiff5:amd64 (1.7.1-5build1) ...
#6 95.43 Setting up liburiparser-dev (0.9.7+dfsg-2build1) ...
#6 95.45 Setting up librsvg2-2:amd64 (2.58.0+dfsg-1build1) ...
#6 95.46 Setting up libkmldom1t64:amd64 (1.3.0-12build1) ...
#6 95.46 Setting up libminizip-dev:amd64 (1:1.3.dfsg-3.1ubuntu2.1) ...
#6 95.47 Setting up dirmngr (2.4.4-2ubuntu17.4) ...
#6 95.68 Setting up libltdl-dev:amd64 (2.4.7-7build1) ...
#6 95.68 Setting up libxml2-dev:amd64 (2.9.14+dfsg-1.3ubuntu3.8) ...
#6 95.69 Setting up libtirpc-dev:amd64 (1.3.4+ds-1.1build1) ...
#6 95.69 Setting up libfreetype6:amd64 (2.13.2+dfsg-1ubuntu0.1) ...
#6 95.70 Setting up libtiff-dev:amd64 (4.5.1+git230720-4ubuntu2.5) ...
#6 95.70 Setting up libde265-dev:amd64 (1.0.15-1ubuntu0.1) ...
#6 95.71 Setting up libopenjp2-7-dev:amd64 (2.5.0-2ubuntu0.5) ...
#6 95.71 Setting up gir1.2-girepository-2.0:amd64 (1.80.1-1) ...
#6 95.71 Setting up dbus (1.14.10-4ubuntu4.1) ...
#6 95.75 Setting up libdav1d-dev:amd64 (1.4.1-1build1) ...
#6 95.76 Setting up libopenexr-3-1-30:amd64 (3.1.5-5.1build3) ...
#6 95.76 Setting up libproj-dev:amd64 (9.4.0-1build2) ...
#6 95.77 Setting up keyboxd (2.4.4-2ubuntu17.4) ...
#6 95.93 Setting up librsvg2-common:amd64 (2.58.0+dfsg-1build1) ...
#6 95.94 Setting up libabsl-dev:amd64 (20220623.1-3.1ubuntu3.2) ...
#6 95.95 Setting up libhdf4-0-alt:amd64 (4.2.16-4build1) ...
#6 95.95 Setting up libx265-199:amd64 (3.5-2build1) ...
#6 95.96 Setting up libfreexl1:amd64 (2.0.0-1build2) ...
#6 95.96 Setting up libgdk-pixbuf2.0-bin (2.42.10+dfsg-3ubuntu3.3) ...
#6 95.97 Setting up libtiff-opengl (4.5.1+git230720-4ubuntu2.5) ...
#6 95.97 Setting up gnupg (2.4.4-2ubuntu17.4) ...
#6 95.99 Setting up build-essential (12.10ubuntu1) ...
#6 95.99 Setting up libhdf5-103-1t64:amd64 (1.10.10+repack-3.1ubuntu4) ...
#6 96.00 Setting up gir1.2-rsvg-2.0:amd64 (2.58.0+dfsg-1build1) ...
#6 96.00 Setting up libarchive13t64:amd64 (3.7.2-2ubuntu0.8) ...
#6 96.01 Setting up libogdi-dev (4.1.1+ds-3build1) ...
#6 96.02 Setting up libavahi-client3:amd64 (0.8-13ubuntu6.2) ...
#6 96.02 Setting up libspatialite8t64:amd64 (5.1.0-3build1) ...
#6 96.03 Setting up libgdk-pixbuf-2.0-dev:amd64 (2.42.10+dfsg-3ubuntu3.3) ...
#6 96.03 Setting up libhdf5-hl-100t64:amd64 (1.10.10+repack-3.1ubuntu4) ...
#6 96.04 Setting up libnetcdf19t64:amd64 (1:4.9.2-5ubuntu4) ...
#6 96.04 Setting up gpg-wks-client (2.4.4-2ubuntu17.4) ...
#6 96.05 Setting up libmagick++-6-headers (8:6.9.12.98+dfsg1-5.2build2) ...
#6 96.05 Setting up libpoppler134:amd64 (24.02.0-1ubuntu9.9) ...
#6 96.06 Setting up libgeotiff-dev:amd64 (1.7.1-5build1) ...
#6 96.06 Setting up libfreexl-dev:amd64 (2.0.0-1build2) ...
#6 96.07 Setting up gobject-introspection-bin (1.80.1-1) ...
#6 96.41 Setting up libhdf5-cpp-103-1t64:amd64 (1.10.10+repack-3.1ubuntu4) ...
#6 96.41 Setting up gobject-introspection:amd64 (1.80.1-1) ...
#6 96.42 Setting up libtiff5-dev:amd64 (4.5.1+git230720-4ubuntu2.5) ...
#6 96.42 Setting up libhdf5-fortran-102t64:amd64 (1.10.10+repack-3.1ubuntu4) ...
#6 96.43 Setting up libkmlengine1t64:amd64 (1.3.0-12build1) ...
#6 96.43 Setting up gir1.2-girepository-2.0-dev:amd64 (1.80.1-1) ...
#6 96.44 Setting up libfreetype-dev:amd64 (2.13.2+dfsg-1ubuntu0.1) ...
#6 96.44 Setting up libopenexr-dev (3.1.5-5.1build3) ...
#6 96.45 Setting up libwmf-0.2-7:amd64 (0.2.13-1.1build3) ...
#6 96.46 Setting up libx265-dev:amd64 (3.5-2build1) ...
#6 96.46 Setting up libgirepository-1.0-dev:amd64 (1.80.1-1) ...
#6 96.47 Setting up libspatialite-dev:amd64 (5.1.0-3build1) ...
#6 96.47 Setting up cmake (3.28.3-1build7) ...
#6 96.48 Setting up libkmlconvenience1t64:amd64 (1.3.0-12build1) ...
#6 96.48 Setting up libhdf5-hl-cpp-100t64:amd64 (1.10.10+repack-3.1ubuntu4) ...
#6 96.49 Setting up libcups2t64:amd64 (2.4.7-1.2ubuntu7.14) ...
#6 96.49 Setting up libgs10:amd64 (10.02.1~dfsg1-0ubuntu7.8) ...
#6 96.50 Setting up libpoppler-dev:amd64 (24.02.0-1ubuntu9.9) ...
#6 96.51 Setting up libkmlregionator1t64:amd64 (1.3.0-12build1) ...
#6 96.51 Setting up libpoppler-private-dev:amd64 (24.02.0-1ubuntu9.9) ...
#6 96.52 Setting up libhdf5-hl-fortran-100t64:amd64 (1.10.10+repack-3.1ubuntu4) ...
#6 96.52 Setting up ghostscript (10.02.1~dfsg1-0ubuntu7.8) ...
#6 96.54 Setting up libwmf-dev (0.2.13-1.1build3) ...
#6 96.54 Setting up libgirepository1.0-dev (1.80.1-1) ...
#6 96.55 Setting up libhdf5-dev (1.10.10+repack-3.1ubuntu4) ...
#6 96.57 update-alternatives: using /usr/lib/x86_64-linux-gnu/pkgconfig/hdf5-serial.pc to provide /usr/lib/x86_64-linux-gnu/pkgconfig/hdf5.pc (hdf5.pc) in auto mode
#6 96.57 Setting up libnetcdf-dev (1:4.9.2-5ubuntu4) ...
#6 96.58 Setting up librsvg2-dev:amd64 (2.58.0+dfsg-1build1) ...
#6 96.58 Setting up libkml-dev:amd64 (1.3.0-12build1) ...
#6 96.58 Setting up libarmadillo-dev (1:12.6.7+dfsg-1build2) ...
#6 96.59 Setting up libhdf4-alt-dev (4.2.16-4build1) ...
#6 96.60 Setting up libheif-plugin-aomdec:amd64 (1.17.6-1ubuntu4.6) ...
#6 96.61 Setting up libheif1:amd64 (1.17.6-1ubuntu4.6) ...
#6 96.61 Setting up libheif-dev:amd64 (1.17.6-1ubuntu4.6) ...
#6 96.62 Setting up libmagickcore-6.q16-7t64:amd64 (8:6.9.12.98+dfsg1-5.2build2) ...
#6 96.62 Setting up libgdal34t64:amd64 (3.8.4+dfsg-3ubuntu3) ...
#6 96.63 Setting up libmagickwand-6.q16-7t64:amd64 (8:6.9.12.98+dfsg1-5.2build2) ...
#6 96.64 Setting up libgdal-dev (3.8.4+dfsg-3ubuntu3) ...
#6 96.64 Setting up libmagick++-6.q16-9t64:amd64 (8:6.9.12.98+dfsg1-5.2build2) ...
#6 96.65 Setting up libmagickcore-6.q16-7-extra:amd64 (8:6.9.12.98+dfsg1-5.2build2) ...
#6 96.66 Setting up libheif-plugin-aomenc:amd64 (1.17.6-1ubuntu4.6) ...
#6 96.67 Setting up libmagickcore-6.q16-dev:amd64 (8:6.9.12.98+dfsg1-5.2build2) ...
#6 96.69 Setting up libmagickwand-6.q16-dev:amd64 (8:6.9.12.98+dfsg1-5.2build2) ...
#6 96.69 Setting up libmagick++-6.q16-dev:amd64 (8:6.9.12.98+dfsg1-5.2build2) ...
#6 96.70 Setting up libmagick++-dev (8:6.9.12.98+dfsg1-5.2build2) ...
#6 96.71 Processing triggers for libc-bin (2.39-0ubuntu8.6) ...
#6 96.88 Processing triggers for fontconfig (2.15.0-1.1ubuntu2) ...
#6 96.98 Processing triggers for libgdk-pixbuf-2.0-0:amd64 (2.42.10+dfsg-3ubuntu3.3) ...
#6 DONE 97.2s

#7 [ 3/13] RUN R -e "options(repos = c(CRAN = Sys.getenv('R_REPOS')));     install.packages(c('devtools', 'plumber', 'remotes', 'sf', 'sp', 'maps', 'mapdata',     'maptools', 'rnaturalearth', 'rnaturalearthdata', 'ggrepel', 'svglite',     'vroom', 'msigdbr'), Ncpus = 1);"
#7 0.710 
#7 0.710 R version 4.5.1 (2025-06-13) -- "Great Square Root"
#7 0.710 Copyright (C) 2025 The R Foundation for Statistical Computing
#7 0.710 Platform: x86_64-pc-linux-gnu
#7 0.710 
#7 0.710 R is free software and comes with ABSOLUTELY NO WARRANTY.
#7 0.710 You are welcome to redistribute it under certain conditions.
#7 0.710 Type 'license()' or 'licence()' for distribution details.
#7 0.710 
#7 0.710   Natural language support but running in an English locale
#7 0.710 
#7 0.710 R is a collaborative project with many contributors.
#7 0.710 Type 'contributors()' for more information and
#7 0.710 'citation()' on how to cite R or R packages in publications.
#7 0.710 
#7 0.710 Type 'demo()' for some demos, 'help()' for on-line help, or
#7 0.710 'help.start()' for an HTML browser interface to help.
#7 0.710 Type 'q()' to quit R.
#7 0.710 
#7 0.870 > options(repos = c(CRAN = Sys.getenv('R_REPOS')));     install.packages(c('devtools', 'plumber', 'remotes', 'sf', 'sp', 'maps', 'mapdata',     'maptools', 'rnaturalearth', 'rnaturalearthdata', 'ggrepel', 'svglite',     'vroom', 'msigdbr'), Ncpus = 1);
#7 0.874 Installing packages into ‘/usr/local/lib/R/site-library’
#7 0.874 (as ‘lib’ is unspecified)
#7 3.497 also installing the dependencies ‘proxy’, ‘e1071’, ‘wk’, ‘cli’, ‘ellipsis’, ‘fs’, ‘lifecycle’, ‘pak’, ‘pkgdown’, ‘pkgload’, ‘rlang’, ‘testthat’, ‘sodium’, ‘swagger’, ‘webutils’, ‘classInt’, ‘s2’, ‘units’, ‘terra’, ‘babelgene’
#7 3.497 
#7 3.557 trying URL 'https://packagemanager.posit.co/cran/__linux__/noble/latest/src/contrib/proxy_0.4-29.tar.gz'
#7 3.557 trying URL 'https://packagemanager.posit.co/cran/__linux__/noble/latest/src/contrib/e1071_1.7-17.tar.gz'
#7 3.557 trying URL 'https://packagemanager.posit.co/cran/__linux__/noble/latest/src/contrib/wk_0.9.5.tar.gz'
#7 3.557 trying URL 'https://packagemanager.posit.co/cran/__linux__/noble/latest/src/contrib/cli_3.6.6.tar.gz'
#7 3.557 trying URL 'https://packagemanager.posit.co/cran/__linux__/noble/latest/src/contrib/ellipsis_0.3.3.tar.gz'
#7 3.557 trying URL 'https://packagemanager.posit.co/cran/__linux__/noble/latest/src/contrib/fs_2.1.0.tar.gz'
#7 3.557 trying URL 'https://packagemanager.posit.co/cran/__linux__/noble/latest/src/contrib/lifecycle_1.0.5.tar.gz'
#7 3.557 trying URL 'https://packagemanager.posit.co/cran/__linux__/noble/latest/src/contrib/pak_0.11.1.tar.gz'
#7 3.557 trying URL 'https://packagemanager.posit.co/cran/__linux__/noble/latest/src/contrib/pkgdown_2.2.1.tar.gz'
#7 3.557 trying URL 'https://packagemanager.posit.co/cran/__linux__/noble/latest/src/contrib/pkgload_1.5.3.tar.gz'
#7 3.557 trying URL 'https://packagemanager.posit.co/cran/__linux__/noble/latest/src/contrib/rlang_1.3.0.tar.gz'
#7 3.557 trying URL 'https://packagemanager.posit.co/cran/__linux__/noble/latest/src/contrib/testthat_3.3.2.tar.gz'
#7 3.557 trying URL 'https://packagemanager.posit.co/cran/__linux__/noble/latest/src/contrib/sodium_1.4.0.tar.gz'
#7 3.557 trying URL 'https://packagemanager.posit.co/cran/__linux__/noble/latest/src/contrib/swagger_5.32.1.tar.gz'
#7 3.557 trying URL 'https://packagemanager.posit.co/cran/__linux__/noble/latest/src/contrib/webutils_1.2.3.tar.gz'
#7 4.748 trying URL 'https://packagemanager.posit.co/cran/__linux__/noble/latest/src/contrib/classInt_0.4-11.tar.gz'
#7 4.804 trying URL 'https://packagemanager.posit.co/cran/__linux__/noble/latest/src/contrib/s2_1.1.11.tar.gz'
#7 4.887 trying URL 'https://packagemanager.posit.co/cran/__linux__/noble/latest/src/contrib/units_1.0-1.tar.gz'
#7 5.088 trying URL 'https://packagemanager.posit.co/cran/__linux__/noble/latest/src/contrib/terra_1.9-34.tar.gz'
#7 5.163 trying URL 'https://packagemanager.posit.co/cran/__linux__/noble/latest/src/contrib/babelgene_22.9.tar.gz'
#7 5.287 trying URL 'https://packagemanager.posit.co/cran/__linux__/noble/latest/src/contrib/devtools_2.5.2.tar.gz'
#7 5.469 trying URL 'https://packagemanager.posit.co/cran/__linux__/noble/latest/src/contrib/plumber_1.3.3.tar.gz'
#7 5.624 trying URL 'https://packagemanager.posit.co/cran/__linux__/noble/latest/src/contrib/remotes_2.5.0.tar.gz'
#7 6.181 trying URL 'https://packagemanager.posit.co/cran/__linux__/noble/latest/src/contrib/sf_1.1-2.tar.gz'
#7 6.420 trying URL 'https://packagemanager.posit.co/cran/__linux__/noble/latest/src/contrib/sp_2.2-3.tar.gz'
#7 6.994 trying URL 'https://packagemanager.posit.co/cran/__linux__/noble/latest/src/contrib/maps_3.4.3.tar.gz'
#7 7.063 trying URL 'https://packagemanager.posit.co/cran/__linux__/noble/latest/src/contrib/mapdata_2.3.1.tar.gz'
#7 7.131 trying URL 'https://packagemanager.posit.co/cran/__linux__/noble/latest/src/contrib/rnaturalearth_1.2.0.tar.gz'
#7 7.180 trying URL 'https://packagemanager.posit.co/cran/__linux__/noble/latest/src/contrib/rnaturalearthdata_1.0.0.tar.gz'
#7 7.472 trying URL 'https://packagemanager.posit.co/cran/__linux__/noble/latest/src/contrib/ggrepel_0.9.8.tar.gz'
#7 7.623 trying URL 'https://packagemanager.posit.co/cran/__linux__/noble/latest/src/contrib/svglite_2.2.2.tar.gz'
#7 9.106 trying URL 'https://packagemanager.posit.co/cran/__linux__/noble/latest/src/contrib/vroom_1.7.1.tar.gz'
#7 9.506 trying URL 'https://packagemanager.posit.co/cran/__linux__/noble/latest/src/contrib/msigdbr_26.1.0.tar.gz'
#7 22.24 * installing *binary* package ‘proxy’ ...
#7 22.25 * DONE (proxy)
#7 22.81 * installing *binary* package ‘wk’ ...
#7 22.82 * DONE (wk)
#7 23.36 * installing *binary* package ‘cli’ ...
#7 23.42 * DONE (cli)
#7 23.85 * installing *binary* package ‘fs’ ...
#7 23.89 * DONE (fs)
#7 25.14 * installing *binary* package ‘pak’ ...
#7 25.20 * DONE (pak)
#7 25.73 * installing *binary* package ‘rlang’ ...
#7 25.76 * DONE (rlang)
#7 26.26 * installing *binary* package ‘sodium’ ...
#7 26.27 * DONE (sodium)
#7 27.06 * installing *binary* package ‘swagger’ ...
#7 27.08 * DONE (swagger)
#7 27.51 * installing *binary* package ‘webutils’ ...
#7 27.51 * DONE (webutils)
#7 27.93 * installing *binary* package ‘units’ ...
#7 27.94 * DONE (units)
#7 28.75 * installing *binary* package ‘terra’ ...
#7 28.76 * DONE (terra)
#7 29.12 * installing *binary* package ‘remotes’ ...
#7 29.16 * DONE (remotes)
#7 30.05 * installing *binary* package ‘sp’ ...
#7 30.06 * DONE (sp)
#7 30.57 * installing *binary* package ‘maps’ ...
#7 30.58 * DONE (maps)
#7 31.06 * installing *binary* package ‘rnaturalearthdata’ ...
#7 31.07 * DONE (rnaturalearthdata)
#7 31.50 * installing *binary* package ‘e1071’ ...
#7 31.51 * DONE (e1071)
#7 31.90 * installing *binary* package ‘ellipsis’ ...
#7 31.92 * DONE (ellipsis)
#7 32.27 * installing *binary* package ‘lifecycle’ ...
#7 32.30 * DONE (lifecycle)
#7 32.79 * installing *binary* package ‘s2’ ...
#7 32.80 * DONE (s2)
#7 33.23 * installing *binary* package ‘babelgene’ ...
#7 33.23 * DONE (babelgene)
#7 35.05 * installing *binary* package ‘mapdata’ ...
#7 35.10 * DONE (mapdata)
#7 35.49 * installing *binary* package ‘ggrepel’ ...
#7 35.50 * DONE (ggrepel)
#7 36.04 * installing *binary* package ‘pkgdown’ ...
#7 36.15 * DONE (pkgdown)
#7 36.49 * installing *binary* package ‘pkgload’ ...
#7 36.51 * DONE (pkgload)
#7 36.89 * installing *binary* package ‘classInt’ ...
#7 36.90 * DONE (classInt)
#7 37.31 * installing *binary* package ‘plumber’ ...
#7 37.32 * DONE (plumber)
#7 37.66 * installing *binary* package ‘svglite’ ...
#7 37.67 * DONE (svglite)
#7 38.21 * installing *binary* package ‘vroom’ ...
#7 38.28 * DONE (vroom)
#7 38.63 * installing *binary* package ‘msigdbr’ ...
#7 38.63 * DONE (msigdbr)
#7 39.14 * installing *binary* package ‘testthat’ ...
#7 39.19 * DONE (testthat)
#7 39.88 * installing *binary* package ‘sf’ ...
#7 39.90 * DONE (sf)
#7 40.27 * installing *binary* package ‘devtools’ ...
#7 40.30 * DONE (devtools)
#7 40.77 * installing *binary* package ‘rnaturalearth’ ...
#7 40.78 * DONE (rnaturalearth)
#7 40.79 
#7 40.79 The downloaded source packages are in
#7 40.79 	‘/tmp/RtmpUDZvCX/downloaded_packages’
#7 40.79 Warning message:
#7 40.79 package ‘maptools’ is not available for this version of R
#7 40.79 
#7 40.79 A version of this package for your version of R might be available elsewhere,
#7 40.79 see the ideas at
#7 40.79 https://cran.r-project.org/doc/manuals/r-patched/R-admin.html#Installing-packages 
#7 40.79 > 
#7 DONE 40.9s

#8 [ 4/13] RUN R -e "options(repos = c(CRAN = Sys.getenv('R_REPOS')));     if (!require('BiocManager', quietly = TRUE)) install.packages('BiocManager');     BiocManager::install(c('GSVA', 'Biobase', 'GSEABase'), update = FALSE, ask = FALSE, Ncpus = 1)"     && R -e "stopifnot(requireNamespace('GSVA', quietly = TRUE),                         requireNamespace('Biobase', quietly = TRUE),                         requireNamespace('GSEABase', quietly = TRUE))"
#8 0.437 
#8 0.437 R version 4.5.1 (2025-06-13) -- "Great Square Root"
#8 0.437 Copyright (C) 2025 The R Foundation for Statistical Computing
#8 0.437 Platform: x86_64-pc-linux-gnu
#8 0.437 
#8 0.437 R is free software and comes with ABSOLUTELY NO WARRANTY.
#8 0.437 You are welcome to redistribute it under certain conditions.
#8 0.437 Type 'license()' or 'licence()' for distribution details.
#8 0.437 
#8 0.437   Natural language support but running in an English locale
#8 0.437 
#8 0.437 R is a collaborative project with many contributors.
#8 0.437 Type 'contributors()' for more information and
#8 0.437 'citation()' on how to cite R or R packages in publications.
#8 0.437 
#8 0.437 Type 'demo()' for some demos, 'help()' for on-line help, or
#8 0.437 'help.start()' for an HTML browser interface to help.
#8 0.437 Type 'q()' to quit R.
#8 0.437 
#8 0.543 > options(repos = c(CRAN = Sys.getenv('R_REPOS')));     if (!require('BiocManager', quietly = TRUE)) install.packages('BiocManager');     BiocManager::install(c('GSVA', 'Biobase', 'GSEABase'), update = FALSE, ask = FALSE, Ncpus = 1)
#8 1.126 Bioconductor version '3.22' is out-of-date; the current release version '3.23'
#8 1.126   is available with R version '4.6'; see https://bioconductor.org/install
#8 1.257 'getOption("repos")' replaces Bioconductor standard repositories, see
#8 1.257 'help("repositories", package = "BiocManager")' for details.
#8 1.257 Replacement repositories:
#8 1.257     CRAN: https://packagemanager.posit.co/cran/__linux__/noble/latest
#8 15.20 Bioconductor version 3.22 (BiocManager 1.30.26), R 4.5.1 (2025-06-13)
#8 15.20 Installing package(s) 'BiocVersion', 'GSVA', 'Biobase', 'GSEABase'
#8 15.64 also installing the dependencies ‘formatR’, ‘rhdf5filters’, ‘Rhdf5lib’, ‘lambda.r’, ‘futile.options’, ‘filelock’, ‘png’, ‘Biostrings’, ‘matrixStats’, ‘abind’, ‘h5mread’, ‘rhdf5’, ‘XVector’, ‘GenomicRanges’, ‘Seqinfo’, ‘futile.logger’, ‘snow’, ‘BH’, ‘ScaledMatrix’, ‘irlba’, ‘rsvd’, ‘beachmat’, ‘assorthead’, ‘rjson’, ‘magick’, ‘BiocFileCache’, ‘KEGGREST’, ‘BiocGenerics’, ‘MatrixGenerics’, ‘S4Vectors’, ‘S4Arrays’, ‘HDF5Array’, ‘SparseArray’, ‘DelayedArray’, ‘IRanges’, ‘SummarizedExperiment’, ‘BiocParallel’, ‘SingleCellExperiment’, ‘BiocSingular’, ‘SpatialExperiment’, ‘sparseMatrixStats’, ‘memuse’, ‘annotate’, ‘graph’, ‘AnnotationDbi’, ‘XML’
#8 15.64 
#8 15.70 trying URL 'https://packagemanager.posit.co/cran/__linux__/noble/latest/src/contrib/formatR_1.14.tar.gz'
#8 15.70 trying URL 'https://bioconductor.org/packages/3.22/bioc/src/contrib/rhdf5filters_1.22.0.tar.gz'
#8 15.70 trying URL 'https://bioconductor.org/packages/3.22/bioc/src/contrib/Rhdf5lib_1.32.0.tar.gz'
#8 15.70 trying URL 'https://packagemanager.posit.co/cran/__linux__/noble/latest/src/contrib/lambda.r_1.2.4.tar.gz'
#8 15.70 trying URL 'https://packagemanager.posit.co/cran/__linux__/noble/latest/src/contrib/futile.options_1.0.1.tar.gz'
#8 15.70 trying URL 'https://packagemanager.posit.co/cran/__linux__/noble/latest/src/contrib/filelock_1.0.3.tar.gz'
#8 15.70 trying URL 'https://packagemanager.posit.co/cran/__linux__/noble/latest/src/contrib/png_0.1-9.tar.gz'
#8 15.70 trying URL 'https://bioconductor.org/packages/3.22/bioc/src/contrib/Biostrings_2.78.0.tar.gz'
#8 15.70 trying URL 'https://packagemanager.posit.co/cran/__linux__/noble/latest/src/contrib/matrixStats_1.5.0.tar.gz'
#8 15.70 trying URL 'https://packagemanager.posit.co/cran/__linux__/noble/latest/src/contrib/abind_1.4-8.tar.gz'
#8 15.70 trying URL 'https://bioconductor.org/packages/3.22/bioc/src/contrib/h5mread_1.2.1.tar.gz'
#8 15.70 trying URL 'https://bioconductor.org/packages/3.22/bioc/src/contrib/rhdf5_2.54.1.tar.gz'
#8 15.70 trying URL 'https://bioconductor.org/packages/3.22/bioc/src/contrib/XVector_0.50.0.tar.gz'
#8 15.70 trying URL 'https://bioconductor.org/packages/3.22/bioc/src/contrib/GenomicRanges_1.62.1.tar.gz'
#8 15.70 trying URL 'https://bioconductor.org/packages/3.22/bioc/src/contrib/Seqinfo_1.0.0.tar.gz'
#8 17.00 trying URL 'https://packagemanager.posit.co/cran/__linux__/noble/latest/src/contrib/futile.logger_1.4.9.tar.gz'
#8 17.20 trying URL 'https://packagemanager.posit.co/cran/__linux__/noble/latest/src/contrib/snow_0.4-4.tar.gz'
#8 17.23 trying URL 'https://packagemanager.posit.co/cran/__linux__/noble/latest/src/contrib/BH_1.90.0-1.tar.gz'
#8 17.25 trying URL 'https://bioconductor.org/packages/3.22/bioc/src/contrib/ScaledMatrix_1.18.0.tar.gz'
#8 17.27 trying URL 'https://packagemanager.posit.co/cran/__linux__/noble/latest/src/contrib/irlba_2.3.7.tar.gz'
#8 17.30 trying URL 'https://packagemanager.posit.co/cran/__linux__/noble/latest/src/contrib/rsvd_1.0.5.tar.gz'
#8 17.66 trying URL 'https://bioconductor.org/packages/3.22/bioc/src/contrib/beachmat_2.26.0.tar.gz'
#8 18.33 trying URL 'https://bioconductor.org/packages/3.22/bioc/src/contrib/assorthead_1.4.0.tar.gz'
#8 18.37 trying URL 'https://packagemanager.posit.co/cran/__linux__/noble/latest/src/contrib/rjson_0.2.23.tar.gz'
#8 18.42 trying URL 'https://packagemanager.posit.co/cran/__linux__/noble/latest/src/contrib/magick_2.9.1.tar.gz'
#8 18.98 trying URL 'https://bioconductor.org/packages/3.22/bioc/src/contrib/BiocFileCache_3.0.0.tar.gz'
#8 19.77 trying URL 'https://bioconductor.org/packages/3.22/bioc/src/contrib/KEGGREST_1.50.0.tar.gz'
#8 21.33 trying URL 'https://bioconductor.org/packages/3.22/bioc/src/contrib/BiocGenerics_0.56.0.tar.gz'
#8 22.55 trying URL 'https://bioconductor.org/packages/3.22/bioc/src/contrib/MatrixGenerics_1.22.0.tar.gz'
#8 23.81 trying URL 'https://bioconductor.org/packages/3.22/bioc/src/contrib/S4Vectors_0.48.1.tar.gz'
#8 23.88 trying URL 'https://bioconductor.org/packages/3.22/bioc/src/contrib/S4Arrays_1.10.1.tar.gz'
#8 26.60 trying URL 'https://bioconductor.org/packages/3.22/bioc/src/contrib/HDF5Array_1.38.0.tar.gz'
#8 29.74 trying URL 'https://bioconductor.org/packages/3.22/bioc/src/contrib/SparseArray_1.10.10.tar.gz'
#8 29.96 trying URL 'https://bioconductor.org/packages/3.22/bioc/src/contrib/DelayedArray_0.36.1.tar.gz'
#8 30.25 trying URL 'https://bioconductor.org/packages/3.22/bioc/src/contrib/IRanges_2.44.0.tar.gz'
#8 31.17 trying URL 'https://bioconductor.org/packages/3.22/bioc/src/contrib/SummarizedExperiment_1.40.0.tar.gz'
#8 32.36 trying URL 'https://bioconductor.org/packages/3.22/bioc/src/contrib/BiocParallel_1.44.0.tar.gz'
#8 33.36 trying URL 'https://bioconductor.org/packages/3.22/bioc/src/contrib/SingleCellExperiment_1.32.0.tar.gz'
#8 33.71 trying URL 'https://bioconductor.org/packages/3.22/bioc/src/contrib/BiocSingular_1.26.1.tar.gz'
#8 34.68 trying URL 'https://bioconductor.org/packages/3.22/bioc/src/contrib/SpatialExperiment_1.20.0.tar.gz'
#8 34.95 trying URL 'https://bioconductor.org/packages/3.22/bioc/src/contrib/sparseMatrixStats_1.22.0.tar.gz'
#8 35.09 trying URL 'https://packagemanager.posit.co/cran/__linux__/noble/latest/src/contrib/memuse_4.2-3.tar.gz'
#8 35.75 trying URL 'https://bioconductor.org/packages/3.22/bioc/src/contrib/annotate_1.88.0.tar.gz'
#8 35.96 trying URL 'https://bioconductor.org/packages/3.22/bioc/src/contrib/graph_1.88.1.tar.gz'
#8 36.34 trying URL 'https://bioconductor.org/packages/3.22/bioc/src/contrib/AnnotationDbi_1.72.0.tar.gz'
#8 36.37 trying URL 'https://packagemanager.posit.co/cran/__linux__/noble/latest/src/contrib/XML_3.99-0.23.tar.gz'
#8 36.39 trying URL 'https://bioconductor.org/packages/3.22/bioc/src/contrib/BiocVersion_3.22.0.tar.gz'
#8 37.19 trying URL 'https://bioconductor.org/packages/3.22/bioc/src/contrib/GSVA_2.4.9.tar.gz'
#8 38.03 trying URL 'https://bioconductor.org/packages/3.22/bioc/src/contrib/Biobase_2.70.0.tar.gz'
#8 38.99 trying URL 'https://bioconductor.org/packages/3.22/bioc/src/contrib/GSEABase_1.72.0.tar.gz'
#8 53.93 * installing *binary* package ‘formatR’ ...
#8 53.94 * DONE (formatR)
#8 54.71 * installing *source* package ‘Rhdf5lib’ ...
#8 54.71 ** this is package ‘Rhdf5lib’ version ‘1.32.0’
#8 54.75 ** package ‘Rhdf5lib’ successfully unpacked and MD5 sums checked
#8 54.75 ** using staged installation
#8 55.42 checking for gcc... gcc -std=gnu2x
#8 55.48 checking whether the C compiler works... yes
#8 55.62 checking for C compiler default output file name... a.out
#8 55.62 checking for suffix of executables... 
#8 55.67 checking whether we are cross compiling... no
#8 55.75 checking for suffix of object files... o
#8 55.77 checking whether the compiler supports GNU C... yes
#8 55.80 checking whether gcc -std=gnu2x accepts -g... yes
#8 55.83 checking for gcc -std=gnu2x option to enable C11 features... none needed
#8 55.96 checking whether the compiler supports GNU C++... yes
#8 56.04 checking whether g++ -std=gnu++17 accepts -g... yes
#8 56.07 checking for g++ -std=gnu++17 option to enable C++11 features... none needed
#8 56.43 COMPILER = gcc
#8 56.43 checking whether C compiler accepts -w... yes
#8 56.47 checking whether to use -Wl,-rpath setting... yes
#8 56.47 checking for stdio.h... yes
#8 56.50 checking for stdlib.h... yes
#8 56.53 checking for string.h... yes
#8 56.57 checking for inttypes.h... yes
#8 56.61 checking for stdint.h... yes
#8 56.64 checking for strings.h... yes
#8 56.68 checking for sys/stat.h... yes
#8 56.72 checking for sys/types.h... yes
#8 56.76 checking for unistd.h... yes
#8 56.81 checking for zlib.h... yes
#8 56.85 ON_BUILDER=false
#8 56.85 ON_BUILDER=false
#8 56.86 checking for szlib.h... yes
#8 56.90 checking for libaec.h... yes
#8 56.95 checking for SZ_BufftoBuffCompress in -lsz... yes
#8 57.00 checking for aec_buffer_encode in -lsz... yes
#8 57.06 checking for curl/curl.h... yes
#8 57.13 checking for openssl/evp.h... yes
#8 57.21 checking for openssl/hmac.h... yes
#8 57.28 checking for openssl/sha.h... yes
#8 57.33 checking for curl_global_init in -lcurl... yes
#8 57.43 checking for EVP_sha256 in -lcrypto... yes
#8 57.53 S3_VFD=--enable-ros3-vfd
#8 57.56 configure: creating ./config.status
#8 57.67 config.status: creating src/Makevars
#8 57.74 ** libs
#8 57.76 using C compiler: ‘gcc (Ubuntu 13.3.0-6ubuntu2~24.04) 13.3.0’
#8 57.76 gunzip -dc hdf5small_cxx_hl_1.10.7.tar.gz | tar xf -;
#8 58.05 cd hdf5; \
#8 58.05 ./configure --with-pic --enable-shared=no --enable-cxx --enable-hl \
#8 58.05 --enable-tests=no --enable-tools=no \
#8 58.05 --with-szlib=yes --with-zlib=yes \
#8 58.05 --enable-ros3-vfd \
#8 58.05 --enable-sharedlib-rpath \
#8 58.05 CC='gcc -std=gnu2x' CXX='g++ -std=gnu++17' \
#8 58.05 CPPFLAGS='-I/usr/local/include' \
#8 58.05 CFLAGS='-g -O2 -fstack-protector-strong -Wformat -Werror=format-security -Wdate-time -D_FORTIFY_SOURCE=2 -g -w -fpic' \
#8 58.05 CXXFLAGS='-w -g -O2 -fstack-protector-strong -Wformat -Werror=format-security -Wdate-time -D_FORTIFY_SOURCE=2 -g -fpic' \
#8 58.05 AR='ar' RANLIB='ranlib' \
#8 58.05 LDFLAGS='-L/usr/local/lib'; \
#8 58.05 make lib
#8 58.28 checking for a BSD-compatible install... /usr/bin/install -c
#8 58.30 checking whether build environment is sane... yes
#8 58.31 checking for a race-free mkdir -p... /usr/bin/mkdir -p
#8 58.32 checking for gawk... no
#8 58.32 checking for mawk... mawk
#8 58.32 checking whether make sets $(MAKE)... yes
#8 58.33 checking whether make supports nested variables... yes
#8 58.35 checking whether make supports nested variables... (cached) yes
#8 58.35 checking whether to enable maintainer-specific portions of Makefiles... no
#8 58.36 checking build system type... x86_64-pc-linux-gnu
#8 58.41 checking host system type... x86_64-pc-linux-gnu
#8 58.41 checking shell variables initial values... done
#8 58.41 checking if basename works... yes
#8 58.42 checking if xargs works... yes
#8 58.42 checking for cached host... none
#8 58.42 checking for config x86_64-pc-linux-gnu... no
#8 58.42 checking for config x86_64-pc-linux-gnu... no
#8 58.42 checking for config pc-linux-gnu... no
#8 58.42 checking for config pc-linux-gnu... no
#8 58.42 checking for config x86_64-linux-gnu... no
#8 58.42 checking for config x86_64-linux-gnu... no
#8 58.42 checking for config x86_64-pc... no
#8 58.42 checking for config linux-gnu... found
#8 58.44 compiler 'gcc -std=gnu2x' is GNU gcc-13.3.0
#8 58.54 compiler 'gfortran' is GNU gfortran-13.3.0
#8 58.58 compiler 'g++ -std=gnu++17' is GNU g++-13.3.0
#8 58.69 checking for config ./config/site-specific/host-buildkitsandbox... no
#8 58.69 checking for clang sanitizer checks... checking build mode... production
#8 58.69 checking for gcc... gcc -std=gnu2x
#8 58.74 checking whether the C compiler works... yes
#8 58.79 checking for C compiler default output file name... a.out
#8 58.79 checking for suffix of executables... 
#8 58.84 checking whether we are cross compiling... no
#8 58.90 checking for suffix of object files... o
#8 58.94 checking whether the compiler supports GNU C... yes
#8 58.97 checking whether gcc -std=gnu2x accepts -g... yes
#8 59.00 checking for gcc -std=gnu2x option to enable C11 features... none needed
#8 59.07 checking whether gcc -std=gnu2x understands -c and -o together... yes
#8 59.11 checking whether make supports the include directive... yes (GNU style)
#8 59.13 checking dependency style of gcc -std=gnu2x... gcc3
#8 59.17 checking if unsupported combinations of configure options are allowed... no
#8 59.17 checking for stdio.h... yes
#8 59.20 checking for stdlib.h... yes
#8 59.24 checking for string.h... yes
#8 59.27 checking for inttypes.h... yes
#8 59.31 checking for stdint.h... yes
#8 59.35 checking for strings.h... yes
#8 59.38 checking for sys/stat.h... yes
#8 59.42 checking for sys/types.h... yes
#8 59.45 checking for unistd.h... yes
#8 59.50 checking for sys/time.h... yes
#8 59.55 checking for off_t... yes
#8 59.64 checking for size_t... yes
#8 59.74 checking for ssize_t... yes
#8 59.83 checking for ptrdiff_t... yes
#8 59.93 checking whether byte ordering is bigendian... no
#8 60.02 checking size of char... 1
#8 60.10 checking size of short... 2
#8 60.19 checking size of int... 4
#8 60.29 checking size of unsigned... 4
#8 60.38 checking size of long... 8
#8 60.46 checking size of long long... 8
#8 60.54 checking size of __int64... 0
#8 60.59 checking size of float... 4
#8 60.67 checking size of double... 8
#8 60.75 checking size of long double... 16
#8 60.83 checking size of __float128... 16
#8 60.92 checking size of _Quad... 0
#8 60.97 checking for quadmath.h... yes
#8 61.03 checking maximum decimal precision for C... 33
#8 61.10 checking if Fortran interface enabled... no
#8 61.14 checking whether the compiler supports GNU C++... yes
#8 61.17 checking whether g++ -std=gnu++17 accepts -g... yes
#8 61.19 checking for g++ -std=gnu++17 option to enable C++11 features... none needed
#8 61.28 checking dependency style of g++ -std=gnu++17... gcc3
#8 61.33 checking how to run the C++ preprocessor... g++ -std=gnu++17 -E
#8 61.41 checking if c++ interface enabled... yes
#8 61.41 checking if g++ -std=gnu++17 needs old style header files in includes... no
#8 61.86 checking if g++ -std=gnu++17 can handle namespaces... yes
#8 61.96 checking if g++ -std=gnu++17 can handle static cast... yes
#8 62.04 checking if g++ -std=gnu++17 has offsetof extension... yes
#8 62.12 checking if the high-level library is enabled... yes
#8 62.12 checking whether make sets $(MAKE)... (cached) yes
#8 62.13 checking for tr... /usr/bin/tr
#8 62.13 checking if srcdir= and time commands work together... no
#8 62.13 checking if Java JNI interface enabled... no
#8 62.13 checking if building tests is disabled... Building HDF5 tests is disabled
#8 62.13 checking if building tools is disabled... Building HDF5 tools is disabled
#8 62.14 checking how to print strings... printf
#8 62.14 checking for a sed that does not truncate output... /usr/bin/sed
#8 62.15 checking for grep that handles long lines and -e... /usr/bin/grep
#8 62.15 checking for egrep... /usr/bin/grep -E
#8 62.15 checking for fgrep... /usr/bin/grep -F
#8 62.15 checking for ld used by gcc -std=gnu2x... /usr/bin/ld
#8 62.16 checking if the linker (/usr/bin/ld) is GNU ld... yes
#8 62.17 checking for BSD- or MS-compatible name lister (nm)... /usr/bin/nm -B
#8 62.17 checking the name lister (/usr/bin/nm -B) interface... BSD nm
#8 62.21 checking whether ln -s works... yes
#8 62.21 checking the maximum length of command line arguments... 1572864
#8 62.22 checking how to convert x86_64-pc-linux-gnu file names to x86_64-pc-linux-gnu format... func_convert_file_noop
#8 62.22 checking how to convert x86_64-pc-linux-gnu file names to toolchain format... func_convert_file_noop
#8 62.22 checking for /usr/bin/ld option to reload object files... -r
#8 62.22 checking for objdump... objdump
#8 62.22 checking how to recognize dependent libraries... pass_all
#8 62.22 checking for dlltool... no
#8 62.22 checking how to associate runtime and link libraries... printf %s\n
#8 62.22 checking for archiver @FILE support... @
#8 62.27 checking for strip... strip
#8 62.27 checking for ranlib... ranlib
#8 62.27 checking command to parse /usr/bin/nm -B output from gcc -std=gnu2x object... ok
#8 62.38 checking for sysroot... no
#8 62.38 checking for a working dd... /usr/bin/dd
#8 62.39 checking how to truncate binary pipes... /usr/bin/dd bs=4096 count=1
#8 62.43 checking for mt... no
#8 62.43 checking if : is a manifest tool... no
#8 62.43 checking for dlfcn.h... yes
#8 62.49 checking for objdir... .libs
#8 62.58 checking if gcc -std=gnu2x supports -fno-rtti -fno-exceptions... yes
#8 62.61 checking for gcc -std=gnu2x option to produce PIC... -fPIC -DPIC
#8 62.61 checking if gcc -std=gnu2x PIC flag -fPIC -DPIC works... yes
#8 62.64 checking if gcc -std=gnu2x static flag -static works... yes
#8 62.76 checking if gcc -std=gnu2x supports -c -o file.o... yes
#8 62.80 checking if gcc -std=gnu2x supports -c -o file.o... (cached) yes
#8 62.80 checking whether the gcc -std=gnu2x linker (/usr/bin/ld -m elf_x86_64) supports shared libraries... yes
#8 62.82 checking dynamic linker characteristics... GNU/Linux ld.so
#8 62.92 checking how to hardcode library paths into programs... immediate
#8 62.92 checking for shl_load... no
#8 63.00 checking for shl_load in -ldld... no
#8 63.04 checking for dlopen... yes
#8 63.11 checking whether a program can dlopen itself... yes
#8 63.18 checking whether a statically linked program can dlopen itself... no
#8 63.27 checking whether stripping libraries is possible... yes
#8 63.28 checking if libtool supports shared libraries... yes
#8 63.28 checking whether to build shared libraries... no
#8 63.28 checking whether to build static libraries... yes
#8 63.28 checking how to run the C++ preprocessor... g++ -std=gnu++17 -E
#8 63.42 checking for ld used by g++ -std=gnu++17... /usr/bin/ld -m elf_x86_64
#8 63.42 checking if the linker (/usr/bin/ld -m elf_x86_64) is GNU ld... yes
#8 63.43 checking whether the g++ -std=gnu++17 linker (/usr/bin/ld -m elf_x86_64) supports shared libraries... yes
#8 63.54 checking for g++ -std=gnu++17 option to produce PIC... -fPIC -DPIC
#8 63.54 checking if g++ -std=gnu++17 PIC flag -fPIC -DPIC works... yes
#8 63.57 checking if g++ -std=gnu++17 static flag -static works... yes
#8 63.65 checking if g++ -std=gnu++17 supports -c -o file.o... yes
#8 63.69 checking if g++ -std=gnu++17 supports -c -o file.o... (cached) yes
#8 63.69 checking whether the g++ -std=gnu++17 linker (/usr/bin/ld -m elf_x86_64) supports shared libraries... yes
#8 63.69 checking dynamic linker characteristics... (cached) GNU/Linux ld.so
#8 63.70 checking how to hardcode library paths into programs... immediate
#8 63.71 checking if we should install only statically linked executables... no
#8 63.71 checking if -Wl,-rpath should be used to link shared libs in nondefault directories... yes
#8 63.71 checking for ceil in -lm... yes
#8 63.80 checking for dlopen in -ldl... yes
#8 63.87 checking for egrep... (cached) /usr/bin/grep -E
#8 63.87 checking for sys/resource.h... yes
#8 63.92 checking for sys/time.h... (cached) yes
#8 63.92 checking for unistd.h... (cached) yes
#8 63.92 checking for sys/ioctl.h... yes
#8 63.97 checking for sys/stat.h... (cached) yes
#8 63.97 checking for sys/socket.h... yes
#8 64.01 checking for sys/types.h... (cached) yes
#8 64.01 checking for sys/file.h... yes
#8 64.07 checking for stddef.h... yes
#8 64.12 checking for setjmp.h... yes
#8 64.16 checking for features.h... yes
#8 64.20 checking for dirent.h... yes
#8 64.25 checking for stdint.h... (cached) yes
#8 64.25 checking for stdbool.h... yes
#8 64.30 checking for netdb.h... yes
#8 64.35 checking for netinet/in.h... yes
#8 64.40 checking for arpa/inet.h... yes
#8 64.44 checking for io.h... no
#8 64.50 checking for winsock2.h... no
#8 64.55 checking for sys/timeb.h... yes
#8 64.60 checking for _FILE_OFFSET_BITS value needed for large files... no
#8 64.68 checking size of int8_t... 1
#8 64.79 checking size of uint8_t... 1
#8 64.88 checking size of int_least8_t... 1
#8 64.98 checking size of uint_least8_t... 1
#8 65.07 checking size of int_fast8_t... 1
#8 65.16 checking size of uint_fast8_t... 1
#8 65.24 checking size of int16_t... 2
#8 65.33 checking size of uint16_t... 2
#8 65.42 checking size of int_least16_t... 2
#8 65.50 checking size of uint_least16_t... 2
#8 65.59 checking size of int_fast16_t... 8
#8 65.68 checking size of uint_fast16_t... 8
#8 65.77 checking size of int32_t... 4
#8 65.86 checking size of uint32_t... 4
#8 65.95 checking size of int_least32_t... 4
#8 66.04 checking size of uint_least32_t... 4
#8 66.14 checking size of int_fast32_t... 8
#8 66.23 checking size of uint_fast32_t... 8
#8 66.32 checking size of int64_t... 8
#8 66.41 checking size of uint64_t... 8
#8 66.49 checking size of int_least64_t... 8
#8 66.59 checking size of uint_least64_t... 8
#8 66.67 checking size of int_fast64_t... 8
#8 66.76 checking size of uint_fast64_t... 8
#8 66.85 checking size of size_t... 8
#8 66.94 checking size of ssize_t... 8
#8 67.03 checking size of ptrdiff_t... 8
#8 67.12 checking size of off_t... 8
#8 67.21 checking size of bool... 1
#8 67.30 checking size of time_t... 8
#8 67.42 checking if dev_t is scalar... yes
#8 67.47 checking for dmalloc library... suppressed
#8 67.47 checking for zlib.h... yes
#8 67.55 checking for compress2 in -lz... yes
#8 67.67 checking for compress2... yes
#8 67.77 checking for szlib.h... yes
#8 67.82 checking for libaec.h... yes
#8 67.89 checking for aec_encode in -laec... yes
#8 67.97 checking for SZ_BufftoBuffCompress in -lsz... yes
#8 68.04 checking for szlib encoder... yes
#8 68.16 checking for thread safe support... no
#8 68.16 checking for gcc -std=gnu2x options needed to detect all undeclared functions... none needed
#8 68.22 checking whether CLOCK_MONOTONIC is declared... yes
#8 68.26 checking for tm_gmtoff in struct tm... yes
#8 68.30 checking for global timezone variable... yes
#8 68.38 checking for st_blocks in struct stat... no
#8 68.42 checking for _getvideoconfig... no
#8 68.49 checking for gettextinfo... no
#8 68.58 checking for GetConsoleScreenBufferInfo... no
#8 68.65 checking for getpwuid... yes
#8 68.72 checking for _scrsize... no
#8 68.79 checking for ioctl... yes
#8 68.85 checking for struct videoconfig... no
#8 68.88 checking for struct text_info... no
#8 68.92 checking for TIOCGWINSZ... yes
#8 68.95 checking for TIOCGETD... yes
#8 68.99 checking for library containing clock_gettime... none required
#8 69.05 checking for alarm... yes
#8 69.12 checking for clock_gettime... yes
#8 69.18 checking for difftime... yes
#8 69.24 checking for fcntl... yes
#8 69.31 checking for flock... yes
#8 69.37 checking for fork... yes
#8 69.43 checking for frexpf... yes
#8 69.50 checking for frexpl... yes
#8 69.57 checking for gethostname... yes
#8 69.67 checking for getrusage... yes
#8 69.75 checking for gettimeofday... yes
#8 69.82 checking for lstat... yes
#8 69.89 checking for rand_r... yes
#8 69.96 checking for random... yes
#8 70.02 checking for setsysinfo... no
#8 70.09 checking for signal... yes
#8 70.16 checking for longjmp... yes
#8 70.22 checking for setjmp... yes
#8 70.29 checking for siglongjmp... yes
#8 70.35 checking for sigsetjmp... no
#8 70.42 checking for sigprocmask... yes
#8 70.49 checking for snprintf... yes
#8 70.56 checking for srandom... yes
#8 70.62 checking for strdup... yes
#8 70.69 checking for symlink... yes
#8 70.75 checking for system... yes
#8 70.82 checking for strtoll... yes
#8 70.88 checking for strtoull... yes
#8 70.97 checking for tmpfile... yes
#8 71.04 checking for asprintf... yes
#8 71.13 checking for vasprintf... yes
#8 71.19 checking for vsnprintf... yes
#8 71.25 checking for waitpid... yes
#8 71.32 checking for roundf... yes
#8 71.39 checking for lroundf... yes
#8 71.45 checking for llroundf... yes
#8 71.52 checking for round... yes
#8 71.59 checking for lround... yes
#8 71.66 checking for llround... yes
#8 71.73 checking for an ANSI C-conforming const... yes
#8 71.76 checking if the compiler understands  __inline__... yes
#8 71.78 checking if the compiler understands __inline... yes
#8 71.81 checking if the compiler understands inline... yes
#8 71.83 checking for __attribute__ extension... yes
#8 71.87 checking for __func__ extension... yes
#8 71.90 checking for __FUNCTION__ extension... yes
#8 71.94 checking for C99 designated initialization support... yes
#8 71.98 checking how to print long long... %ld and %lu
#8 72.05 checking enable debugging symbols... no
#8 72.05 checking enable asserts... no
#8 72.05 checking enable developer warnings... no
#8 72.05 checking profiling... no
#8 72.05 checking optimization level... high
#8 72.05 checking enable file locking... best-effort
#8 72.05 checking for internal debug output... none
#8 72.05 checking whether function stack tracking is enabled... no
#8 72.05 checking for API tracing... no
#8 72.05 checking whether a memory checking tool will be used... no
#8 72.05 checking whether internal memory allocation sanity checking is used... no
#8 72.10 checking for parallel support files... skipped
#8 72.11 checking whether O_DIRECT is declared... yes
#8 72.15 checking for posix_memalign... yes
#8 72.21 checking if the direct I/O virtual file driver (VFD) is enabled... no
#8 72.21 checking if the Mirror virtual file driver (VFD) is enabled... no
#8 72.21 checking for curl/curl.h... yes
#8 72.27 checking for openssl/evp.h... yes
#8 72.35 checking for openssl/hmac.h... yes
#8 72.43 checking for openssl/sha.h... yes
#8 72.48 checking for curl_global_init in -lcurl... yes
#8 72.61 checking for EVP_sha256 in -lcrypto... yes
#8 72.72 checking if the Read-Only S3 virtual file driver (VFD) is enabled... yes
#8 72.72 checking for libhdfs... suppressed
#8 72.76 checking for custom examples path definition... ${prefix}/share/hdf5_examples
#8 72.76 checking for custom plugin default path definition... /usr/local/hdf5/lib/plugin
#8 72.76 checking whether exception handling functions is checked during data conversions... yes
#8 72.76 checking whether data accuracy is guaranteed during data conversions... yes
#8 72.76 checking if the machine has window style path name... no
#8 72.77 checking if using special algorithm to convert long double to (unsigned) long values... no
#8 72.88 checking if using special algorithm to convert (unsigned) long to long double values... no
#8 72.99 checking if correctly converting long double to (unsigned) long long values... yes
#8 73.08 checking if correctly converting (unsigned) long long to long double values... yes
#8 73.16 checking if the system is IBM ppc64le and cannot correctly convert some long double values... no
#8 73.35 checking additional programs should be built... no
#8 73.35 checking if deprecated public symbols are available... yes
#8 73.35 checking which version of public symbols to use by default... v110
#8 73.35 checking whether to perform strict file format checks... no
#8 73.35 checking for pread... yes
#8 73.45 checking for pwrite... yes
#8 73.52 checking whether to use pread/pwrite instead of read/write in certain VFDs... yes
#8 73.52 checking whether to have library information embedded in the executables... yes
#8 73.52 checking if alignment restrictions are strictly enforced... no
#8 73.61 configure: creating ./config.lt
#8 74.67 config.lt: creating libtool
#8 74.78 checking that generated files are newer than configure... done
#8 74.78 configure: creating ./config.status
#8 75.95 config.status: creating src/libhdf5.settings
#8 75.98 config.status: creating Makefile
#8 75.99 config.status: creating src/Makefile
#8 76.02 config.status: creating utils/Makefile
#8 76.07 config.status: creating utils/mirror_vfd/Makefile
#8 76.12 config.status: creating bin/h5cc
#8 76.16 config.status: creating bin/Makefile
#8 76.19 config.status: creating c++/Makefile
#8 76.22 config.status: creating c++/src/Makefile
#8 76.25 config.status: creating c++/src/h5c++
#8 76.27 config.status: creating hl/Makefile
#8 76.30 config.status: creating hl/src/Makefile
#8 76.33 config.status: creating hl/c++/Makefile
#8 76.36 config.status: creating hl/c++/src/Makefile
#8 76.38 config.status: creating src/H5config.h
#8 76.40 config.status: executing pubconf commands
#8 76.40 creating src/H5pubconf.h
#8 76.40 Post process src/libhdf5.settings
#8 76.42 config.status: executing depfiles commands
#8 78.54 config.status: executing libtool commands
#8 78.56 config.status: executing .classes commands
#8 78.57 	    SUMMARY OF THE HDF5 CONFIGURATION
#8 78.57 	    =================================
#8 78.57 
#8 78.57 General Information:
#8 78.57 -------------------
#8 78.57                    HDF5 Version: 1.10.7
#8 78.57                   Configured on: Mon Aug 10 20:57:05 UTC 2026
#8 78.57                   Configured by: root@buildkitsandbox
#8 78.57                     Host system: x86_64-pc-linux-gnu
#8 78.57               Uname information: Linux buildkitsandbox 6.17.0-35-generic #35~24.04.1-Ubuntu SMP PREEMPT_DYNAMIC Tue May 26 19:30:42 UTC 2 x86_64 x86_64 x86_64 GNU/Linux
#8 78.57                        Byte sex: little-endian
#8 78.57              Installation point: /tmp/RtmpYh8ehI/R.INSTALL5038369d64/Rhdf5lib/src/hdf5/hdf5
#8 78.57 
#8 78.57 Compiling Options:
#8 78.57 ------------------
#8 78.57                      Build Mode: production
#8 78.57               Debugging Symbols: no
#8 78.57                         Asserts: no
#8 78.57                       Profiling: no
#8 78.57              Optimization Level: high
#8 78.57 
#8 78.57 Linking Options:
#8 78.57 ----------------
#8 78.57                       Libraries: static
#8 78.57   Statically Linked Executables: 
#8 78.57                         LDFLAGS: -L/usr/local/lib
#8 78.57                      H5_LDFLAGS: 
#8 78.57                      AM_LDFLAGS: 
#8 78.57                 Extra libraries: -lcrypto -lcurl -lsz -laec -lz -ldl -lm 
#8 78.57                        Archiver: ar
#8 78.57                        AR_FLAGS: cr
#8 78.57                          Ranlib: ranlib
#8 78.57 
#8 78.57 Languages:
#8 78.57 ----------
#8 78.57                               C: yes
#8 78.57                      C Compiler: /usr/bin/gcc -std=gnu2x
#8 78.57                        CPPFLAGS: -I/usr/local/include
#8 78.57                     H5_CPPFLAGS: -D_GNU_SOURCE -D_POSIX_C_SOURCE=200809L   -DNDEBUG -UH5_DEBUG_API
#8 78.57                     AM_CPPFLAGS: 
#8 78.57                         C Flags: -g -O2 -fstack-protector-strong -Wformat -Werror=format-security -Wdate-time -D_FORTIFY_SOURCE=2 -g -w -fpic
#8 78.57                      H5 C Flags:  -std=c99  -Wno-c++-compat -Wno-format-nonliteral -Wshadow -Wundef -Wwrite-strings -Wlarger-than=2560 -Wlogical-op -Wframe-larger-than=16384 -Wpacked-bitfield-compat -Wsync-nand -Wdouble-promotion -Wtrampolines -Wstack-usage=8192 -Wmaybe-uninitialized -Wdate-time -Warray-bounds=2 -Wc99-c11-compat -Wduplicated-cond -Whsa -Wnormalized -Wunused-const-variable -Walloca -Walloc-zero -Wduplicated-branches -Wimplicit-fallthrough=5 -Wrestrict -Wattribute-alias -Wshift-overflow=2 -Wattribute-alias=2 -Wmissing-profile -fstdarg-opt -s -Wno-aggregate-return -Wno-inline -Wno-missing-format-attribute -Wno-missing-noreturn -Wno-overlength-strings -Wno-jump-misses-init -Wno-suggest-attribute=const -Wno-suggest-attribute=noreturn -Wno-suggest-attribute=pure -Wno-suggest-attribute=format -Wno-suggest-attribute=cold -Wno-suggest-attribute=malloc -O3  -Werror=bad-function-cast -Werror=declaration-after-statement -Werror=implicit-function-declaration -Werror=missing-declarations -Werror=missing-prototypes -Werror=nested-externs -Werror=old-style-definition -Werror=packed -Werror=pointer-sign -Werror=pointer-to-int-cast -Werror=redundant-decls -Werror=strict-prototypes -Werror=switch -Wunused-function -Wformat -Werror=incompatible-pointer-types -Werror=shadow -Wcast-function-type -Wmaybe-uninitialized
#8 78.57                      AM C Flags: 
#8 78.57                Shared C Library: no
#8 78.57                Static C Library: yes
#8 78.57 
#8 78.57 
#8 78.57                         Fortran: no
#8 78.57 
#8 78.57                             C++: yes
#8 78.57                    C++ Compiler: /usr/bin/g++ -std=gnu++17
#8 78.57                       C++ Flags: -w -g -O2 -fstack-protector-strong -Wformat -Werror=format-security -Wdate-time -D_FORTIFY_SOURCE=2 -g -fpic
#8 78.57                    H5 C++ Flags:   -Wall -Wconversion -Wctor-dtor-privacy -Wextra -Wfloat-equal -Wformat=2 -Winit-self -Winvalid-pch -Wmissing-include-dirs -Wno-format-nonliteral -Wnon-virtual-dtor -Woverloaded-virtual -Wreorder -Wshadow -Wsign-promo -Wundef -Wwrite-strings -pedantic -Wlarger-than=2560 -Wlogical-op -Wframe-larger-than=16384 -Wpacked-bitfield-compat -Wsync-nand -Wdouble-promotion -Wtrampolines -Wstack-usage=8192 -Wmaybe-uninitialized -Wdate-time -Wopenmp-simd -Warray-bounds=2 -Wduplicated-cond -Whsa -Wnormalized -Wunused-const-variable -Walloca -Walloc-zero -Wduplicated-branches -Wimplicit-fallthrough=5 -Wrestrict -Wattribute-alias -Wshift-overflow=2 -Wattribute-alias=2 -Wmissing-profile -fstdarg-opt -s -O3  -Wcast-align -Wmissing-declarations -Werror=packed -Werror=redundant-decls -Werror=switch -Wunused-but-set-variable -Werror=unused-function -Werror=unused-variable -Wunused-parameter -Werror=shadow
#8 78.57                    AM C++ Flags: 
#8 78.57              Shared C++ Library: no
#8 78.57              Static C++ Library: yes
#8 78.57 
#8 78.57                            Java: no
#8 78.57 
#8 78.57 
#8 78.57 Features:
#8 78.57 ---------
#8 78.57                    Parallel HDF5: no
#8 78.57 Parallel Filtered Dataset Writes: no
#8 78.57               Large Parallel I/O: no
#8 78.57               High-level library: yes
#8 78.57                 Build HDF5 Tests: no
#8 78.57                 Build HDF5 Tools: no
#8 78.57                     Threadsafety: no
#8 78.57              Default API mapping: v110
#8 78.57   With deprecated public symbols: yes
#8 78.57           I/O filters (external): deflate(zlib),szip(encoder)
#8 78.57                              MPE: no
#8 78.57                       Direct VFD: no
#8 78.57                       Mirror VFD: no
#8 78.57               (Read-Only) S3 VFD: yes
#8 78.57             (Read-Only) HDFS VFD: no
#8 78.57                          dmalloc: no
#8 78.57   Packages w/ extra debug output: none
#8 78.57                      API tracing: no
#8 78.57             Using memory checker: no
#8 78.57  Memory allocation sanity checks: no
#8 78.57           Function stack tracing: no
#8 78.57                 Use file locking: best-effort
#8 78.57        Strict file format checks: no
#8 78.57     Optimization instrumentation: no
#8 78.62 make[1]: Entering directory '/tmp/RtmpYh8ehI/R.INSTALL5038369d64/Rhdf5lib/src/hdf5'
#8 78.62 for d in src . c++ hl; do                                \
#8 78.62   if test $d != .; then                                        \
#8 78.62    (cd $d && make  lib) || exit 1;            \
#8 78.62   fi;                                                           \
#8 78.62 done
#8 78.64 make[2]: Entering directory '/tmp/RtmpYh8ehI/R.INSTALL5038369d64/Rhdf5lib/src/hdf5/src'
#8 78.66 make[3]: Entering directory '/tmp/RtmpYh8ehI/R.INSTALL5038369d64/Rhdf5lib/src/hdf5/src'
#8 78.66   CC       H5.lo
#8 79.23   CC       H5checksum.lo
#8 79.58   CC       H5dbg.lo
#8 79.81   CC       H5system.lo
#8 80.20   CC       H5timer.lo
#8 80.50   CC       H5trace.lo
#8 81.37   CC       H5A.lo
#8 82.13   CC       H5Abtree2.lo
#8 82.43   CC       H5Adense.lo
#8 83.16   CC       H5Adeprec.lo
#8 83.48   CC       H5Aint.lo
#8 84.36   CC       H5Atest.lo
#8 84.60   CC       H5AC.lo
#8 85.31   CC       H5ACdbg.lo
#8 85.54   CC       H5ACproxy_entry.lo
#8 85.87   CC       H5B.lo
#8 86.66   CC       H5Bcache.lo
#8 86.96   CC       H5Bdbg.lo
#8 87.20   CC       H5B2.lo
#8 87.79   CC       H5B2cache.lo
#8 88.39   CC       H5B2dbg.lo
#8 88.86   CC       H5B2hdr.lo
#8 89.45   CC       H5B2int.lo
#8 90.51   CC       H5B2internal.lo
#8 91.09   CC       H5B2leaf.lo
#8 91.56   CC       H5B2stat.lo
#8 91.79   CC       H5B2test.lo
#8 92.32   CC       H5C.lo
#8 94.66   CC       H5Cdbg.lo
#8 95.01   CC       H5Cepoch.lo
#8 95.26   CC       H5Cimage.lo
#8 96.12   CC       H5Clog.lo
#8 96.60   CC       H5Clog_json.lo
#8 97.01   CC       H5Clog_trace.lo
#8 97.42   CC       H5Cprefetched.lo
#8 97.75   CC       H5Cquery.lo
#8 98.12   CC       H5Ctag.lo
#8 98.53   CC       H5Ctest.lo
#8 98.79   CC       H5CS.lo
#8 98.98   CC       H5CX.lo
#8 99.91   CC       H5D.lo
#8 100.8   CC       H5Dbtree.lo
#8 101.5   CC       H5Dbtree2.lo
#8 102.2   CC       H5Dchunk.lo
#8 104.8   CC       H5Dcompact.lo
#8 105.2   CC       H5Dcontig.lo
#8 105.7   CC       H5Ddbg.lo
#8 106.0   CC       H5Ddeprec.lo
#8 106.5   CC       H5Dearray.lo
#8 107.1   CC       H5Defl.lo
#8 107.6   CC       H5Dfarray.lo
#8 108.3   CC       H5Dfill.lo
#8 108.7   CC       H5Dint.lo
#8 110.4   CC       H5Dio.lo
#8 110.9   CC       H5Dlayout.lo
#8 111.3   CC       H5Dnone.lo
#8 111.6   CC       H5Doh.lo
#8 111.9   CC       H5Dscatgath.lo
#8 112.5   CC       H5Dselect.lo
#8 112.8   CC       H5Dsingle.lo
#8 113.1   CC       H5Dtest.lo
#8 113.4   CC       H5Dvirtual.lo
#8 114.5   CC       H5E.lo
#8 115.7   CC       H5Edeprec.lo
#8 116.1   CC       H5Eint.lo
#8 116.4   CC       H5EA.lo
#8 116.9   CC       H5EAcache.lo
#8 117.5   CC       H5EAdbg.lo
#8 117.9   CC       H5EAdblkpage.lo
#8 118.2   CC       H5EAdblock.lo
#8 118.5   CC       H5EAhdr.lo
#8 118.8   CC       H5EAiblock.lo
#8 119.1   CC       H5EAint.lo
#8 119.3   CC       H5EAsblock.lo
#8 119.6   CC       H5EAstat.lo
#8 119.8   CC       H5EAtest.lo
#8 120.1   CC       H5F.lo
#8 120.8   CC       H5Faccum.lo
#8 121.3   CC       H5Fcwfs.lo
#8 121.6   CC       H5Fdbg.lo
#8 121.9   CC       H5Fdeprec.lo
#8 122.1   CC       H5Fefc.lo
#8 122.5   CC       H5Ffake.lo
#8 122.8   CC       H5Fint.lo
#8 123.8   CC       H5Fio.lo
#8 124.1   CC       H5Fmount.lo
#8 124.5   CC       H5Fquery.lo
#8 124.8   CC       H5Fsfile.lo
#8 125.1   CC       H5Fspace.lo
#8 125.3   CC       H5Fsuper.lo
#8 125.9   CC       H5Fsuper_cache.lo
#8 126.3   CC       H5Ftest.lo
#8 126.7   CC       H5FA.lo
#8 127.0   CC       H5FAcache.lo
#8 127.4   CC       H5FAdbg.lo
#8 127.7   CC       H5FAdblock.lo
#8 128.0   CC       H5FAdblkpage.lo
#8 128.3   CC       H5FAhdr.lo
#8 128.5   CC       H5FAint.lo
#8 128.8   CC       H5FAstat.lo
#8 129.0   CC       H5FAtest.lo
#8 129.2   CC       H5FD.lo
#8 129.9   CC       H5FDcore.lo
#8 130.4   CC       H5FDfamily.lo
#8 131.0   CC       H5FDhdfs.lo
#8 131.2   CC       H5FDint.lo
#8 131.5   CC       H5FDlog.lo
#8 132.0   CC       H5FDmulti.lo
#8 132.7   CC       H5FDsec2.lo
#8 133.0   CC       H5FDspace.lo
#8 133.3   CC       H5FDsplitter.lo
#8 133.8   CC       H5FDstdio.lo
#8 134.1   CC       H5FDtest.lo
#8 134.3   CC       H5FL.lo
#8 134.8   CC       H5FO.lo
#8 135.1   CC       H5FS.lo
#8 135.6   CC       H5FScache.lo
#8 136.1   CC       H5FSdbg.lo
#8 136.4   CC       H5FSint.lo
#8 136.6   CC       H5FSsection.lo
#8 137.3   CC       H5FSstat.lo
#8 137.5   CC       H5FStest.lo
#8 137.7   CC       H5G.lo
#8 138.1   CC       H5Gbtree2.lo
#8 138.4   CC       H5Gcache.lo
#8 138.7   CC       H5Gcompact.lo
#8 139.1   CC       H5Gdense.lo
#8 139.8   CC       H5Gdeprec.lo
#8 140.4   CC       H5Gent.lo
#8 140.7   CC       H5Gint.lo
#8 141.2   CC       H5Glink.lo
#8 141.5   CC       H5Gloc.lo
#8 141.9   CC       H5Gname.lo
#8 142.4   CC       H5Gnode.lo
#8 142.9   CC       H5Gobj.lo
#8 143.4   CC       H5Goh.lo
#8 143.7   CC       H5Groot.lo
#8 144.1   CC       H5Gstab.lo
#8 144.5   CC       H5Gtest.lo
#8 144.9   CC       H5Gtraverse.lo
#8 145.3   CC       H5HF.lo
#8 145.7   CC       H5HFbtree2.lo
#8 146.3   CC       H5HFcache.lo
#8 147.2   CC       H5HFdbg.lo
#8 147.6   CC       H5HFdblock.lo
#8 148.0   CC       H5HFdtable.lo
#8 148.3   CC       H5HFhdr.lo
#8 148.9   CC       H5HFhuge.lo
#8 149.5   CC       H5HFiblock.lo
#8 150.1   CC       H5HFiter.lo
#8 150.4   CC       H5HFman.lo
#8 150.8   CC       H5HFsection.lo
#8 151.8   CC       H5HFspace.lo
#8 152.2   CC       H5HFstat.lo
#8 152.5   CC       H5HFtest.lo
#8 152.9   CC       H5HFtiny.lo
#8 153.4   CC       H5HG.lo
#8 154.0   CC       H5HGcache.lo
#8 154.4   CC       H5HGdbg.lo
#8 154.7   CC       H5HGquery.lo
#8 154.9   CC       H5HL.lo
#8 155.4   CC       H5HLcache.lo
#8 155.9   CC       H5HLdbg.lo
#8 156.1   CC       H5HLint.lo
#8 156.4   CC       H5HLprfx.lo
#8 156.7   CC       H5HLdblk.lo
#8 157.1   CC       H5HP.lo
#8 157.5   CC       H5I.lo
#8 158.9   CC       H5Itest.lo
#8 159.3   CC       H5L.lo
#8 161.1   CC       H5Lexternal.lo
#8 161.7   CC       H5make_libsettings.o
#8 161.9   CCLD     H5make_libsettings
#8 162.2 LD_LIBRARY_PATH="$LD_LIBRARY_PATH`echo -L/usr/local/lib |                  \
#8 162.2 	sed -e 's/-L/:/g' -e 's/ //g'`"                               \
#8 162.2  ./H5make_libsettings > H5lib_settings.c  ||                               \
#8 162.2     (test $HDF5_Make_Ignore && echo "*** Error ignored") ||          \
#8 162.2     (rm -f H5lib_settings.c ; exit 1)
#8 162.2   CC       H5lib_settings.lo
#8 162.4   CC       H5MF.lo
#8 163.8   CC       H5MFaggr.lo
#8 164.4   CC       H5MFdbg.lo
#8 164.7   CC       H5MFsection.lo
#8 165.2   CC       H5MM.lo
#8 165.5   CC       H5MP.lo
#8 165.9   CC       H5MPtest.lo
#8 166.2   CC       H5O.lo
#8 167.2   CC       H5Odeprec.lo
#8 167.6   CC       H5Oainfo.lo
#8 168.0   CC       H5Oalloc.lo
#8 169.6   CC       H5Oattr.lo
#8 170.0   CC       H5Oattribute.lo
#8 170.7   CC       H5Obogus.lo
#8 171.0   CC       H5Obtreek.lo
#8 171.2   CC       H5Ocache.lo
#8 171.8   CC       H5Ocache_image.lo
#8 172.1   CC       H5Ochunk.lo
#8 172.4   CC       H5Ocont.lo
#8 172.7   CC       H5Ocopy.lo
#8 173.6   CC       H5Odbg.lo
#8 173.9   CC       H5Odrvinfo.lo
#8 174.3   CC       H5Odtype.lo
#8 175.2   CC       H5Oefl.lo
#8 175.7   CC       H5Ofill.lo
#8 176.2   CC       H5Oflush.lo
#8 176.6   CC       H5Ofsinfo.lo
#8 176.9   CC       H5Oginfo.lo
#8 177.2   CC       H5Oint.lo
#8 178.1   CC       H5Olayout.lo
#8 178.7   CC       H5Olinfo.lo
#8 179.1   CC       H5Olink.lo
#8 179.5   CC       H5Omessage.lo
#8 180.2   CC       H5Omtime.lo
#8 180.5   CC       H5Oname.lo
#8 180.8   CC       H5Onull.lo
#8 181.0   CC       H5Opline.lo
#8 181.5   CC       H5Orefcount.lo
#8 181.7   CC       H5Osdspace.lo
#8 182.1   CC       H5Oshared.lo
#8 182.5   CC       H5Oshmesg.lo
#8 182.7   CC       H5Ostab.lo
#8 183.0   CC       H5Otest.lo
#8 183.5   CC       H5Ounknown.lo
#8 183.7   CC       H5P.lo
#8 184.3   CC       H5Pacpl.lo
#8 184.5   CC       H5Pdapl.lo
#8 185.2   CC       H5Pdcpl.lo
#8 186.6   CC       H5Pdeprec.lo
#8 187.0   CC       H5Pdxpl.lo
#8 187.9   CC       H5Pencdec.lo
#8 188.3   CC       H5Pfapl.lo
#8 189.8   CC       H5Pfcpl.lo
#8 190.4   CC       H5Pfmpl.lo
#8 190.6   CC       H5Pgcpl.lo
#8 191.1   CC       H5Pint.lo
#8 192.6   CC       H5Plapl.lo
#8 193.5   CC       H5Plcpl.lo
#8 193.9   CC       H5Pocpl.lo
#8 195.1   CC       H5Pocpypl.lo
#8 195.7   CC       H5Pstrcpl.lo
#8 196.3   CC       H5Ptest.lo
#8 196.8   CC       H5PB.lo
#8 198.1   CC       H5PL.lo
#8 198.7   CC       H5PLint.lo
#8 199.2   CC       H5PLpath.lo
#8 199.8   CC       H5PLplugin_cache.lo
#8 200.2   CC       H5R.lo
#8 200.9   CC       H5Rint.lo
#8 201.3   CC       H5Rdeprec.lo
#8 201.7   CC       H5UC.lo
#8 202.0   CC       H5RS.lo
#8 202.3   CC       H5S.lo
#8 203.4   CC       H5Sall.lo
#8 203.9   CC       H5Sdbg.lo
#8 204.2   CC       H5Shyper.lo
#8 208.7   CC       H5Snone.lo
#8 209.1   CC       H5Spoint.lo
#8 210.2   CC       H5Sselect.lo
#8 211.5   CC       H5Stest.lo
#8 212.0   CC       H5SL.lo
#8 216.4   CC       H5SM.lo
#8 217.4   CC       H5SMbtree2.lo
#8 217.7   CC       H5SMcache.lo
#8 218.0   CC       H5SMmessage.lo
#8 218.3   CC       H5SMtest.lo
#8 218.6   CC       H5ST.lo
#8 218.9   CC       H5T.lo
#8 221.7   CC       H5Tarray.lo
#8 222.2   CC       H5Tbit.lo
#8 222.7   CC       H5Tcommit.lo
#8 223.2   CC       H5Tcompound.lo
#8 223.5   CC       H5Tconv.lo
#8 247.0   CC       H5Tcset.lo
#8 247.4   CC       H5Tdbg.lo
#8 247.9   CC       H5Tdeprec.lo
#8 248.3   CC       H5Tenum.lo
#8 248.8   CC       H5Tfields.lo
#8 249.5   CC       H5Tfixed.lo
#8 250.0   CC       H5Tfloat.lo
#8 250.7   CC       H5detect.o
#8 253.1   CCLD     H5detect
#8 253.4 LD_LIBRARY_PATH="$LD_LIBRARY_PATH`echo -L/usr/local/lib |                  \
#8 253.4 	sed -e 's/-L/:/g' -e 's/ //g'`"                               \
#8 253.4  ./H5detect > H5Tinit.c  ||                               \
#8 253.4     (test $HDF5_Make_Ignore && echo "*** Error ignored") ||          \
#8 253.4     (rm -f H5Tinit.c ; exit 1)
#8 253.4   CC       H5Tinit.lo
#8 253.9   CC       H5Tnative.lo
#8 254.7   CC       H5Toffset.lo
#8 255.1   CC       H5Toh.lo
#8 255.5   CC       H5Topaque.lo
#8 256.0   CC       H5Torder.lo
#8 256.4   CC       H5Tpad.lo
#8 256.8   CC       H5Tprecis.lo
#8 257.2   CC       H5Tstrpad.lo
#8 257.6   CC       H5Tvisit.lo
#8 258.0   CC       H5Tvlen.lo
#8 258.9   CC       H5TS.lo
#8 259.2   CC       H5VM.lo
#8 260.0   CC       H5WB.lo
#8 260.4   CC       H5Z.lo
#8 261.5   CC       H5Zdeflate.lo
#8 261.9   CC       H5Zfletcher32.lo
#8 262.3   CC       H5Znbit.lo
#8 263.4   CC       H5Zshuffle.lo
#8 263.9   CC       H5Zscaleoffset.lo
#8 266.0   CC       H5Zszip.lo
#8 266.3   CC       H5Ztrans.lo
#8 268.4   CC       H5FDros3.lo
#8 269.1   CC       H5FDs3comms.lo
#8 270.9   CCLD     libhdf5.la
#8 272.1 make[3]: Leaving directory '/tmp/RtmpYh8ehI/R.INSTALL5038369d64/Rhdf5lib/src/hdf5/src'
#8 272.1 make[2]: Leaving directory '/tmp/RtmpYh8ehI/R.INSTALL5038369d64/Rhdf5lib/src/hdf5/src'
#8 272.1 make[2]: Entering directory '/tmp/RtmpYh8ehI/R.INSTALL5038369d64/Rhdf5lib/src/hdf5/c++'
#8 272.1 make[3]: Entering directory '/tmp/RtmpYh8ehI/R.INSTALL5038369d64/Rhdf5lib/src/hdf5/c++'
#8 272.1 make[3]: Nothing to be done for 'build-lib'.
#8 272.1 make[3]: Leaving directory '/tmp/RtmpYh8ehI/R.INSTALL5038369d64/Rhdf5lib/src/hdf5/c++'
#8 272.1 + cd src
#8 272.1 + make lib
#8 272.2 make[3]: Entering directory '/tmp/RtmpYh8ehI/R.INSTALL5038369d64/Rhdf5lib/src/hdf5/c++/src'
#8 272.2 make[4]: Entering directory '/tmp/RtmpYh8ehI/R.INSTALL5038369d64/Rhdf5lib/src/hdf5/c++/src'
#8 272.2   CXX      H5Exception.lo
#8 273.3   CXX      H5IdComponent.lo
#8 274.6   CXX      H5DataSpace.lo
#8 275.7   CXX      H5PropList.lo
#8 277.0   CXX      H5Library.lo
#8 277.7   CXX      H5FaccProp.lo
#8 278.7   CXX      H5FcreatProp.lo
#8 279.6   CXX      H5LcreatProp.lo
#8 280.2   CXX      H5LaccProp.lo
#8 280.9   CXX      H5DaccProp.lo
#8 281.6   CXX      H5DxferProp.lo
#8 282.7   CXX      H5DcreatProp.lo
#8 283.6   CXX      H5Location.lo
#8 286.0   CXX      H5AbstractDs.lo
#8 286.8   CXX      H5Attribute.lo
#8 288.2   CXX      H5Object.lo
#8 289.4   CXX      H5OcreatProp.lo
#8 290.2   CXX      H5DataType.lo
#8 291.7   CXX      H5AtomType.lo
#8 292.5   CXX      H5PredType.lo
#8 294.0   CXX      H5EnumType.lo
#8 295.2   CXX      H5IntType.lo
#8 295.9   CXX      H5FloatType.lo
#8 296.7   CXX      H5StrType.lo
#8 297.3   CXX      H5ArrayType.lo
#8 298.0   CXX      H5VarLenType.lo
#8 298.7   CXX      H5CompType.lo
#8 299.8   CXX      H5DataSet.lo
#8 301.3   CXX      H5CommonFG.lo
#8 302.9   CXX      H5Group.lo
#8 303.9   CXX      H5File.lo
#8 305.3   CXXLD    libhdf5_cpp.la
#8 305.7 make[4]: Leaving directory '/tmp/RtmpYh8ehI/R.INSTALL5038369d64/Rhdf5lib/src/hdf5/c++/src'
#8 305.7 make[3]: Leaving directory '/tmp/RtmpYh8ehI/R.INSTALL5038369d64/Rhdf5lib/src/hdf5/c++/src'
#8 305.7 make[2]: Leaving directory '/tmp/RtmpYh8ehI/R.INSTALL5038369d64/Rhdf5lib/src/hdf5/c++'
#8 305.7 make[2]: Entering directory '/tmp/RtmpYh8ehI/R.INSTALL5038369d64/Rhdf5lib/src/hdf5/hl'
#8 305.7 make[3]: Entering directory '/tmp/RtmpYh8ehI/R.INSTALL5038369d64/Rhdf5lib/src/hdf5/hl'
#8 305.7 make[3]: Nothing to be done for 'build-lib'.
#8 305.7 make[3]: Leaving directory '/tmp/RtmpYh8ehI/R.INSTALL5038369d64/Rhdf5lib/src/hdf5/hl'
#8 305.7 + cd src
#8 305.7 + make lib
#8 305.7 make[3]: Entering directory '/tmp/RtmpYh8ehI/R.INSTALL5038369d64/Rhdf5lib/src/hdf5/hl/src'
#8 305.7 make[4]: Entering directory '/tmp/RtmpYh8ehI/R.INSTALL5038369d64/Rhdf5lib/src/hdf5/hl/src'
#8 305.7   CC       H5DO.lo
#8 306.1   CC       H5DS.lo
#8 307.1   CC       H5IM.lo
#8 307.5   CC       H5LT.lo
#8 308.7   CC       H5LTanalyze.lo
#8 309.3   CC       H5LTparse.lo
#8 309.7   CC       H5PT.lo
#8 310.1   CC       H5TB.lo
#8 311.2   CC       H5LD.lo
#8 311.7   CCLD     libhdf5_hl.la
#8 312.0 make[4]: Leaving directory '/tmp/RtmpYh8ehI/R.INSTALL5038369d64/Rhdf5lib/src/hdf5/hl/src'
#8 312.0 make[3]: Leaving directory '/tmp/RtmpYh8ehI/R.INSTALL5038369d64/Rhdf5lib/src/hdf5/hl/src'
#8 312.0 + cd c++
#8 312.0 + make lib
#8 312.0 make[3]: Entering directory '/tmp/RtmpYh8ehI/R.INSTALL5038369d64/Rhdf5lib/src/hdf5/hl/c++'
#8 312.0 make[4]: Entering directory '/tmp/RtmpYh8ehI/R.INSTALL5038369d64/Rhdf5lib/src/hdf5/hl/c++'
#8 312.0 make[4]: Nothing to be done for 'build-lib'.
#8 312.0 make[4]: Leaving directory '/tmp/RtmpYh8ehI/R.INSTALL5038369d64/Rhdf5lib/src/hdf5/hl/c++'
#8 312.0 + cd src
#8 312.0 + make lib
#8 312.0 make[4]: Entering directory '/tmp/RtmpYh8ehI/R.INSTALL5038369d64/Rhdf5lib/src/hdf5/hl/c++/src'
#8 312.0 make[5]: Entering directory '/tmp/RtmpYh8ehI/R.INSTALL5038369d64/Rhdf5lib/src/hdf5/hl/c++/src'
#8 312.0   CXX      H5PacketTable.lo
#8 312.7   CXXLD    libhdf5_hl_cpp.la
#8 313.0 make[5]: Leaving directory '/tmp/RtmpYh8ehI/R.INSTALL5038369d64/Rhdf5lib/src/hdf5/hl/c++/src'
#8 313.0 make[4]: Leaving directory '/tmp/RtmpYh8ehI/R.INSTALL5038369d64/Rhdf5lib/src/hdf5/hl/c++/src'
#8 313.0 make[3]: Leaving directory '/tmp/RtmpYh8ehI/R.INSTALL5038369d64/Rhdf5lib/src/hdf5/hl/c++'
#8 313.0 make[2]: Leaving directory '/tmp/RtmpYh8ehI/R.INSTALL5038369d64/Rhdf5lib/src/hdf5/hl'
#8 313.0 make[1]: Leaving directory '/tmp/RtmpYh8ehI/R.INSTALL5038369d64/Rhdf5lib/src/hdf5'
#8 313.0 mkdir -p "/usr/local/lib/R/site-library/00LOCK-Rhdf5lib/00new/Rhdf5lib/include"
#8 313.0 cp "hdf5/src"/*.h "/usr/local/lib/R/site-library/00LOCK-Rhdf5lib/00new/Rhdf5lib/include"
#8 313.1 cp "hdf5/c++/src"/*.h "/usr/local/lib/R/site-library/00LOCK-Rhdf5lib/00new/Rhdf5lib/include"
#8 313.1 cp "hdf5/hl/src"/*.h "/usr/local/lib/R/site-library/00LOCK-Rhdf5lib/00new/Rhdf5lib/include"
#8 313.1 cp "hdf5/hl/c++/src"/*.h "/usr/local/lib/R/site-library/00LOCK-Rhdf5lib/00new/Rhdf5lib/include"
#8 313.1 cp "hdf5/src"/libhdf5.settings "/usr/local/lib/R/site-library/00LOCK-Rhdf5lib/00new/Rhdf5lib/include"
#8 313.1 mkdir -p "/usr/local/lib/R/site-library/00LOCK-Rhdf5lib/00new/Rhdf5lib/lib/"
#8 313.1 cp "hdf5/src/.libs/libhdf5.a" "/usr/local/lib/R/site-library/00LOCK-Rhdf5lib/00new/Rhdf5lib/lib/"
#8 313.1 cp "hdf5/c++/src/.libs/libhdf5_cpp.a" "/usr/local/lib/R/site-library/00LOCK-Rhdf5lib/00new/Rhdf5lib/lib/"
#8 313.1 cp "hdf5/hl/src/.libs/libhdf5_hl.a" "/usr/local/lib/R/site-library/00LOCK-Rhdf5lib/00new/Rhdf5lib/lib/"
#8 313.1 cp "hdf5/hl/c++/src/.libs/libhdf5_hl_cpp.a" "/usr/local/lib/R/site-library/00LOCK-Rhdf5lib/00new/Rhdf5lib/lib/"
#8 313.1 gcc -std=gnu2x -I"/usr/local/lib/R/include" -DNDEBUG -I"/usr/local/lib/R/site-library/00LOCK-Rhdf5lib/00new/Rhdf5lib/include"   -I/usr/local/include    -fpic  -g -O2 -fstack-protector-strong -Wformat -Werror=format-security -Wdate-time -D_FORTIFY_SOURCE=2 -g  -c Rhdf5lib.c -o Rhdf5lib.o
#8 313.2 gcc -std=gnu2x -shared -L/usr/local/lib/R/lib -L/usr/local/lib -o Rhdf5lib.so Rhdf5lib.o /usr/local/lib/R/site-library/00LOCK-Rhdf5lib/00new/Rhdf5lib/lib/libhdf5.a -lsz -laec -lz -L/usr/local/lib/R/lib -lR
#8 313.5 installing to /usr/local/lib/R/site-library/00LOCK-Rhdf5lib/00new/Rhdf5lib/libs
#8 313.5 ** R
#8 313.5 ** inst
#8 313.5 ** byte-compile and prepare package for lazy loading
#8 314.0 ** help
#8 314.1 *** installing help indices
#8 314.1 *** copying figures
#8 314.1 ** building package indices
#8 314.5 ** installing vignettes
#8 314.5 ** testing if installed package can be loaded from temporary location
#8 314.8 ** checking absolute paths in shared objects and dynamic libraries
#8 314.9 ** testing if installed package can be loaded from final location
#8 315.2 ** testing if installed package keeps a record of temporary installation path
#8 315.2 * DONE (Rhdf5lib)
#8 315.6 * installing *binary* package ‘futile.options’ ...
#8 315.6 * DONE (futile.options)
#8 316.0 * installing *binary* package ‘filelock’ ...
#8 316.0 * DONE (filelock)
#8 316.4 * installing *binary* package ‘png’ ...
#8 316.4 * DONE (png)
#8 316.9 * installing *binary* package ‘matrixStats’ ...
#8 316.9 * DONE (matrixStats)
#8 317.3 * installing *binary* package ‘abind’ ...
#8 317.3 * DONE (abind)
#8 317.7 * installing *binary* package ‘snow’ ...
#8 317.7 * DONE (snow)
#8 332.4 * installing *binary* package ‘BH’ ...
#8 333.6 * DONE (BH)
#8 334.5 * installing *binary* package ‘irlba’ ...
#8 334.5 * DONE (irlba)
#8 335.0 * installing *binary* package ‘rsvd’ ...
#8 335.1 * DONE (rsvd)
#8 336.4 * installing *source* package ‘assorthead’ ...
#8 336.4 ** this is package ‘assorthead’ version ‘1.4.0’
#8 336.5 ** package ‘assorthead’ successfully unpacked and MD5 sums checked
#8 336.5 ** using staged installation
#8 336.5 ** inst
#8 336.6 No man pages found in package  ‘assorthead’ 
#8 336.6 ** help
#8 336.6 *** installing help indices
#8 336.6 ** building package indices
#8 337.0 ** installing vignettes
#8 337.0 ** testing if installed package can be loaded from temporary location
#8 337.3 ** testing if installed package can be loaded from final location
#8 337.6 ** testing if installed package keeps a record of temporary installation path
#8 337.7 * DONE (assorthead)
#8 338.2 * installing *binary* package ‘rjson’ ...
#8 338.2 * DONE (rjson)
#8 339.0 * installing *binary* package ‘magick’ ...
#8 339.0 * DONE (magick)
#8 339.5 * installing *source* package ‘BiocGenerics’ ...
#8 339.5 ** this is package ‘BiocGenerics’ version ‘0.56.0’
#8 339.5 ** package ‘BiocGenerics’ successfully unpacked and MD5 sums checked
#8 339.5 ** using staged installation
#8 339.5 ** R
#8 339.5 ** inst
#8 339.5 ** byte-compile and prepare package for lazy loading
#8 342.2 Creating a new generic function for ‘aperm’ in package ‘BiocGenerics’
#8 342.2 Creating a new generic function for ‘append’ in package ‘BiocGenerics’
#8 342.2 Creating a new generic function for ‘as.data.frame’ in package ‘BiocGenerics’
#8 342.2 Creating a new generic function for ‘cbind’ in package ‘BiocGenerics’
#8 342.2 Creating a new generic function for ‘rbind’ in package ‘BiocGenerics’
#8 342.2 Creating a new generic function for ‘do.call’ in package ‘BiocGenerics’
#8 342.2 Creating a new generic function for ‘duplicated’ in package ‘BiocGenerics’
#8 342.2 Creating a new generic function for ‘anyDuplicated’ in package ‘BiocGenerics’
#8 342.2 Creating a new generic function for ‘eval’ in package ‘BiocGenerics’
#8 342.2 Creating a new generic function for ‘pmax’ in package ‘BiocGenerics’
#8 342.2 Creating a new generic function for ‘pmin’ in package ‘BiocGenerics’
#8 342.2 Creating a new generic function for ‘pmax.int’ in package ‘BiocGenerics’
#8 342.2 Creating a new generic function for ‘pmin.int’ in package ‘BiocGenerics’
#8 342.2 Creating a new generic function for ‘Reduce’ in package ‘BiocGenerics’
#8 342.2 Creating a new generic function for ‘Filter’ in package ‘BiocGenerics’
#8 342.2 Creating a new generic function for ‘Find’ in package ‘BiocGenerics’
#8 342.2 Creating a new generic function for ‘Map’ in package ‘BiocGenerics’
#8 342.2 Creating a new generic function for ‘Position’ in package ‘BiocGenerics’
#8 342.2 Creating a new generic function for ‘get’ in package ‘BiocGenerics’
#8 342.2 Creating a new generic function for ‘mget’ in package ‘BiocGenerics’
#8 342.2 Creating a new generic function for ‘grep’ in package ‘BiocGenerics’
#8 342.2 Creating a new generic function for ‘grepl’ in package ‘BiocGenerics’
#8 342.2 Creating a new generic function for ‘is.unsorted’ in package ‘BiocGenerics’
#8 342.2 Creating a new generic function for ‘lapply’ in package ‘BiocGenerics’
#8 342.2 Creating a new generic function for ‘sapply’ in package ‘BiocGenerics’
#8 342.2 Creating a new generic function for ‘mapply’ in package ‘BiocGenerics’
#8 342.2 Creating a new generic function for ‘match’ in package ‘BiocGenerics’
#8 342.2 Creating a new generic function for ‘order’ in package ‘BiocGenerics’
#8 342.2 Creating a new generic function for ‘paste’ in package ‘BiocGenerics’
#8 342.2 Creating a new generic function for ‘rank’ in package ‘BiocGenerics’
#8 342.2 Creating a new generic function for ‘rownames’ in package ‘BiocGenerics’
#8 342.2 Creating a new generic function for ‘colnames’ in package ‘BiocGenerics’
#8 342.2 Creating a new generic function for ‘saveRDS’ in package ‘BiocGenerics’
#8 342.2 Creating a new generic function for ‘table’ in package ‘BiocGenerics’
#8 342.2 Creating a new generic function for ‘tapply’ in package ‘BiocGenerics’
#8 342.2 Creating a new generic function for ‘unique’ in package ‘BiocGenerics’
#8 342.2 Creating a new generic function for ‘unsplit’ in package ‘BiocGenerics’
#8 342.2 Creating a new generic function for ‘which.min’ in package ‘BiocGenerics’
#8 342.2 Creating a new generic function for ‘which.max’ in package ‘BiocGenerics’
#8 342.2 Creating a new generic function for ‘IQR’ in package ‘BiocGenerics’
#8 342.2 Creating a new generic function for ‘mad’ in package ‘BiocGenerics’
#8 342.2 Creating a new generic function for ‘var’ in package ‘BiocGenerics’
#8 342.2 Creating a new generic function for ‘sd’ in package ‘BiocGenerics’
#8 342.2 Creating a new generic function for ‘xtabs’ in package ‘BiocGenerics’
#8 342.2 Creating a new generic function for ‘basename’ in package ‘BiocGenerics’
#8 342.2 Creating a new generic function for ‘dirname’ in package ‘BiocGenerics’
#8 342.2 ** help
#8 342.5 *** installing help indices
#8 342.8 ** building package indices
#8 343.4 ** testing if installed package can be loaded from temporary location
#8 344.0 ** testing if installed package can be loaded from final location
#8 344.7 ** testing if installed package keeps a record of temporary installation path
#8 344.7 * DONE (BiocGenerics)
#8 345.1 * installing *binary* package ‘memuse’ ...
#8 345.1 * DONE (memuse)
#8 345.7 * installing *binary* package ‘XML’ ...
#8 345.7 * DONE (XML)
#8 346.1 * installing *source* package ‘BiocVersion’ ...
#8 346.1 ** this is package ‘BiocVersion’ version ‘3.22.0’
#8 346.1 ** package ‘BiocVersion’ successfully unpacked and MD5 sums checked
#8 346.1 ** using staged installation
#8 346.2 ** help
#8 346.2 *** installing help indices
#8 346.2 ** building package indices
#8 346.6 ** testing if installed package can be loaded from temporary location
#8 347.0 ** testing if installed package can be loaded from final location
#8 347.3 ** testing if installed package keeps a record of temporary installation path
#8 347.3 * DONE (BiocVersion)
#8 348.1 * installing *source* package ‘rhdf5filters’ ...
#8 348.1 ** this is package ‘rhdf5filters’ version ‘1.22.0’
#8 348.1 ** package ‘rhdf5filters’ successfully unpacked and MD5 sums checked
#8 348.1 ** using staged installation
#8 349.5 checking for gcc... gcc -std=gnu2x
#8 349.6 checking whether the C compiler works... yes
#8 349.7 checking for C compiler default output file name... a.out
#8 349.7 checking for suffix of executables... 
#8 349.8 checking whether we are cross compiling... no
#8 349.9 checking for suffix of object files... o
#8 349.9 checking whether the compiler supports GNU C... yes
#8 350.0 checking whether gcc -std=gnu2x accepts -g... yes
#8 350.0 checking for gcc -std=gnu2x option to enable C11 features... none needed
#8 350.5 configure: is NOT Bioc build machine
#8 350.5 configure: configuring BZIP2 filter...
#8 350.5 checking for stdio.h... yes
#8 350.6 checking for stdlib.h... yes
#8 350.6 checking for string.h... yes
#8 350.7 checking for inttypes.h... yes
#8 350.7 checking for stdint.h... yes
#8 350.8 checking for strings.h... yes
#8 350.8 checking for sys/stat.h... yes
#8 350.9 checking for sys/types.h... yes
#8 350.9 checking for unistd.h... yes
#8 351.0 checking for bzlib.h... yes
#8 351.0 checking for BZ2_bzDecompressInit in -lbz2... yes
#8 351.1 configure: Using system bzip2 library
#8 351.1 configure: configuring the Zstd filter...
#8 351.1 checking for zstd.h... yes
#8 351.2 checking for ZSTD_decompress in -lzstd... yes
#8 351.2 configure: Using system Zstd library
#8 351.2 configure: configuring the BLOSC filter...
#8 351.2 checking for blosc.h... yes
#8 351.3 checking for blosc_compress in -lblosc... yes
#8 351.4 configure: Using system BLOSC library
#8 351.4 configure: configuring the VBZ filter
#8 351.4 checking whether C compiler accepts -mavx... yes
#8 351.6 checking for x86 avx instruction support... yes
#8 351.7 configure: creating ./config.status
#8 351.9 config.status: creating src/bzip2/Makefile
#8 351.9 config.status: creating src/zstd/Makefile
#8 351.9 config.status: creating src/blosc/lib/blosc-1.20.1/Makefile
#8 352.0 config.status: creating src/blosc/Makefile
#8 352.0 config.status: creating src/vbz/Makefile
#8 352.1 config.status: creating src/vbz/vbz/Makefile
#8 352.1 config.status: creating src/vbz/third_party/streamvbyte/Makefile
#8 352.1 config.status: creating src/Makevars
#8 352.2 ** libs
#8 352.3 using C compiler: ‘gcc (Ubuntu 13.3.0-6ubuntu2~24.04) 13.3.0’
#8 352.3 make -C zstd
#8 352.3 make[1]: Entering directory '/tmp/RtmpcYc6EZ/R.INSTALL3e9912a5dce0/rhdf5filters/src/zstd'
#8 352.3 gcc -std=gnu2x -g -O2 -fstack-protector-strong -Wformat -Werror=format-security -Wdate-time -D_FORTIFY_SOURCE=2 -g -fpic -shared H5Zzstd.c -I/usr/local/include -I"/usr/local/lib/R/site-library/Rhdf5lib/include" \
#8 352.3  -lzstd -L/usr/local/lib -o libH5Zzstd.so
#8 352.4 make[1]: Leaving directory '/tmp/RtmpcYc6EZ/R.INSTALL3e9912a5dce0/rhdf5filters/src/zstd'
#8 352.4 make -C blosc
#8 352.4 make[1]: Entering directory '/tmp/RtmpcYc6EZ/R.INSTALL3e9912a5dce0/rhdf5filters/src/blosc'
#8 352.4 g++ -std=gnu++17 -g -O2 -fstack-protector-strong -Wformat -Werror=format-security -Wdate-time -D_FORTIFY_SOURCE=2 -g -fpic -shared -I/usr/local/include -I"/usr/local/lib/R/site-library/Rhdf5lib/include" H5Zblosc.cpp \
#8 352.4 -L/usr/local/lib  -lblosc -lzstd -lz -o libH5Zblosc.so 
#8 352.6 make[1]: Leaving directory '/tmp/RtmpcYc6EZ/R.INSTALL3e9912a5dce0/rhdf5filters/src/blosc'
#8 352.6 make -C bzip2
#8 352.6 make[1]: Entering directory '/tmp/RtmpcYc6EZ/R.INSTALL3e9912a5dce0/rhdf5filters/src/bzip2'
#8 352.6 gcc -std=gnu2x -g -O2 -fstack-protector-strong -Wformat -Werror=format-security -Wdate-time -D_FORTIFY_SOURCE=2 -g -fpic -shared H5Zbzip2.c -I/usr/local/include -I"/usr/local/lib/R/site-library/Rhdf5lib/include" \
#8 352.6  -lbz2 -L/usr/local/lib -o libH5Zbz2.so
#8 352.8 make[1]: Leaving directory '/tmp/RtmpcYc6EZ/R.INSTALL3e9912a5dce0/rhdf5filters/src/bzip2'
#8 352.8 make -C lzf
#8 352.8 make[1]: Entering directory '/tmp/RtmpcYc6EZ/R.INSTALL3e9912a5dce0/rhdf5filters/src/lzf'
#8 352.8 make -C lzf
#8 352.8 make[2]: Entering directory '/tmp/RtmpcYc6EZ/R.INSTALL3e9912a5dce0/rhdf5filters/src/lzf/lzf'
#8 352.8 gcc -std=gnu2x -g -O2 -fstack-protector-strong -Wformat -Werror=format-security -Wdate-time -D_FORTIFY_SOURCE=2 -g -fpic -I/usr/local/include -I"/usr/local/lib/R/site-library/Rhdf5lib/include" -c lzf_c.c
#8 352.9 gcc -std=gnu2x -g -O2 -fstack-protector-strong -Wformat -Werror=format-security -Wdate-time -D_FORTIFY_SOURCE=2 -g -fpic -I/usr/local/include -I"/usr/local/lib/R/site-library/Rhdf5lib/include" -c lzf_d.c
#8 352.9 rm -f liblzf.a
#8 352.9 ar cq liblzf.a lzf_c.o lzf_d.o
#8 352.9 ranlib liblzf.a
#8 352.9 make[2]: Leaving directory '/tmp/RtmpcYc6EZ/R.INSTALL3e9912a5dce0/rhdf5filters/src/lzf/lzf'
#8 352.9 gcc -std=gnu2x -g -O2 -fstack-protector-strong -Wformat -Werror=format-security -Wdate-time -D_FORTIFY_SOURCE=2 -g -fpic -shared H5Zlzf.c -I/usr/local/include -I"/usr/local/lib/R/site-library/Rhdf5lib/include" \
#8 352.9 -I./lzf/ ./lzf/liblzf.a -L/usr/local/lib -o libH5Zlzf.so
#8 353.1 make[1]: Leaving directory '/tmp/RtmpcYc6EZ/R.INSTALL3e9912a5dce0/rhdf5filters/src/lzf'
#8 353.1 make -C vbz
#8 353.1 make[1]: Entering directory '/tmp/RtmpcYc6EZ/R.INSTALL3e9912a5dce0/rhdf5filters/src/vbz'
#8 353.1 make -C third_party/streamvbyte
#8 353.1 make[2]: Entering directory '/tmp/RtmpcYc6EZ/R.INSTALL3e9912a5dce0/rhdf5filters/src/vbz/third_party/streamvbyte'
#8 353.1 gcc -std=gnu99 -g -O2 -fstack-protector-strong -Wformat -Werror=format-security -Wdate-time -D_FORTIFY_SOURCE=2 -g -fpic -Iinclude -I/usr/local/include -I"/usr/local/lib/R/site-library/Rhdf5lib/include" -mavx  -c ./src/streamvbyte_decode.c
#8 354.1 gcc -std=gnu99 -g -O2 -fstack-protector-strong -Wformat -Werror=format-security -Wdate-time -D_FORTIFY_SOURCE=2 -g -fpic -Iinclude -I/usr/local/include -I"/usr/local/lib/R/site-library/Rhdf5lib/include" -mavx  -c ./src/streamvbyte_encode.c
#8 354.8 gcc -std=gnu99 -g -O2 -fstack-protector-strong -Wformat -Werror=format-security -Wdate-time -D_FORTIFY_SOURCE=2 -g -fpic -Iinclude -I/usr/local/include -I"/usr/local/lib/R/site-library/Rhdf5lib/include" -mavx  -c ./src/streamvbytedelta_decode.c
#8 355.7 gcc -std=gnu99 -g -O2 -fstack-protector-strong -Wformat -Werror=format-security -Wdate-time -D_FORTIFY_SOURCE=2 -g -fpic -Iinclude -I/usr/local/include -I"/usr/local/lib/R/site-library/Rhdf5lib/include" -mavx  -c ./src/streamvbytedelta_encode.c
#8 356.5 gcc -std=gnu99 -g -O2 -fstack-protector-strong -Wformat -Werror=format-security -Wdate-time -D_FORTIFY_SOURCE=2 -g -fpic -Iinclude -I/usr/local/include -I"/usr/local/lib/R/site-library/Rhdf5lib/include" -mavx  -c ./src/streamvbyte_0124_encode.c
#8 357.2 gcc -std=gnu99 -g -O2 -fstack-protector-strong -Wformat -Werror=format-security -Wdate-time -D_FORTIFY_SOURCE=2 -g -fpic -Iinclude -I/usr/local/include -I"/usr/local/lib/R/site-library/Rhdf5lib/include" -mavx  -c ./src/streamvbyte_0124_decode.c
#8 358.0 gcc -std=gnu99 -g -O2 -fstack-protector-strong -Wformat -Werror=format-security -Wdate-time -D_FORTIFY_SOURCE=2 -g -fpic -Iinclude -I/usr/local/include -I"/usr/local/lib/R/site-library/Rhdf5lib/include" -mavx  -c ./src/streamvbyte_zigzag.c
#8 358.1 rm -f libstreamvbyte.a
#8 358.1 ar cq libstreamvbyte.a streamvbyte_decode.o streamvbyte_encode.o streamvbytedelta_decode.o streamvbytedelta_encode.o streamvbyte_0124_encode.o streamvbyte_0124_decode.o streamvbyte_zigzag.o
#8 358.1 ranlib libstreamvbyte.a 
#8 358.1 make[2]: Leaving directory '/tmp/RtmpcYc6EZ/R.INSTALL3e9912a5dce0/rhdf5filters/src/vbz/third_party/streamvbyte'
#8 358.1 make -C vbz
#8 358.1 make[2]: Entering directory '/tmp/RtmpcYc6EZ/R.INSTALL3e9912a5dce0/rhdf5filters/src/vbz/vbz'
#8 358.1 g++ -std=gnu++17 -g -O2 -fstack-protector-strong -Wformat -Werror=format-security -Wdate-time -D_FORTIFY_SOURCE=2 -g -fpic -I/usr/local/include -I"/usr/local/lib/R/site-library/Rhdf5lib/include" -I../third_party/streamvbyte/include/ -I../third_party/ -I../../zstd/ -mssse3 -c vbz.cpp -o vbz.o
#8 359.1 g++ -std=gnu++17 -g -O2 -fstack-protector-strong -Wformat -Werror=format-security -Wdate-time -D_FORTIFY_SOURCE=2 -g -fpic -I/usr/local/include -I"/usr/local/lib/R/site-library/Rhdf5lib/include" -I../third_party/streamvbyte/include/ -I../third_party/ -I../../zstd/ -mssse3 -c v0/vbz_streamvbyte.cpp -o v0/vbz_streamvbyte.o
#8 362.1 g++ -std=gnu++17 -g -O2 -fstack-protector-strong -Wformat -Werror=format-security -Wdate-time -D_FORTIFY_SOURCE=2 -g -fpic -I/usr/local/include -I"/usr/local/lib/R/site-library/Rhdf5lib/include" -I../third_party/streamvbyte/include/ -I../third_party/ -I../../zstd/ -mssse3 -c v1/vbz_streamvbyte.cpp -o v1/vbz_streamvbyte.o
#8 365.0 make[2]: Leaving directory '/tmp/RtmpcYc6EZ/R.INSTALL3e9912a5dce0/rhdf5filters/src/vbz/vbz'
#8 365.0 rm -f libvbz.a
#8 365.0 ar cq libvbz.a vbz/vbz.o vbz/v0/vbz_streamvbyte.o vbz/v1/vbz_streamvbyte.o
#8 365.0 ranlib libvbz.a
#8 365.0 g++ -std=gnu++17 -g -O2 -fstack-protector-strong -Wformat -Werror=format-security -Wdate-time -D_FORTIFY_SOURCE=2 -g -fpic -I/usr/local/include -I"/usr/local/lib/R/site-library/Rhdf5lib/include" -shared vbz_plugin.cpp \
#8 365.0 libvbz.a -L/usr/local/lib -lzstd third_party/streamvbyte/libstreamvbyte.a -o libH5Zvbz.so
#8 366.0 make[1]: Leaving directory '/tmp/RtmpcYc6EZ/R.INSTALL3e9912a5dce0/rhdf5filters/src/vbz'
#8 366.0 mkdir -p "/usr/local/lib/R/site-library/00LOCK-rhdf5filters/00new/rhdf5filters/lib/"
#8 366.0 cp bzip2/libH5Zbz2.so blosc/libH5Zblosc.so lzf/libH5Zlzf.so zstd/libH5Zzstd.so vbz/libH5Zvbz.so "/usr/local/lib/R/site-library/00LOCK-rhdf5filters/00new/rhdf5filters/lib/"
#8 366.0 gcc -std=gnu2x -I"/usr/local/lib/R/include" -DNDEBUG -I/usr/local/include -I"/usr/local/lib/R/site-library/Rhdf5lib/include" -I'/usr/local/lib/R/site-library/Rhdf5lib/include' -I/usr/local/include   -g -O2 -fstack-protector-strong -Wformat -Werror=format-security -Wdate-time -D_FORTIFY_SOURCE=2 -g -fpic  -g -O2 -fstack-protector-strong -Wformat -Werror=format-security -Wdate-time -D_FORTIFY_SOURCE=2 -g  -c rhdf5filters.c -o rhdf5filters.o
#8 366.1 gcc -std=gnu2x -shared -L/usr/local/lib/R/lib -L/usr/local/lib -o rhdf5filters.so rhdf5filters.o -L/usr/local/lib/R/lib -lR
#8 366.1 installing to /usr/local/lib/R/site-library/00LOCK-rhdf5filters/00new/rhdf5filters/libs
#8 366.1 ** R
#8 366.1 ** inst
#8 366.1 ** byte-compile and prepare package for lazy loading
#8 366.5 ** help
#8 366.5 *** installing help indices
#8 366.5 *** copying figures
#8 366.5 ** building package indices
#8 366.9 ** installing vignettes
#8 366.9 ** testing if installed package can be loaded from temporary location
#8 367.3 ** checking absolute paths in shared objects and dynamic libraries
#8 367.4 ** testing if installed package can be loaded from final location
#8 367.8 ** testing if installed package keeps a record of temporary installation path
#8 367.8 * DONE (rhdf5filters)
#8 368.2 * installing *binary* package ‘lambda.r’ ...
#8 368.2 * DONE (lambda.r)
#8 368.9 * installing *source* package ‘BiocFileCache’ ...
#8 368.9 ** this is package ‘BiocFileCache’ version ‘3.0.0’
#8 368.9 ** package ‘BiocFileCache’ successfully unpacked and MD5 sums checked
#8 368.9 ** using staged installation
#8 369.0 ** R
#8 369.0 ** inst
#8 369.0 ** byte-compile and prepare package for lazy loading
#8 373.8 ** help
#8 373.9 *** installing help indices
#8 373.9 ** building package indices
#8 374.4 ** installing vignettes
#8 374.4 ** testing if installed package can be loaded from temporary location
#8 376.1 ** testing if installed package can be loaded from final location
#8 378.1 ** testing if installed package keeps a record of temporary installation path
#8 378.1 * DONE (BiocFileCache)
#8 378.6 * installing *source* package ‘MatrixGenerics’ ...
#8 378.6 ** this is package ‘MatrixGenerics’ version ‘1.22.0’
#8 378.6 ** package ‘MatrixGenerics’ successfully unpacked and MD5 sums checked
#8 378.6 ** using staged installation
#8 378.6 ** R
#8 378.7 ** inst
#8 378.7 ** byte-compile and prepare package for lazy loading
#8 381.7 Creating a new generic function for ‘rowAlls’ in package ‘MatrixGenerics’
#8 381.7 Creating a new generic function for ‘colAlls’ in package ‘MatrixGenerics’
#8 381.7 Creating a new generic function for ‘rowAnyNAs’ in package ‘MatrixGenerics’
#8 381.7 Creating a new generic function for ‘colAnyNAs’ in package ‘MatrixGenerics’
#8 381.7 Creating a new generic function for ‘rowAnys’ in package ‘MatrixGenerics’
#8 381.7 Creating a new generic function for ‘colAnys’ in package ‘MatrixGenerics’
#8 381.7 Creating a new generic function for ‘rowAvgsPerColSet’ in package ‘MatrixGenerics’
#8 381.7 Creating a new generic function for ‘colAvgsPerRowSet’ in package ‘MatrixGenerics’
#8 381.7 Creating a new generic function for ‘rowCollapse’ in package ‘MatrixGenerics’
#8 381.7 Creating a new generic function for ‘colCollapse’ in package ‘MatrixGenerics’
#8 381.7 Creating a new generic function for ‘rowCounts’ in package ‘MatrixGenerics’
#8 381.7 Creating a new generic function for ‘colCounts’ in package ‘MatrixGenerics’
#8 381.7 Creating a new generic function for ‘rowCummaxs’ in package ‘MatrixGenerics’
#8 381.7 Creating a new generic function for ‘colCummaxs’ in package ‘MatrixGenerics’
#8 381.7 Creating a new generic function for ‘rowCummins’ in package ‘MatrixGenerics’
#8 381.7 Creating a new generic function for ‘colCummins’ in package ‘MatrixGenerics’
#8 381.7 Creating a new generic function for ‘rowCumprods’ in package ‘MatrixGenerics’
#8 381.7 Creating a new generic function for ‘colCumprods’ in package ‘MatrixGenerics’
#8 381.7 Creating a new generic function for ‘rowCumsums’ in package ‘MatrixGenerics’
#8 381.7 Creating a new generic function for ‘colCumsums’ in package ‘MatrixGenerics’
#8 381.7 Creating a new generic function for ‘rowDiffs’ in package ‘MatrixGenerics’
#8 381.7 Creating a new generic function for ‘colDiffs’ in package ‘MatrixGenerics’
#8 381.7 Creating a new generic function for ‘rowIQRDiffs’ in package ‘MatrixGenerics’
#8 381.7 Creating a new generic function for ‘colIQRDiffs’ in package ‘MatrixGenerics’
#8 381.7 Creating a new generic function for ‘rowIQRs’ in package ‘MatrixGenerics’
#8 381.7 Creating a new generic function for ‘colIQRs’ in package ‘MatrixGenerics’
#8 381.7 Creating a new generic function for ‘rowLogSumExps’ in package ‘MatrixGenerics’
#8 381.7 Creating a new generic function for ‘colLogSumExps’ in package ‘MatrixGenerics’
#8 381.7 Creating a new generic function for ‘rowMadDiffs’ in package ‘MatrixGenerics’
#8 381.7 Creating a new generic function for ‘colMadDiffs’ in package ‘MatrixGenerics’
#8 381.7 Creating a new generic function for ‘rowMads’ in package ‘MatrixGenerics’
#8 381.7 Creating a new generic function for ‘colMads’ in package ‘MatrixGenerics’
#8 381.7 Creating a new generic function for ‘rowMaxs’ in package ‘MatrixGenerics’
#8 381.7 Creating a new generic function for ‘colMaxs’ in package ‘MatrixGenerics’
#8 381.7 Creating a new generic function for ‘rowMeans2’ in package ‘MatrixGenerics’
#8 381.7 Creating a new generic function for ‘colMeans2’ in package ‘MatrixGenerics’
#8 381.7 Creating a new generic function for ‘rowMedians’ in package ‘MatrixGenerics’
#8 381.7 Creating a new generic function for ‘colMedians’ in package ‘MatrixGenerics’
#8 381.7 Creating a new generic function for ‘rowMins’ in package ‘MatrixGenerics’
#8 381.7 Creating a new generic function for ‘colMins’ in package ‘MatrixGenerics’
#8 381.7 Creating a new generic function for ‘rowOrderStats’ in package ‘MatrixGenerics’
#8 381.7 Creating a new generic function for ‘colOrderStats’ in package ‘MatrixGenerics’
#8 381.7 Creating a new generic function for ‘rowProds’ in package ‘MatrixGenerics’
#8 381.7 Creating a new generic function for ‘colProds’ in package ‘MatrixGenerics’
#8 381.7 Creating a new generic function for ‘rowQuantiles’ in package ‘MatrixGenerics’
#8 381.7 Creating a new generic function for ‘colQuantiles’ in package ‘MatrixGenerics’
#8 381.7 Creating a new generic function for ‘rowRanges’ in package ‘MatrixGenerics’
#8 381.7 Creating a new generic function for ‘colRanges’ in package ‘MatrixGenerics’
#8 381.7 Creating a new generic function for ‘rowRanks’ in package ‘MatrixGenerics’
#8 381.7 Creating a new generic function for ‘colRanks’ in package ‘MatrixGenerics’
#8 381.7 Creating a new generic function for ‘rowSdDiffs’ in package ‘MatrixGenerics’
#8 381.7 Creating a new generic function for ‘colSdDiffs’ in package ‘MatrixGenerics’
#8 381.7 Creating a new generic function for ‘rowSds’ in package ‘MatrixGenerics’
#8 381.7 Creating a new generic function for ‘colSds’ in package ‘MatrixGenerics’
#8 381.7 Creating a new generic function for ‘rowSums2’ in package ‘MatrixGenerics’
#8 381.7 Creating a new generic function for ‘colSums2’ in package ‘MatrixGenerics’
#8 381.7 Creating a new generic function for ‘rowTabulates’ in package ‘MatrixGenerics’
#8 381.7 Creating a new generic function for ‘colTabulates’ in package ‘MatrixGenerics’
#8 381.7 Creating a new generic function for ‘rowVarDiffs’ in package ‘MatrixGenerics’
#8 381.7 Creating a new generic function for ‘colVarDiffs’ in package ‘MatrixGenerics’
#8 381.7 Creating a new generic function for ‘rowVars’ in package ‘MatrixGenerics’
#8 381.7 Creating a new generic function for ‘colVars’ in package ‘MatrixGenerics’
#8 381.7 Creating a new generic function for ‘rowWeightedMads’ in package ‘MatrixGenerics’
#8 381.7 Creating a new generic function for ‘colWeightedMads’ in package ‘MatrixGenerics’
#8 381.7 Creating a new generic function for ‘rowWeightedMeans’ in package ‘MatrixGenerics’
#8 381.7 Creating a new generic function for ‘colWeightedMeans’ in package ‘MatrixGenerics’
#8 381.7 Creating a new generic function for ‘rowWeightedMedians’ in package ‘MatrixGenerics’
#8 381.7 Creating a new generic function for ‘colWeightedMedians’ in package ‘MatrixGenerics’
#8 381.7 Creating a new generic function for ‘rowWeightedSds’ in package ‘MatrixGenerics’
#8 381.7 Creating a new generic function for ‘colWeightedSds’ in package ‘MatrixGenerics’
#8 381.7 Creating a new generic function for ‘rowWeightedVars’ in package ‘MatrixGenerics’
#8 381.7 Creating a new generic function for ‘colWeightedVars’ in package ‘MatrixGenerics’
#8 381.7 ** help
#8 382.0 *** installing help indices
#8 382.1 ** building package indices
#8 382.5 ** testing if installed package can be loaded from temporary location
#8 383.0 ** testing if installed package can be loaded from final location
#8 383.5 ** testing if installed package keeps a record of temporary installation path
#8 383.5 * DONE (MatrixGenerics)
#8 384.3 * installing *source* package ‘S4Vectors’ ...
#8 384.3 ** this is package ‘S4Vectors’ version ‘0.48.1’
#8 384.3 ** package ‘S4Vectors’ successfully unpacked and MD5 sums checked
#8 384.3 ** using staged installation
#8 384.3 ** libs
#8 384.4 using C compiler: ‘gcc (Ubuntu 13.3.0-6ubuntu2~24.04) 13.3.0’
#8 384.4 gcc -std=gnu2x -I"/usr/local/lib/R/include" -DNDEBUG   -I/usr/local/include    -fpic  -g -O2 -fstack-protector-strong -Wformat -Werror=format-security -Wdate-time -D_FORTIFY_SOURCE=2 -g  -c AEbufs.c -o AEbufs.o
#8 385.2 gcc -std=gnu2x -I"/usr/local/lib/R/include" -DNDEBUG   -I/usr/local/include    -fpic  -g -O2 -fstack-protector-strong -Wformat -Werror=format-security -Wdate-time -D_FORTIFY_SOURCE=2 -g  -c DFrame_class.c -o DFrame_class.o
#8 385.3 gcc -std=gnu2x -I"/usr/local/lib/R/include" -DNDEBUG   -I/usr/local/include    -fpic  -g -O2 -fstack-protector-strong -Wformat -Werror=format-security -Wdate-time -D_FORTIFY_SOURCE=2 -g  -c Hits_class.c -o Hits_class.o
#8 385.5 In file included from /usr/include/string.h:548,
#8 385.5                  from /usr/local/lib/R/include/R_ext/RS.h:34,
#8 385.5                  from /usr/local/lib/R/include/Rdefines.h:38,
#8 385.5                  from ../inst/include/S4Vectors_defines.h:18,
#8 385.5                  from S4Vectors.h:1,
#8 385.5                  from Hits_class.c:4:
#8 385.5 In function ‘memcpy’,
#8 385.5     inlined from ‘tsort_hits’ at Hits_class.c:113:3:
#8 385.5 /usr/include/x86_64-linux-gnu/bits/string_fortified.h:29:10: warning: ‘__builtin_memcpy’ specified bound between 18446744065119617024 and 18446744073709551612 exceeds maximum object size 9223372036854775807 [-Wstringop-overflow=]
#8 385.5    29 |   return __builtin___memcpy_chk (__dest, __src, __len,
#8 385.5       |          ^~~~~~~~~~~~~~~~~~~~~~~~~~~~~~~~~~~~~~~~~~~~~
#8 385.5    30 |                                  __glibc_objsize0 (__dest));
#8 385.5       |                                  ~~~~~~~~~~~~~~~~~~~~~~~~~~
#8 385.9 gcc -std=gnu2x -I"/usr/local/lib/R/include" -DNDEBUG   -I/usr/local/include    -fpic  -g -O2 -fstack-protector-strong -Wformat -Werror=format-security -Wdate-time -D_FORTIFY_SOURCE=2 -g  -c LLint_class.c -o LLint_class.o
#8 386.5 gcc -std=gnu2x -I"/usr/local/lib/R/include" -DNDEBUG   -I/usr/local/include    -fpic  -g -O2 -fstack-protector-strong -Wformat -Werror=format-security -Wdate-time -D_FORTIFY_SOURCE=2 -g  -c List_class.c -o List_class.o
#8 386.5 gcc -std=gnu2x -I"/usr/local/lib/R/include" -DNDEBUG   -I/usr/local/include    -fpic  -g -O2 -fstack-protector-strong -Wformat -Werror=format-security -Wdate-time -D_FORTIFY_SOURCE=2 -g  -c R_init_S4Vectors.c -o R_init_S4Vectors.o
#8 386.6 gcc -std=gnu2x -I"/usr/local/lib/R/include" -DNDEBUG   -I/usr/local/include    -fpic  -g -O2 -fstack-protector-strong -Wformat -Werror=format-security -Wdate-time -D_FORTIFY_SOURCE=2 -g  -c Rle_class.c -o Rle_class.o
#8 387.3 gcc -std=gnu2x -I"/usr/local/lib/R/include" -DNDEBUG   -I/usr/local/include    -fpic  -g -O2 -fstack-protector-strong -Wformat -Werror=format-security -Wdate-time -D_FORTIFY_SOURCE=2 -g  -c Rle_utils.c -o Rle_utils.o
#8 387.9 gcc -std=gnu2x -I"/usr/local/lib/R/include" -DNDEBUG   -I/usr/local/include    -fpic  -g -O2 -fstack-protector-strong -Wformat -Werror=format-security -Wdate-time -D_FORTIFY_SOURCE=2 -g  -c SEXP_utils.c -o SEXP_utils.o
#8 388.0 gcc -std=gnu2x -I"/usr/local/lib/R/include" -DNDEBUG   -I/usr/local/include    -fpic  -g -O2 -fstack-protector-strong -Wformat -Werror=format-security -Wdate-time -D_FORTIFY_SOURCE=2 -g  -c SimpleList_class.c -o SimpleList_class.o
#8 388.1 gcc -std=gnu2x -I"/usr/local/lib/R/include" -DNDEBUG   -I/usr/local/include    -fpic  -g -O2 -fstack-protector-strong -Wformat -Werror=format-security -Wdate-time -D_FORTIFY_SOURCE=2 -g  -c character_utils.c -o character_utils.o
#8 388.3 gcc -std=gnu2x -I"/usr/local/lib/R/include" -DNDEBUG   -I/usr/local/include    -fpic  -g -O2 -fstack-protector-strong -Wformat -Werror=format-security -Wdate-time -D_FORTIFY_SOURCE=2 -g  -c eval_utils.c -o eval_utils.o
#8 388.3 gcc -std=gnu2x -I"/usr/local/lib/R/include" -DNDEBUG   -I/usr/local/include    -fpic  -g -O2 -fstack-protector-strong -Wformat -Werror=format-security -Wdate-time -D_FORTIFY_SOURCE=2 -g  -c hash_utils.c -o hash_utils.o
#8 388.4 gcc -std=gnu2x -I"/usr/local/lib/R/include" -DNDEBUG   -I/usr/local/include    -fpic  -g -O2 -fstack-protector-strong -Wformat -Werror=format-security -Wdate-time -D_FORTIFY_SOURCE=2 -g  -c integer_utils.c -o integer_utils.o
#8 389.2 gcc -std=gnu2x -I"/usr/local/lib/R/include" -DNDEBUG   -I/usr/local/include    -fpic  -g -O2 -fstack-protector-strong -Wformat -Werror=format-security -Wdate-time -D_FORTIFY_SOURCE=2 -g  -c logical_utils.c -o logical_utils.o
#8 389.3 gcc -std=gnu2x -I"/usr/local/lib/R/include" -DNDEBUG   -I/usr/local/include    -fpic  -g -O2 -fstack-protector-strong -Wformat -Werror=format-security -Wdate-time -D_FORTIFY_SOURCE=2 -g  -c map_ranges_to_runs.c -o map_ranges_to_runs.o
#8 389.8 gcc -std=gnu2x -I"/usr/local/lib/R/include" -DNDEBUG   -I/usr/local/include    -fpic  -g -O2 -fstack-protector-strong -Wformat -Werror=format-security -Wdate-time -D_FORTIFY_SOURCE=2 -g  -c raw_utils.c -o raw_utils.o
#8 390.0 gcc -std=gnu2x -I"/usr/local/lib/R/include" -DNDEBUG   -I/usr/local/include    -fpic  -g -O2 -fstack-protector-strong -Wformat -Werror=format-security -Wdate-time -D_FORTIFY_SOURCE=2 -g  -c safe_arithm.c -o safe_arithm.o
#8 390.2 gcc -std=gnu2x -I"/usr/local/lib/R/include" -DNDEBUG   -I/usr/local/include    -fpic  -g -O2 -fstack-protector-strong -Wformat -Werror=format-security -Wdate-time -D_FORTIFY_SOURCE=2 -g  -c sort_utils.c -o sort_utils.o
#8 391.0 gcc -std=gnu2x -I"/usr/local/lib/R/include" -DNDEBUG   -I/usr/local/include    -fpic  -g -O2 -fstack-protector-strong -Wformat -Werror=format-security -Wdate-time -D_FORTIFY_SOURCE=2 -g  -c subsetting_utils.c -o subsetting_utils.o
#8 391.2 gcc -std=gnu2x -I"/usr/local/lib/R/include" -DNDEBUG   -I/usr/local/include    -fpic  -g -O2 -fstack-protector-strong -Wformat -Werror=format-security -Wdate-time -D_FORTIFY_SOURCE=2 -g  -c vector_utils.c -o vector_utils.o
#8 391.4 gcc -std=gnu2x -shared -L/usr/local/lib/R/lib -L/usr/local/lib -o S4Vectors.so AEbufs.o DFrame_class.o Hits_class.o LLint_class.o List_class.o R_init_S4Vectors.o Rle_class.o Rle_utils.o SEXP_utils.o SimpleList_class.o character_utils.o eval_utils.o hash_utils.o integer_utils.o logical_utils.o map_ranges_to_runs.o raw_utils.o safe_arithm.o sort_utils.o subsetting_utils.o vector_utils.o -L/usr/local/lib/R/lib -lR
#8 391.4 installing to /usr/local/lib/R/site-library/00LOCK-S4Vectors/00new/S4Vectors/libs
#8 391.4 ** R
#8 391.5 ** inst
#8 391.5 ** byte-compile and prepare package for lazy loading
#8 410.8 in method for ‘normalizeSingleBracketReplacementValue’ with signature ‘"List"’: no definition for class “List”
#8 410.8 Creating a new generic function for ‘unname’ in package ‘S4Vectors’
#8 410.8 Creating a new generic function for ‘expand.grid’ in package ‘S4Vectors’
#8 410.8 Creating a new generic function for ‘findMatches’ in package ‘S4Vectors’
#8 410.8 in method for ‘coerce’ with signature ‘"Hits","DFrame"’: no definition for class “DFrame”
#8 410.8 Creating a generic function for ‘as.factor’ from package ‘base’ in package ‘S4Vectors’
#8 410.8 Creating a generic function for ‘tabulate’ from package ‘base’ in package ‘S4Vectors’
#8 410.8 Creating a generic function for ‘cov’ from package ‘stats’ in package ‘S4Vectors’
#8 410.8 Creating a generic function for ‘cor’ from package ‘stats’ in package ‘S4Vectors’
#8 410.8 Creating a generic function for ‘smoothEnds’ from package ‘stats’ in package ‘S4Vectors’
#8 410.8 Creating a generic function for ‘runmed’ from package ‘stats’ in package ‘S4Vectors’
#8 410.8 Creating a generic function for ‘nchar’ from package ‘base’ in package ‘S4Vectors’
#8 410.8 Creating a generic function for ‘substr’ from package ‘base’ in package ‘S4Vectors’
#8 410.8 Creating a generic function for ‘substring’ from package ‘base’ in package ‘S4Vectors’
#8 410.8 Creating a generic function for ‘chartr’ from package ‘base’ in package ‘S4Vectors’
#8 410.8 Creating a generic function for ‘tolower’ from package ‘base’ in package ‘S4Vectors’
#8 410.8 Creating a generic function for ‘toupper’ from package ‘base’ in package ‘S4Vectors’
#8 410.8 Creating a generic function for ‘sub’ from package ‘base’ in package ‘S4Vectors’
#8 410.8 Creating a generic function for ‘gsub’ from package ‘base’ in package ‘S4Vectors’
#8 410.8 Creating a generic function for ‘nlevels’ from package ‘base’ in package ‘S4Vectors’
#8 410.8 in method for ‘coerce’ with signature ‘"data.table","DFrame"’: no definition for class “data.table”
#8 410.8 Creating a generic function for ‘complete.cases’ from package ‘stats’ in package ‘S4Vectors’
#8 410.8 ** help
#8 411.1 *** installing help indices
#8 411.4 ** building package indices
#8 412.0 ** installing vignettes
#8 412.0 ** testing if installed package can be loaded from temporary location
#8 413.4 ** checking absolute paths in shared objects and dynamic libraries
#8 413.4 ** testing if installed package can be loaded from final location
#8 415.3 ** testing if installed package keeps a record of temporary installation path
#8 415.3 * DONE (S4Vectors)
#8 416.0 * installing *source* package ‘graph’ ...
#8 416.0 ** this is package ‘graph’ version ‘1.88.1’
#8 416.1 ** package ‘graph’ successfully unpacked and MD5 sums checked
#8 416.1 ** using staged installation
#8 416.1 ** libs
#8 416.1 using C compiler: ‘gcc (Ubuntu 13.3.0-6ubuntu2~24.04) 13.3.0’
#8 416.1 gcc -std=gnu2x -I"/usr/local/lib/R/include" -DNDEBUG   -I/usr/local/include    -fpic  -g -O2 -fstack-protector-strong -Wformat -Werror=format-security -Wdate-time -D_FORTIFY_SOURCE=2 -g  -c graph.c -o graph.o
#8 416.8 gcc -std=gnu2x -shared -L/usr/local/lib/R/lib -L/usr/local/lib -o graph.so graph.o -L/usr/local/lib/R/lib -lR
#8 416.8 mv graph.so BioC_graph.so
#8 416.8 installing to /usr/local/lib/R/site-library/00LOCK-graph/00new/graph/libs
#8 416.8 ** R
#8 416.9 ** data
#8 416.9 ** inst
#8 416.9 ** byte-compile and prepare package for lazy loading
#8 427.0 ** help
#8 427.3 *** installing help indices
#8 427.4 ** building package indices
#8 428.0 ** installing vignettes
#8 428.0 ** testing if installed package can be loaded from temporary location
#8 428.7 ** checking absolute paths in shared objects and dynamic libraries
#8 428.8 ** testing if installed package can be loaded from final location
#8 429.8 ** testing if installed package keeps a record of temporary installation path
#8 429.8 * DONE (graph)
#8 430.5 * installing *source* package ‘Biobase’ ...
#8 430.5 ** this is package ‘Biobase’ version ‘2.70.0’
#8 430.5 ** package ‘Biobase’ successfully unpacked and MD5 sums checked
#8 430.5 ** using staged installation
#8 430.6 ** libs
#8 430.6 using C compiler: ‘gcc (Ubuntu 13.3.0-6ubuntu2~24.04) 13.3.0’
#8 430.6 gcc -std=gnu2x -I"/usr/local/lib/R/include" -DNDEBUG   -I/usr/local/include    -fpic  -g -O2 -fstack-protector-strong -Wformat -Werror=format-security -Wdate-time -D_FORTIFY_SOURCE=2 -g  -c Rinit.c -o Rinit.o
#8 430.7 gcc -std=gnu2x -I"/usr/local/lib/R/include" -DNDEBUG   -I/usr/local/include    -fpic  -g -O2 -fstack-protector-strong -Wformat -Werror=format-security -Wdate-time -D_FORTIFY_SOURCE=2 -g  -c envir.c -o envir.o
#8 430.8 gcc -std=gnu2x -I"/usr/local/lib/R/include" -DNDEBUG   -I/usr/local/include    -fpic  -g -O2 -fstack-protector-strong -Wformat -Werror=format-security -Wdate-time -D_FORTIFY_SOURCE=2 -g  -c matchpt.c -o matchpt.o
#8 430.9 gcc -std=gnu2x -I"/usr/local/lib/R/include" -DNDEBUG   -I/usr/local/include    -fpic  -g -O2 -fstack-protector-strong -Wformat -Werror=format-security -Wdate-time -D_FORTIFY_SOURCE=2 -g  -c rowMedians.c -o rowMedians.o
#8 431.2 gcc -std=gnu2x -I"/usr/local/lib/R/include" -DNDEBUG   -I/usr/local/include    -fpic  -g -O2 -fstack-protector-strong -Wformat -Werror=format-security -Wdate-time -D_FORTIFY_SOURCE=2 -g  -c sublist_extract.c -o sublist_extract.o
#8 431.4 gcc -std=gnu2x -shared -L/usr/local/lib/R/lib -L/usr/local/lib -o Biobase.so Rinit.o envir.o matchpt.o rowMedians.o sublist_extract.o -L/usr/local/lib/R/lib -lR
#8 431.4 installing to /usr/local/lib/R/site-library/00LOCK-Biobase/00new/Biobase/libs
#8 431.4 ** R
#8 431.5 ** data
#8 431.5 ** inst
#8 431.5 ** byte-compile and prepare package for lazy loading
#8 438.1 ** help
#8 438.5 *** installing help indices
#8 438.8 ** building package indices
#8 439.9 ** installing vignettes
#8 439.9 ** testing if installed package can be loaded from temporary location
#8 440.7 ** checking absolute paths in shared objects and dynamic libraries
#8 440.7 ** testing if installed package can be loaded from final location
#8 441.7 ** testing if installed package keeps a record of temporary installation path
#8 441.7 * DONE (Biobase)
#8 442.6 * installing *source* package ‘rhdf5’ ...
#8 442.6 ** this is package ‘rhdf5’ version ‘2.54.1’
#8 442.6 ** package ‘rhdf5’ successfully unpacked and MD5 sums checked
#8 442.6 ** using staged installation
#8 443.7 configure: creating ./config.status
#8 443.8 config.status: creating src/external_filters.h
#8 443.9 ** libs
#8 443.9 using C compiler: ‘gcc (Ubuntu 13.3.0-6ubuntu2~24.04) 13.3.0’
#8 443.9 using C++ compiler: ‘g++ (Ubuntu 13.3.0-6ubuntu2~24.04) 13.3.0’
#8 444.0 gcc -std=gnu2x -I"/usr/local/lib/R/include" -DNDEBUG  -I'/usr/local/lib/R/site-library/Rhdf5lib/include' -I/usr/local/include    -fpic  -g -O2 -fstack-protector-strong -Wformat -Werror=format-security -Wdate-time -D_FORTIFY_SOURCE=2 -g  -c H5.c -o H5.o
#8 444.1 gcc -std=gnu2x -I"/usr/local/lib/R/include" -DNDEBUG  -I'/usr/local/lib/R/site-library/Rhdf5lib/include' -I/usr/local/include    -fpic  -g -O2 -fstack-protector-strong -Wformat -Werror=format-security -Wdate-time -D_FORTIFY_SOURCE=2 -g  -c H5A.c -o H5A.o
#8 444.4 gcc -std=gnu2x -I"/usr/local/lib/R/include" -DNDEBUG  -I'/usr/local/lib/R/site-library/Rhdf5lib/include' -I/usr/local/include    -fpic  -g -O2 -fstack-protector-strong -Wformat -Werror=format-security -Wdate-time -D_FORTIFY_SOURCE=2 -g  -c H5D.c -o H5D.o
#8 445.4 gcc -std=gnu2x -I"/usr/local/lib/R/include" -DNDEBUG  -I'/usr/local/lib/R/site-library/Rhdf5lib/include' -I/usr/local/include    -fpic  -g -O2 -fstack-protector-strong -Wformat -Werror=format-security -Wdate-time -D_FORTIFY_SOURCE=2 -g  -c H5E.c -o H5E.o
#8 445.6 gcc -std=gnu2x -I"/usr/local/lib/R/include" -DNDEBUG  -I'/usr/local/lib/R/site-library/Rhdf5lib/include' -I/usr/local/include    -fpic  -g -O2 -fstack-protector-strong -Wformat -Werror=format-security -Wdate-time -D_FORTIFY_SOURCE=2 -g  -c H5F.c -o H5F.o
#8 445.7 gcc -std=gnu2x -I"/usr/local/lib/R/include" -DNDEBUG  -I'/usr/local/lib/R/site-library/Rhdf5lib/include' -I/usr/local/include    -fpic  -g -O2 -fstack-protector-strong -Wformat -Werror=format-security -Wdate-time -D_FORTIFY_SOURCE=2 -g  -c H5G.c -o H5G.o
#8 445.9 gcc -std=gnu2x -I"/usr/local/lib/R/include" -DNDEBUG  -I'/usr/local/lib/R/site-library/Rhdf5lib/include' -I/usr/local/include    -fpic  -g -O2 -fstack-protector-strong -Wformat -Werror=format-security -Wdate-time -D_FORTIFY_SOURCE=2 -g  -c H5I.c -o H5I.o
#8 446.0 gcc -std=gnu2x -I"/usr/local/lib/R/include" -DNDEBUG  -I'/usr/local/lib/R/site-library/Rhdf5lib/include' -I/usr/local/include    -fpic  -g -O2 -fstack-protector-strong -Wformat -Werror=format-security -Wdate-time -D_FORTIFY_SOURCE=2 -g  -c H5L.c -o H5L.o
#8 446.1 gcc -std=gnu2x -I"/usr/local/lib/R/include" -DNDEBUG  -I'/usr/local/lib/R/site-library/Rhdf5lib/include' -I/usr/local/include    -fpic  -g -O2 -fstack-protector-strong -Wformat -Werror=format-security -Wdate-time -D_FORTIFY_SOURCE=2 -g  -c H5O.c -o H5O.o
#8 446.3 gcc -std=gnu2x -I"/usr/local/lib/R/include" -DNDEBUG  -I'/usr/local/lib/R/site-library/Rhdf5lib/include' -I/usr/local/include    -fpic  -g -O2 -fstack-protector-strong -Wformat -Werror=format-security -Wdate-time -D_FORTIFY_SOURCE=2 -g  -c H5P.c -o H5P.o
#8 446.8 gcc -std=gnu2x -I"/usr/local/lib/R/include" -DNDEBUG  -I'/usr/local/lib/R/site-library/Rhdf5lib/include' -I/usr/local/include    -fpic  -g -O2 -fstack-protector-strong -Wformat -Werror=format-security -Wdate-time -D_FORTIFY_SOURCE=2 -g  -c H5PL.c -o H5PL.o
#8 446.9 gcc -std=gnu2x -I"/usr/local/lib/R/include" -DNDEBUG  -I'/usr/local/lib/R/site-library/Rhdf5lib/include' -I/usr/local/include    -fpic  -g -O2 -fstack-protector-strong -Wformat -Werror=format-security -Wdate-time -D_FORTIFY_SOURCE=2 -g  -c H5R.c -o H5R.o
#8 447.0 gcc -std=gnu2x -I"/usr/local/lib/R/include" -DNDEBUG  -I'/usr/local/lib/R/site-library/Rhdf5lib/include' -I/usr/local/include    -fpic  -g -O2 -fstack-protector-strong -Wformat -Werror=format-security -Wdate-time -D_FORTIFY_SOURCE=2 -g  -c H5S.c -o H5S.o
#8 447.4 gcc -std=gnu2x -I"/usr/local/lib/R/include" -DNDEBUG  -I'/usr/local/lib/R/site-library/Rhdf5lib/include' -I/usr/local/include    -fpic  -g -O2 -fstack-protector-strong -Wformat -Werror=format-security -Wdate-time -D_FORTIFY_SOURCE=2 -g  -c H5S_extras.c -o H5S_extras.o
#8 447.6 gcc -std=gnu2x -I"/usr/local/lib/R/include" -DNDEBUG  -I'/usr/local/lib/R/site-library/Rhdf5lib/include' -I/usr/local/include    -fpic  -g -O2 -fstack-protector-strong -Wformat -Werror=format-security -Wdate-time -D_FORTIFY_SOURCE=2 -g  -c H5T.c -o H5T.o
#8 447.8 gcc -std=gnu2x -I"/usr/local/lib/R/include" -DNDEBUG  -I'/usr/local/lib/R/site-library/Rhdf5lib/include' -I/usr/local/include    -fpic  -g -O2 -fstack-protector-strong -Wformat -Werror=format-security -Wdate-time -D_FORTIFY_SOURCE=2 -g  -c H5T_extras.c -o H5T_extras.o
#8 447.9 gcc -std=gnu2x -I"/usr/local/lib/R/include" -DNDEBUG  -I'/usr/local/lib/R/site-library/Rhdf5lib/include' -I/usr/local/include    -fpic  -g -O2 -fstack-protector-strong -Wformat -Werror=format-security -Wdate-time -D_FORTIFY_SOURCE=2 -g  -c H5Z.c -o H5Z.o
#8 448.0 gcc -std=gnu2x -I"/usr/local/lib/R/include" -DNDEBUG  -I'/usr/local/lib/R/site-library/Rhdf5lib/include' -I/usr/local/include    -fpic  -g -O2 -fstack-protector-strong -Wformat -Werror=format-security -Wdate-time -D_FORTIFY_SOURCE=2 -g  -c H5constants.c -o H5constants.o
#8 448.3 g++ -std=gnu++17 -I"/usr/local/lib/R/include" -DNDEBUG  -I'/usr/local/lib/R/site-library/Rhdf5lib/include' -I/usr/local/include    -fpic  -g -O2 -fstack-protector-strong -Wformat -Werror=format-security -Wdate-time -D_FORTIFY_SOURCE=2 -g   -c HandleList.cpp -o HandleList.o
#8 449.2 gcc -std=gnu2x -I"/usr/local/lib/R/include" -DNDEBUG  -I'/usr/local/lib/R/site-library/Rhdf5lib/include' -I/usr/local/include    -fpic  -g -O2 -fstack-protector-strong -Wformat -Werror=format-security -Wdate-time -D_FORTIFY_SOURCE=2 -g  -c HandleListWrap.c -o HandleListWrap.o
#8 449.3 gcc -std=gnu2x -I"/usr/local/lib/R/include" -DNDEBUG  -I'/usr/local/lib/R/site-library/Rhdf5lib/include' -I/usr/local/include    -fpic  -g -O2 -fstack-protector-strong -Wformat -Werror=format-security -Wdate-time -D_FORTIFY_SOURCE=2 -g  -c bit64conversion.c -o bit64conversion.o
#8 449.6 gcc -std=gnu2x -I"/usr/local/lib/R/include" -DNDEBUG  -I'/usr/local/lib/R/site-library/Rhdf5lib/include' -I/usr/local/include    -fpic  -g -O2 -fstack-protector-strong -Wformat -Werror=format-security -Wdate-time -D_FORTIFY_SOURCE=2 -g  -c external_filters.c -o external_filters.o
#8 449.7 gcc -std=gnu2x -I"/usr/local/lib/R/include" -DNDEBUG  -I'/usr/local/lib/R/site-library/Rhdf5lib/include' -I/usr/local/include    -fpic  -g -O2 -fstack-protector-strong -Wformat -Werror=format-security -Wdate-time -D_FORTIFY_SOURCE=2 -g  -c h5dump.c -o h5dump.o
#8 449.9 gcc -std=gnu2x -I"/usr/local/lib/R/include" -DNDEBUG  -I'/usr/local/lib/R/site-library/Rhdf5lib/include' -I/usr/local/include    -fpic  -g -O2 -fstack-protector-strong -Wformat -Werror=format-security -Wdate-time -D_FORTIFY_SOURCE=2 -g  -c h5ls.c -o h5ls.o
#8 450.1 gcc -std=gnu2x -I"/usr/local/lib/R/include" -DNDEBUG  -I'/usr/local/lib/R/site-library/Rhdf5lib/include' -I/usr/local/include    -fpic  -g -O2 -fstack-protector-strong -Wformat -Werror=format-security -Wdate-time -D_FORTIFY_SOURCE=2 -g  -c h5testLock.c -o h5testLock.o
#8 450.3 gcc -std=gnu2x -I"/usr/local/lib/R/include" -DNDEBUG  -I'/usr/local/lib/R/site-library/Rhdf5lib/include' -I/usr/local/include    -fpic  -g -O2 -fstack-protector-strong -Wformat -Werror=format-security -Wdate-time -D_FORTIFY_SOURCE=2 -g  -c h5writeDataFrame.c -o h5writeDataFrame.o
#8 450.5 gcc -std=gnu2x -I"/usr/local/lib/R/include" -DNDEBUG  -I'/usr/local/lib/R/site-library/Rhdf5lib/include' -I/usr/local/include    -fpic  -g -O2 -fstack-protector-strong -Wformat -Werror=format-security -Wdate-time -D_FORTIFY_SOURCE=2 -g  -c printdatatype.c -o printdatatype.o
#8 450.7 gcc -std=gnu2x -I"/usr/local/lib/R/include" -DNDEBUG  -I'/usr/local/lib/R/site-library/Rhdf5lib/include' -I/usr/local/include    -fpic  -g -O2 -fstack-protector-strong -Wformat -Werror=format-security -Wdate-time -D_FORTIFY_SOURCE=2 -g  -c utils.c -o utils.o
#8 450.8 gcc -std=gnu2x -I"/usr/local/lib/R/include" -DNDEBUG  -I'/usr/local/lib/R/site-library/Rhdf5lib/include' -I/usr/local/include    -fpic  -g -O2 -fstack-protector-strong -Wformat -Werror=format-security -Wdate-time -D_FORTIFY_SOURCE=2 -g  -c wrap.c -o wrap.o
#8 451.7 g++ -std=gnu++17 -shared -L/usr/local/lib/R/lib -L/usr/local/lib -o rhdf5.so H5.o H5A.o H5D.o H5E.o H5F.o H5G.o H5I.o H5L.o H5O.o H5P.o H5PL.o H5R.o H5S.o H5S_extras.o H5T.o H5T_extras.o H5Z.o H5constants.o HandleList.o HandleListWrap.o bit64conversion.o external_filters.o h5dump.o h5ls.o h5testLock.o h5writeDataFrame.o printdatatype.o utils.o wrap.o /usr/local/lib/R/site-library/Rhdf5lib/lib/libhdf5.a -lcrypto -lcurl -lsz -laec -lz -ldl -lm -L/usr/local/lib/R/lib -lR
#8 452.3 installing to /usr/local/lib/R/site-library/00LOCK-rhdf5/00new/rhdf5/libs
#8 452.3 ** R
#8 452.4 ** inst
#8 452.4 ** byte-compile and prepare package for lazy loading
#8 455.4 ** help
#8 455.8 *** installing help indices
#8 456.2 *** copying figures
#8 456.2 ** building package indices
#8 456.9 ** installing vignettes
#8 456.9 ** testing if installed package can be loaded from temporary location
#8 457.5 ** checking absolute paths in shared objects and dynamic libraries
#8 457.5 ** testing if installed package can be loaded from final location
#8 458.1 ** testing if installed package keeps a record of temporary installation path
#8 458.1 * DONE (rhdf5)
#8 458.5 * installing *binary* package ‘futile.logger’ ...
#8 458.5 * DONE (futile.logger)
#8 459.0 * installing *source* package ‘IRanges’ ...
#8 459.0 ** this is package ‘IRanges’ version ‘2.44.0’
#8 459.0 ** package ‘IRanges’ successfully unpacked and MD5 sums checked
#8 459.0 ** using staged installation
#8 459.1 ** libs
#8 459.1 using C compiler: ‘gcc (Ubuntu 13.3.0-6ubuntu2~24.04) 13.3.0’
#8 459.1 gcc -std=gnu2x -I"/usr/local/lib/R/include" -DNDEBUG  -I'/usr/local/lib/R/site-library/S4Vectors/include' -I/usr/local/include   -fopenmp -fpic  -g -O2 -fstack-protector-strong -Wformat -Werror=format-security -Wdate-time -D_FORTIFY_SOURCE=2 -g  -c CompressedAtomicList_utils.c -o CompressedAtomicList_utils.o
#8 459.7 gcc -std=gnu2x -I"/usr/local/lib/R/include" -DNDEBUG  -I'/usr/local/lib/R/site-library/S4Vectors/include' -I/usr/local/include   -fopenmp -fpic  -g -O2 -fstack-protector-strong -Wformat -Werror=format-security -Wdate-time -D_FORTIFY_SOURCE=2 -g  -c CompressedIRangesList_class.c -o CompressedIRangesList_class.o
#8 459.8 gcc -std=gnu2x -I"/usr/local/lib/R/include" -DNDEBUG  -I'/usr/local/lib/R/site-library/S4Vectors/include' -I/usr/local/include   -fopenmp -fpic  -g -O2 -fstack-protector-strong -Wformat -Werror=format-security -Wdate-time -D_FORTIFY_SOURCE=2 -g  -c CompressedList_class.c -o CompressedList_class.o
#8 459.9 gcc -std=gnu2x -I"/usr/local/lib/R/include" -DNDEBUG  -I'/usr/local/lib/R/site-library/S4Vectors/include' -I/usr/local/include   -fopenmp -fpic  -g -O2 -fstack-protector-strong -Wformat -Werror=format-security -Wdate-time -D_FORTIFY_SOURCE=2 -g  -c Grouping_class.c -o Grouping_class.o
#8 460.0 gcc -std=gnu2x -I"/usr/local/lib/R/include" -DNDEBUG  -I'/usr/local/lib/R/site-library/S4Vectors/include' -I/usr/local/include   -fopenmp -fpic  -g -O2 -fstack-protector-strong -Wformat -Werror=format-security -Wdate-time -D_FORTIFY_SOURCE=2 -g  -c IPosRanges_comparison.c -o IPosRanges_comparison.o
#8 460.1 gcc -std=gnu2x -I"/usr/local/lib/R/include" -DNDEBUG  -I'/usr/local/lib/R/site-library/S4Vectors/include' -I/usr/local/include   -fopenmp -fpic  -g -O2 -fstack-protector-strong -Wformat -Werror=format-security -Wdate-time -D_FORTIFY_SOURCE=2 -g  -c IRanges_class.c -o IRanges_class.o
#8 460.4 gcc -std=gnu2x -I"/usr/local/lib/R/include" -DNDEBUG  -I'/usr/local/lib/R/site-library/S4Vectors/include' -I/usr/local/include   -fopenmp -fpic  -g -O2 -fstack-protector-strong -Wformat -Werror=format-security -Wdate-time -D_FORTIFY_SOURCE=2 -g  -c IRanges_constructor.c -o IRanges_constructor.o
#8 460.6 gcc -std=gnu2x -I"/usr/local/lib/R/include" -DNDEBUG  -I'/usr/local/lib/R/site-library/S4Vectors/include' -I/usr/local/include   -fopenmp -fpic  -g -O2 -fstack-protector-strong -Wformat -Werror=format-security -Wdate-time -D_FORTIFY_SOURCE=2 -g  -c NCList.c -o NCList.o
#8 461.3 gcc -std=gnu2x -I"/usr/local/lib/R/include" -DNDEBUG  -I'/usr/local/lib/R/site-library/S4Vectors/include' -I/usr/local/include   -fopenmp -fpic  -g -O2 -fstack-protector-strong -Wformat -Werror=format-security -Wdate-time -D_FORTIFY_SOURCE=2 -g  -c R_init_IRanges.c -o R_init_IRanges.o
#8 461.3 gcc -std=gnu2x -I"/usr/local/lib/R/include" -DNDEBUG  -I'/usr/local/lib/R/site-library/S4Vectors/include' -I/usr/local/include   -fopenmp -fpic  -g -O2 -fstack-protector-strong -Wformat -Werror=format-security -Wdate-time -D_FORTIFY_SOURCE=2 -g  -c Ranges_class.c -o Ranges_class.o
#8 461.4 gcc -std=gnu2x -I"/usr/local/lib/R/include" -DNDEBUG  -I'/usr/local/lib/R/site-library/S4Vectors/include' -I/usr/local/include   -fopenmp -fpic  -g -O2 -fstack-protector-strong -Wformat -Werror=format-security -Wdate-time -D_FORTIFY_SOURCE=2 -g  -c RleViews_summarization.c -o RleViews_summarization.o
#8 461.9 gcc -std=gnu2x -I"/usr/local/lib/R/include" -DNDEBUG  -I'/usr/local/lib/R/site-library/S4Vectors/include' -I/usr/local/include   -fopenmp -fpic  -g -O2 -fstack-protector-strong -Wformat -Werror=format-security -Wdate-time -D_FORTIFY_SOURCE=2 -g  -c S4Vectors_stubs.c -o S4Vectors_stubs.o
#8 462.4 gcc -std=gnu2x -I"/usr/local/lib/R/include" -DNDEBUG  -I'/usr/local/lib/R/site-library/S4Vectors/include' -I/usr/local/include   -fopenmp -fpic  -g -O2 -fstack-protector-strong -Wformat -Werror=format-security -Wdate-time -D_FORTIFY_SOURCE=2 -g  -c SimpleIRangesList_class.c -o SimpleIRangesList_class.o
#8 462.5 gcc -std=gnu2x -I"/usr/local/lib/R/include" -DNDEBUG  -I'/usr/local/lib/R/site-library/S4Vectors/include' -I/usr/local/include   -fopenmp -fpic  -g -O2 -fstack-protector-strong -Wformat -Werror=format-security -Wdate-time -D_FORTIFY_SOURCE=2 -g  -c coverage_methods.c -o coverage_methods.o
#8 462.9 gcc -std=gnu2x -I"/usr/local/lib/R/include" -DNDEBUG  -I'/usr/local/lib/R/site-library/S4Vectors/include' -I/usr/local/include   -fopenmp -fpic  -g -O2 -fstack-protector-strong -Wformat -Werror=format-security -Wdate-time -D_FORTIFY_SOURCE=2 -g  -c extractListFragments.c -o extractListFragments.o
#8 463.0 gcc -std=gnu2x -I"/usr/local/lib/R/include" -DNDEBUG  -I'/usr/local/lib/R/site-library/S4Vectors/include' -I/usr/local/include   -fopenmp -fpic  -g -O2 -fstack-protector-strong -Wformat -Werror=format-security -Wdate-time -D_FORTIFY_SOURCE=2 -g  -c inter_range_methods.c -o inter_range_methods.o
#8 463.2 gcc -std=gnu2x -I"/usr/local/lib/R/include" -DNDEBUG  -I'/usr/local/lib/R/site-library/S4Vectors/include' -I/usr/local/include   -fopenmp -fpic  -g -O2 -fstack-protector-strong -Wformat -Werror=format-security -Wdate-time -D_FORTIFY_SOURCE=2 -g  -c thread_control.c -o thread_control.o
#8 463.3 gcc -std=gnu2x -shared -L/usr/local/lib/R/lib -L/usr/local/lib -o IRanges.so CompressedAtomicList_utils.o CompressedIRangesList_class.o CompressedList_class.o Grouping_class.o IPosRanges_comparison.o IRanges_class.o IRanges_constructor.o NCList.o R_init_IRanges.o Ranges_class.o RleViews_summarization.o S4Vectors_stubs.o SimpleIRangesList_class.o coverage_methods.o extractListFragments.o inter_range_methods.o thread_control.o -fopenmp -L/usr/local/lib/R/lib -lR
#8 463.4 installing to /usr/local/lib/R/site-library/00LOCK-IRanges/00new/IRanges/libs
#8 463.4 ** R
#8 463.4 ** inst
#8 463.4 ** byte-compile and prepare package for lazy loading
#8 517.8 ** help
#8 517.8 Creating a generic function for ‘drop’ from package ‘base’ in package ‘IRanges’
#8 517.8 Creating a generic function for ‘runmed’ from package ‘stats’ in package ‘IRanges’
#8 517.8 Creating a generic function for ‘chartr’ from package ‘base’ in package ‘IRanges’
#8 517.8 Creating a generic function for ‘toupper’ from package ‘base’ in package ‘IRanges’
#8 517.8 Creating a generic function for ‘tolower’ from package ‘base’ in package ‘IRanges’
#8 517.8 Creating a generic function for ‘sub’ from package ‘base’ in package ‘IRanges’
#8 517.8 Creating a generic function for ‘gsub’ from package ‘base’ in package ‘IRanges’
#8 517.8 Creating a generic function for ‘startsWith’ from package ‘base’ in package ‘IRanges’
#8 517.8 Creating a generic function for ‘endsWith’ from package ‘base’ in package ‘IRanges’
#8 517.8 Creating a generic function for ‘smoothEnds’ from package ‘stats’ in package ‘IRanges’
#8 518.3 *** installing help indices
#8 518.6 ** building package indices
#8 519.2 ** installing vignettes
#8 519.2 ** testing if installed package can be loaded from temporary location
#8 521.6 ** checking absolute paths in shared objects and dynamic libraries
#8 521.7 ** testing if installed package can be loaded from final location
#8 524.9 ** testing if installed package keeps a record of temporary installation path
#8 525.0 * DONE (IRanges)
#8 525.5 * installing *source* package ‘sparseMatrixStats’ ...
#8 525.5 ** this is package ‘sparseMatrixStats’ version ‘1.22.0’
#8 525.5 ** package ‘sparseMatrixStats’ successfully unpacked and MD5 sums checked
#8 525.5 ** using staged installation
#8 525.5 ** libs
#8 525.5 using C++ compiler: ‘g++ (Ubuntu 13.3.0-6ubuntu2~24.04) 13.3.0’
#8 525.5 using C++11
#8 525.5 g++ -std=gnu++11 -I"/usr/local/lib/R/include" -DNDEBUG  -I'/usr/local/lib/R/site-library/Rcpp/include' -I/usr/local/include    -fpic  -g -O2 -fstack-protector-strong -Wformat -Werror=format-security -Wdate-time -D_FORTIFY_SOURCE=2 -g   -c RcppExports.cpp -o RcppExports.o
#8 532.5 g++ -std=gnu++11 -I"/usr/local/lib/R/include" -DNDEBUG  -I'/usr/local/lib/R/site-library/Rcpp/include' -I/usr/local/include    -fpic  -g -O2 -fstack-protector-strong -Wformat -Werror=format-security -Wdate-time -D_FORTIFY_SOURCE=2 -g   -c SparseMatrixView.cpp -o SparseMatrixView.o
#8 535.8 g++ -std=gnu++11 -I"/usr/local/lib/R/include" -DNDEBUG  -I'/usr/local/lib/R/site-library/Rcpp/include' -I/usr/local/include    -fpic  -g -O2 -fstack-protector-strong -Wformat -Werror=format-security -Wdate-time -D_FORTIFY_SOURCE=2 -g   -c methods.cpp -o methods.o
#8 548.4 g++ -std=gnu++11 -I"/usr/local/lib/R/include" -DNDEBUG  -I'/usr/local/lib/R/site-library/Rcpp/include' -I/usr/local/include    -fpic  -g -O2 -fstack-protector-strong -Wformat -Werror=format-security -Wdate-time -D_FORTIFY_SOURCE=2 -g   -c row_methods.cpp -o row_methods.o
#8 554.2 g++ -std=gnu++11 -shared -L/usr/local/lib/R/lib -L/usr/local/lib -o sparseMatrixStats.so RcppExports.o SparseMatrixView.o methods.o row_methods.o -L/usr/local/lib/R/lib -lR
#8 554.5 installing to /usr/local/lib/R/site-library/00LOCK-sparseMatrixStats/00new/sparseMatrixStats/libs
#8 554.5 ** R
#8 554.5 ** inst
#8 554.5 ** byte-compile and prepare package for lazy loading
#8 558.6 ** help
#8 558.8 *** installing help indices
#8 558.9 *** copying figures
#8 558.9 ** building package indices
#8 559.5 ** installing vignettes
#8 559.5 ** testing if installed package can be loaded from temporary location
#8 561.5 ** checking absolute paths in shared objects and dynamic libraries
#8 561.6 ** testing if installed package can be loaded from final location
#8 563.5 ** testing if installed package keeps a record of temporary installation path
#8 563.5 * DONE (sparseMatrixStats)
#8 564.0 * installing *source* package ‘XVector’ ...
#8 564.0 ** this is package ‘XVector’ version ‘0.50.0’
#8 564.0 ** package ‘XVector’ successfully unpacked and MD5 sums checked
#8 564.0 ** using staged installation
#8 564.1 ** libs
#8 564.1 using C compiler: ‘gcc (Ubuntu 13.3.0-6ubuntu2~24.04) 13.3.0’
#8 564.1 gcc -std=gnu2x -I"/usr/local/lib/R/include" -DNDEBUG  -I'/usr/local/lib/R/site-library/S4Vectors/include' -I'/usr/local/lib/R/site-library/IRanges/include' -I/usr/local/include    -fpic  -g -O2 -fstack-protector-strong -Wformat -Werror=format-security -Wdate-time -D_FORTIFY_SOURCE=2 -g  -c IRanges_stubs.c -o IRanges_stubs.o
#8 564.4 gcc -std=gnu2x -I"/usr/local/lib/R/include" -DNDEBUG  -I'/usr/local/lib/R/site-library/S4Vectors/include' -I'/usr/local/lib/R/site-library/IRanges/include' -I/usr/local/include    -fpic  -g -O2 -fstack-protector-strong -Wformat -Werror=format-security -Wdate-time -D_FORTIFY_SOURCE=2 -g  -c Ocopy_byteblocks.c -o Ocopy_byteblocks.o
#8 564.7 gcc -std=gnu2x -I"/usr/local/lib/R/include" -DNDEBUG  -I'/usr/local/lib/R/site-library/S4Vectors/include' -I'/usr/local/lib/R/site-library/IRanges/include' -I/usr/local/include    -fpic  -g -O2 -fstack-protector-strong -Wformat -Werror=format-security -Wdate-time -D_FORTIFY_SOURCE=2 -g  -c RDS_random_access.c -o RDS_random_access.o
#8 565.1 gcc -std=gnu2x -I"/usr/local/lib/R/include" -DNDEBUG  -I'/usr/local/lib/R/site-library/S4Vectors/include' -I'/usr/local/lib/R/site-library/IRanges/include' -I/usr/local/include    -fpic  -g -O2 -fstack-protector-strong -Wformat -Werror=format-security -Wdate-time -D_FORTIFY_SOURCE=2 -g  -c R_init_XVector.c -o R_init_XVector.o
#8 565.2 gcc -std=gnu2x -I"/usr/local/lib/R/include" -DNDEBUG  -I'/usr/local/lib/R/site-library/S4Vectors/include' -I'/usr/local/lib/R/site-library/IRanges/include' -I/usr/local/include    -fpic  -g -O2 -fstack-protector-strong -Wformat -Werror=format-security -Wdate-time -D_FORTIFY_SOURCE=2 -g  -c S4Vectors_stubs.c -o S4Vectors_stubs.o
#8 565.9 gcc -std=gnu2x -I"/usr/local/lib/R/include" -DNDEBUG  -I'/usr/local/lib/R/site-library/S4Vectors/include' -I'/usr/local/lib/R/site-library/IRanges/include' -I/usr/local/include    -fpic  -g -O2 -fstack-protector-strong -Wformat -Werror=format-security -Wdate-time -D_FORTIFY_SOURCE=2 -g  -c SharedDouble_class.c -o SharedDouble_class.o
#8 566.1 gcc -std=gnu2x -I"/usr/local/lib/R/include" -DNDEBUG  -I'/usr/local/lib/R/site-library/S4Vectors/include' -I'/usr/local/lib/R/site-library/IRanges/include' -I/usr/local/include    -fpic  -g -O2 -fstack-protector-strong -Wformat -Werror=format-security -Wdate-time -D_FORTIFY_SOURCE=2 -g  -c SharedInteger_class.c -o SharedInteger_class.o
#8 566.3 gcc -std=gnu2x -I"/usr/local/lib/R/include" -DNDEBUG  -I'/usr/local/lib/R/site-library/S4Vectors/include' -I'/usr/local/lib/R/site-library/IRanges/include' -I/usr/local/include    -fpic  -g -O2 -fstack-protector-strong -Wformat -Werror=format-security -Wdate-time -D_FORTIFY_SOURCE=2 -g  -c SharedRaw_class.c -o SharedRaw_class.o
#8 566.5 gcc -std=gnu2x -I"/usr/local/lib/R/include" -DNDEBUG  -I'/usr/local/lib/R/site-library/S4Vectors/include' -I'/usr/local/lib/R/site-library/IRanges/include' -I/usr/local/include    -fpic  -g -O2 -fstack-protector-strong -Wformat -Werror=format-security -Wdate-time -D_FORTIFY_SOURCE=2 -g  -c SharedVector_class.c -o SharedVector_class.o
#8 566.7 gcc -std=gnu2x -I"/usr/local/lib/R/include" -DNDEBUG  -I'/usr/local/lib/R/site-library/S4Vectors/include' -I'/usr/local/lib/R/site-library/IRanges/include' -I/usr/local/include    -fpic  -g -O2 -fstack-protector-strong -Wformat -Werror=format-security -Wdate-time -D_FORTIFY_SOURCE=2 -g  -c XDouble_class.c -o XDouble_class.o
#8 566.8 gcc -std=gnu2x -I"/usr/local/lib/R/include" -DNDEBUG  -I'/usr/local/lib/R/site-library/S4Vectors/include' -I'/usr/local/lib/R/site-library/IRanges/include' -I/usr/local/include    -fpic  -g -O2 -fstack-protector-strong -Wformat -Werror=format-security -Wdate-time -D_FORTIFY_SOURCE=2 -g  -c XInteger_class.c -o XInteger_class.o
#8 566.9 gcc -std=gnu2x -I"/usr/local/lib/R/include" -DNDEBUG  -I'/usr/local/lib/R/site-library/S4Vectors/include' -I'/usr/local/lib/R/site-library/IRanges/include' -I/usr/local/include    -fpic  -g -O2 -fstack-protector-strong -Wformat -Werror=format-security -Wdate-time -D_FORTIFY_SOURCE=2 -g  -c XRawList_comparison.c -o XRawList_comparison.o
#8 567.2 gcc -std=gnu2x -I"/usr/local/lib/R/include" -DNDEBUG  -I'/usr/local/lib/R/site-library/S4Vectors/include' -I'/usr/local/lib/R/site-library/IRanges/include' -I/usr/local/include    -fpic  -g -O2 -fstack-protector-strong -Wformat -Werror=format-security -Wdate-time -D_FORTIFY_SOURCE=2 -g  -c XRaw_class.c -o XRaw_class.o
#8 567.3 gcc -std=gnu2x -I"/usr/local/lib/R/include" -DNDEBUG  -I'/usr/local/lib/R/site-library/S4Vectors/include' -I'/usr/local/lib/R/site-library/IRanges/include' -I/usr/local/include    -fpic  -g -O2 -fstack-protector-strong -Wformat -Werror=format-security -Wdate-time -D_FORTIFY_SOURCE=2 -g  -c XVectorList_class.c -o XVectorList_class.o
#8 567.7 gcc -std=gnu2x -I"/usr/local/lib/R/include" -DNDEBUG  -I'/usr/local/lib/R/site-library/S4Vectors/include' -I'/usr/local/lib/R/site-library/IRanges/include' -I/usr/local/include    -fpic  -g -O2 -fstack-protector-strong -Wformat -Werror=format-security -Wdate-time -D_FORTIFY_SOURCE=2 -g  -c XVector_class.c -o XVector_class.o
#8 567.8 gcc -std=gnu2x -I"/usr/local/lib/R/include" -DNDEBUG  -I'/usr/local/lib/R/site-library/S4Vectors/include' -I'/usr/local/lib/R/site-library/IRanges/include' -I/usr/local/include    -fpic  -g -O2 -fstack-protector-strong -Wformat -Werror=format-security -Wdate-time -D_FORTIFY_SOURCE=2 -g  -c io_utils.c -o io_utils.o
#8 568.0 gcc -std=gnu2x -I"/usr/local/lib/R/include" -DNDEBUG  -I'/usr/local/lib/R/site-library/S4Vectors/include' -I'/usr/local/lib/R/site-library/IRanges/include' -I/usr/local/include    -fpic  -g -O2 -fstack-protector-strong -Wformat -Werror=format-security -Wdate-time -D_FORTIFY_SOURCE=2 -g  -c slice_methods.c -o slice_methods.o
#8 568.2 gcc -std=gnu2x -I"/usr/local/lib/R/include" -DNDEBUG  -I'/usr/local/lib/R/site-library/S4Vectors/include' -I'/usr/local/lib/R/site-library/IRanges/include' -I/usr/local/include    -fpic  -g -O2 -fstack-protector-strong -Wformat -Werror=format-security -Wdate-time -D_FORTIFY_SOURCE=2 -g  -c vector_copy.c -o vector_copy.o
#8 568.4 gcc -std=gnu2x -I"/usr/local/lib/R/include" -DNDEBUG  -I'/usr/local/lib/R/site-library/S4Vectors/include' -I'/usr/local/lib/R/site-library/IRanges/include' -I/usr/local/include    -fpic  -g -O2 -fstack-protector-strong -Wformat -Werror=format-security -Wdate-time -D_FORTIFY_SOURCE=2 -g  -c view_summarization_methods.c -o view_summarization_methods.o
#8 568.6 gcc -std=gnu2x -shared -L/usr/local/lib/R/lib -L/usr/local/lib -o XVector.so IRanges_stubs.o Ocopy_byteblocks.o RDS_random_access.o R_init_XVector.o S4Vectors_stubs.o SharedDouble_class.o SharedInteger_class.o SharedRaw_class.o SharedVector_class.o XDouble_class.o XInteger_class.o XRawList_comparison.o XRaw_class.o XVectorList_class.o XVector_class.o io_utils.o slice_methods.o vector_copy.o view_summarization_methods.o -lz -L/usr/local/lib/R/lib -lR
#8 568.7 installing to /usr/local/lib/R/site-library/00LOCK-XVector/00new/XVector/libs
#8 568.7 ** R
#8 568.7 ** inst
#8 568.7 ** byte-compile and prepare package for lazy loading
#8 576.2 ** help
#8 576.2 *** installing help indices
#8 576.3 ** building package indices
#8 576.7 ** testing if installed package can be loaded from temporary location
#8 579.2 ** checking absolute paths in shared objects and dynamic libraries
#8 579.2 ** testing if installed package can be loaded from final location
#8 581.7 ** testing if installed package keeps a record of temporary installation path
#8 581.7 * DONE (XVector)
#8 582.2 * installing *source* package ‘Seqinfo’ ...
#8 582.2 ** this is package ‘Seqinfo’ version ‘1.0.0’
#8 582.2 ** package ‘Seqinfo’ successfully unpacked and MD5 sums checked
#8 582.2 ** using staged installation
#8 582.2 ** R
#8 582.2 ** inst
#8 582.2 ** byte-compile and prepare package for lazy loading
#8 587.0 ** help
#8 587.0 *** installing help indices
#8 587.1 ** building package indices
#8 587.5 ** installing vignettes
#8 587.5 ** testing if installed package can be loaded from temporary location
#8 589.6 ** testing if installed package can be loaded from final location
#8 591.8 ** testing if installed package keeps a record of temporary installation path
#8 591.8 * DONE (Seqinfo)
#8 592.3 * installing *source* package ‘S4Arrays’ ...
#8 592.3 ** this is package ‘S4Arrays’ version ‘1.10.1’
#8 592.3 ** package ‘S4Arrays’ successfully unpacked and MD5 sums checked
#8 592.3 ** using staged installation
#8 592.3 ** libs
#8 592.4 using C compiler: ‘gcc (Ubuntu 13.3.0-6ubuntu2~24.04) 13.3.0’
#8 592.4 gcc -std=gnu2x -I"/usr/local/lib/R/include" -DNDEBUG  -I'/usr/local/lib/R/site-library/S4Vectors/include' -I/usr/local/include    -fpic  -g -O2 -fstack-protector-strong -Wformat -Werror=format-security -Wdate-time -D_FORTIFY_SOURCE=2 -g  -c R_init_S4Arrays.c -o R_init_S4Arrays.o
#8 592.4 gcc -std=gnu2x -I"/usr/local/lib/R/include" -DNDEBUG  -I'/usr/local/lib/R/site-library/S4Vectors/include' -I/usr/local/include    -fpic  -g -O2 -fstack-protector-strong -Wformat -Werror=format-security -Wdate-time -D_FORTIFY_SOURCE=2 -g  -c S4Vectors_stubs.c -o S4Vectors_stubs.o
#8 593.1 gcc -std=gnu2x -I"/usr/local/lib/R/include" -DNDEBUG  -I'/usr/local/lib/R/site-library/S4Vectors/include' -I/usr/local/include    -fpic  -g -O2 -fstack-protector-strong -Wformat -Werror=format-security -Wdate-time -D_FORTIFY_SOURCE=2 -g  -c abind.c -o abind.o
#8 593.2 gcc -std=gnu2x -I"/usr/local/lib/R/include" -DNDEBUG  -I'/usr/local/lib/R/site-library/S4Vectors/include' -I/usr/local/include    -fpic  -g -O2 -fstack-protector-strong -Wformat -Werror=format-security -Wdate-time -D_FORTIFY_SOURCE=2 -g  -c array_selection.c -o array_selection.o
#8 593.4 gcc -std=gnu2x -I"/usr/local/lib/R/include" -DNDEBUG  -I'/usr/local/lib/R/site-library/S4Vectors/include' -I/usr/local/include    -fpic  -g -O2 -fstack-protector-strong -Wformat -Werror=format-security -Wdate-time -D_FORTIFY_SOURCE=2 -g  -c dim_tuning_utils.c -o dim_tuning_utils.o
#8 593.5 gcc -std=gnu2x -I"/usr/local/lib/R/include" -DNDEBUG  -I'/usr/local/lib/R/site-library/S4Vectors/include' -I/usr/local/include    -fpic  -g -O2 -fstack-protector-strong -Wformat -Werror=format-security -Wdate-time -D_FORTIFY_SOURCE=2 -g  -c rowsum.c -o rowsum.o
#8 593.7 gcc -std=gnu2x -shared -L/usr/local/lib/R/lib -L/usr/local/lib -o S4Arrays.so R_init_S4Arrays.o S4Vectors_stubs.o abind.o array_selection.o dim_tuning_utils.o rowsum.o -L/usr/local/lib/R/lib -lR
#8 593.7 installing to /usr/local/lib/R/site-library/00LOCK-S4Arrays/00new/S4Arrays/libs
#8 593.7 ** R
#8 593.7 ** inst
#8 593.7 ** byte-compile and prepare package for lazy loading
#8 601.6 Creating a new generic function for ‘rowsum’ in package ‘S4Arrays’
#8 601.6 Creating a new generic function for ‘abind’ in package ‘S4Arrays’
#8 601.6 ** help
#8 601.7 *** installing help indices
#8 601.7 ** building package indices
#8 602.2 ** installing vignettes
#8 602.2 ** testing if installed package can be loaded from temporary location
#8 605.6 ** checking absolute paths in shared objects and dynamic libraries
#8 605.6 ** testing if installed package can be loaded from final location
#8 609.3 ** testing if installed package keeps a record of temporary installation path
#8 609.3 * DONE (S4Arrays)
#8 609.9 * installing *source* package ‘BiocParallel’ ...
#8 609.9 ** this is package ‘BiocParallel’ version ‘1.44.0’
#8 609.9 ** package ‘BiocParallel’ successfully unpacked and MD5 sums checked
#8 609.9 ** using staged installation
#8 610.6 checking whether the C++ compiler works... yes
#8 610.7 checking for C++ compiler default output file name... a.out
#8 610.7 checking for suffix of executables... 
#8 610.8 checking whether we are cross compiling... no
#8 610.9 checking for suffix of object files... o
#8 610.9 checking whether the compiler supports GNU C++... yes
#8 611.0 checking whether g++ -std=gnu++17 accepts -g... yes
#8 611.0 checking for g++ -std=gnu++17 option to enable C++11 features... none needed
#8 611.1 checking for library containing shm_open... none required
#8 611.2 checking for stdio.h... yes
#8 611.2 checking for stdlib.h... yes
#8 611.3 checking for string.h... yes
#8 611.3 checking for inttypes.h... yes
#8 611.4 checking for stdint.h... yes
#8 611.4 checking for strings.h... yes
#8 611.5 checking for sys/stat.h... yes
#8 611.6 checking for sys/types.h... yes
#8 611.6 checking for unistd.h... yes
#8 611.7 checking for sys/mman.h... yes
#8 611.8 configure: creating ./config.status
#8 612.0 config.status: creating src/Makevars
#8 612.0 ** libs
#8 612.1 using C++ compiler: ‘g++ (Ubuntu 13.3.0-6ubuntu2~24.04) 13.3.0’
#8 612.1 using C++11
#8 612.1 g++ -std=gnu++11 -I"/usr/local/lib/R/include" -DNDEBUG -I"./" -I'/usr/local/lib/R/site-library/BH/include' -I'/usr/local/lib/R/site-library/cpp11/include' -I/usr/local/include    -fpic  -g -O2 -fstack-protector-strong -Wformat -Werror=format-security -Wdate-time -D_FORTIFY_SOURCE=2 -g   -c cpp11.cpp -o cpp11.o
#8 613.2 g++ -std=gnu++11 -I"/usr/local/lib/R/include" -DNDEBUG -I"./" -I'/usr/local/lib/R/site-library/BH/include' -I'/usr/local/lib/R/site-library/cpp11/include' -I/usr/local/include    -fpic  -g -O2 -fstack-protector-strong -Wformat -Werror=format-security -Wdate-time -D_FORTIFY_SOURCE=2 -g   -c ipcmutex.cpp -o ipcmutex.o
#8 618.6 g++ -std=gnu++11 -shared -L/usr/local/lib/R/lib -L/usr/local/lib -o BiocParallel.so cpp11.o ipcmutex.o -L/usr/local/lib/R/lib -lR
#8 618.7 installing to /usr/local/lib/R/site-library/00LOCK-BiocParallel/00new/BiocParallel/libs
#8 618.7 ** R
#8 618.8 ** inst
#8 618.8 ** byte-compile and prepare package for lazy loading
#8 623.7 ** help
#8 623.9 *** installing help indices
#8 624.0 ** building package indices
#8 624.4 ** installing vignettes
#8 624.4 ** testing if installed package can be loaded from temporary location
#8 624.9 ** checking absolute paths in shared objects and dynamic libraries
#8 624.9 ** testing if installed package can be loaded from final location
#8 625.4 ** testing if installed package keeps a record of temporary installation path
#8 625.4 * DONE (BiocParallel)
#8 626.6 * installing *source* package ‘Biostrings’ ...
#8 626.6 ** this is package ‘Biostrings’ version ‘2.78.0’
#8 626.7 ** package ‘Biostrings’ successfully unpacked and MD5 sums checked
#8 626.7 ** using staged installation
#8 626.7 ** libs
#8 626.7 using C compiler: ‘gcc (Ubuntu 13.3.0-6ubuntu2~24.04) 13.3.0’
#8 626.8 gcc -std=gnu2x -I"/usr/local/lib/R/include" -DNDEBUG  -I'/usr/local/lib/R/site-library/S4Vectors/include' -I'/usr/local/lib/R/site-library/IRanges/include' -I'/usr/local/lib/R/site-library/XVector/include' -I/usr/local/include    -fpic  -g -O2 -fstack-protector-strong -Wformat -Werror=format-security -Wdate-time -D_FORTIFY_SOURCE=2 -g  -c BAB_class.c -o BAB_class.o
#8 626.8 gcc -std=gnu2x -I"/usr/local/lib/R/include" -DNDEBUG  -I'/usr/local/lib/R/site-library/S4Vectors/include' -I'/usr/local/lib/R/site-library/IRanges/include' -I'/usr/local/lib/R/site-library/XVector/include' -I/usr/local/include    -fpic  -g -O2 -fstack-protector-strong -Wformat -Werror=format-security -Wdate-time -D_FORTIFY_SOURCE=2 -g  -c BitMatrix.c -o BitMatrix.o
#8 627.0 gcc -std=gnu2x -I"/usr/local/lib/R/include" -DNDEBUG  -I'/usr/local/lib/R/site-library/S4Vectors/include' -I'/usr/local/lib/R/site-library/IRanges/include' -I'/usr/local/lib/R/site-library/XVector/include' -I/usr/local/include    -fpic  -g -O2 -fstack-protector-strong -Wformat -Werror=format-security -Wdate-time -D_FORTIFY_SOURCE=2 -g  -c IRanges_stubs.c -o IRanges_stubs.o
#8 627.2 gcc -std=gnu2x -I"/usr/local/lib/R/include" -DNDEBUG  -I'/usr/local/lib/R/site-library/S4Vectors/include' -I'/usr/local/lib/R/site-library/IRanges/include' -I'/usr/local/lib/R/site-library/XVector/include' -I/usr/local/include    -fpic  -g -O2 -fstack-protector-strong -Wformat -Werror=format-security -Wdate-time -D_FORTIFY_SOURCE=2 -g  -c MIndex_class.c -o MIndex_class.o
#8 627.4 gcc -std=gnu2x -I"/usr/local/lib/R/include" -DNDEBUG  -I'/usr/local/lib/R/site-library/S4Vectors/include' -I'/usr/local/lib/R/site-library/IRanges/include' -I'/usr/local/lib/R/site-library/XVector/include' -I/usr/local/include    -fpic  -g -O2 -fstack-protector-strong -Wformat -Werror=format-security -Wdate-time -D_FORTIFY_SOURCE=2 -g  -c PreprocessedTB_class.c -o PreprocessedTB_class.o
#8 627.5 gcc -std=gnu2x -I"/usr/local/lib/R/include" -DNDEBUG  -I'/usr/local/lib/R/site-library/S4Vectors/include' -I'/usr/local/lib/R/site-library/IRanges/include' -I'/usr/local/lib/R/site-library/XVector/include' -I/usr/local/include    -fpic  -g -O2 -fstack-protector-strong -Wformat -Werror=format-security -Wdate-time -D_FORTIFY_SOURCE=2 -g  -c R_init_Biostrings.c -o R_init_Biostrings.o
#8 627.5 gcc -std=gnu2x -I"/usr/local/lib/R/include" -DNDEBUG  -I'/usr/local/lib/R/site-library/S4Vectors/include' -I'/usr/local/lib/R/site-library/IRanges/include' -I'/usr/local/lib/R/site-library/XVector/include' -I/usr/local/include    -fpic  -g -O2 -fstack-protector-strong -Wformat -Werror=format-security -Wdate-time -D_FORTIFY_SOURCE=2 -g  -c RoSeqs_utils.c -o RoSeqs_utils.o
#8 627.6 gcc -std=gnu2x -I"/usr/local/lib/R/include" -DNDEBUG  -I'/usr/local/lib/R/site-library/S4Vectors/include' -I'/usr/local/lib/R/site-library/IRanges/include' -I'/usr/local/lib/R/site-library/XVector/include' -I/usr/local/include    -fpic  -g -O2 -fstack-protector-strong -Wformat -Werror=format-security -Wdate-time -D_FORTIFY_SOURCE=2 -g  -c S4Vectors_stubs.c -o S4Vectors_stubs.o
#8 628.1 gcc -std=gnu2x -I"/usr/local/lib/R/include" -DNDEBUG  -I'/usr/local/lib/R/site-library/S4Vectors/include' -I'/usr/local/lib/R/site-library/IRanges/include' -I'/usr/local/lib/R/site-library/XVector/include' -I/usr/local/include    -fpic  -g -O2 -fstack-protector-strong -Wformat -Werror=format-security -Wdate-time -D_FORTIFY_SOURCE=2 -g  -c SparseList_utils.c -o SparseList_utils.o
#8 628.2 gcc -std=gnu2x -I"/usr/local/lib/R/include" -DNDEBUG  -I'/usr/local/lib/R/site-library/S4Vectors/include' -I'/usr/local/lib/R/site-library/IRanges/include' -I'/usr/local/lib/R/site-library/XVector/include' -I/usr/local/include    -fpic  -g -O2 -fstack-protector-strong -Wformat -Werror=format-security -Wdate-time -D_FORTIFY_SOURCE=2 -g  -c XStringSetList_class.c -o XStringSetList_class.o
#8 628.3 gcc -std=gnu2x -I"/usr/local/lib/R/include" -DNDEBUG  -I'/usr/local/lib/R/site-library/S4Vectors/include' -I'/usr/local/lib/R/site-library/IRanges/include' -I'/usr/local/lib/R/site-library/XVector/include' -I/usr/local/include    -fpic  -g -O2 -fstack-protector-strong -Wformat -Werror=format-security -Wdate-time -D_FORTIFY_SOURCE=2 -g  -c XStringSet_class.c -o XStringSet_class.o
#8 628.4 gcc -std=gnu2x -I"/usr/local/lib/R/include" -DNDEBUG  -I'/usr/local/lib/R/site-library/S4Vectors/include' -I'/usr/local/lib/R/site-library/IRanges/include' -I'/usr/local/lib/R/site-library/XVector/include' -I/usr/local/include    -fpic  -g -O2 -fstack-protector-strong -Wformat -Werror=format-security -Wdate-time -D_FORTIFY_SOURCE=2 -g  -c XString_class.c -o XString_class.o
#8 628.5 gcc -std=gnu2x -I"/usr/local/lib/R/include" -DNDEBUG  -I'/usr/local/lib/R/site-library/S4Vectors/include' -I'/usr/local/lib/R/site-library/IRanges/include' -I'/usr/local/lib/R/site-library/XVector/include' -I/usr/local/include    -fpic  -g -O2 -fstack-protector-strong -Wformat -Werror=format-security -Wdate-time -D_FORTIFY_SOURCE=2 -g  -c XVector_stubs.c -o XVector_stubs.o
#8 628.8 gcc -std=gnu2x -I"/usr/local/lib/R/include" -DNDEBUG  -I'/usr/local/lib/R/site-library/S4Vectors/include' -I'/usr/local/lib/R/site-library/IRanges/include' -I'/usr/local/lib/R/site-library/XVector/include' -I/usr/local/include    -fpic  -g -O2 -fstack-protector-strong -Wformat -Werror=format-security -Wdate-time -D_FORTIFY_SOURCE=2 -g  -c find_palindromes.c -o find_palindromes.o
#8 629.0 gcc -std=gnu2x -I"/usr/local/lib/R/include" -DNDEBUG  -I'/usr/local/lib/R/site-library/S4Vectors/include' -I'/usr/local/lib/R/site-library/IRanges/include' -I'/usr/local/lib/R/site-library/XVector/include' -I/usr/local/include    -fpic  -g -O2 -fstack-protector-strong -Wformat -Werror=format-security -Wdate-time -D_FORTIFY_SOURCE=2 -g  -c gtestsim.c -o gtestsim.o
#8 629.1 gcc -std=gnu2x -I"/usr/local/lib/R/include" -DNDEBUG  -I'/usr/local/lib/R/site-library/S4Vectors/include' -I'/usr/local/lib/R/site-library/IRanges/include' -I'/usr/local/lib/R/site-library/XVector/include' -I/usr/local/include    -fpic  -g -O2 -fstack-protector-strong -Wformat -Werror=format-security -Wdate-time -D_FORTIFY_SOURCE=2 -g  -c inject_code.c -o inject_code.o
#8 629.2 gcc -std=gnu2x -I"/usr/local/lib/R/include" -DNDEBUG  -I'/usr/local/lib/R/site-library/S4Vectors/include' -I'/usr/local/lib/R/site-library/IRanges/include' -I'/usr/local/lib/R/site-library/XVector/include' -I/usr/local/include    -fpic  -g -O2 -fstack-protector-strong -Wformat -Werror=format-security -Wdate-time -D_FORTIFY_SOURCE=2 -g  -c letter_frequency.c -o letter_frequency.o
#8 629.9 gcc -std=gnu2x -I"/usr/local/lib/R/include" -DNDEBUG  -I'/usr/local/lib/R/site-library/S4Vectors/include' -I'/usr/local/lib/R/site-library/IRanges/include' -I'/usr/local/lib/R/site-library/XVector/include' -I/usr/local/include    -fpic  -g -O2 -fstack-protector-strong -Wformat -Werror=format-security -Wdate-time -D_FORTIFY_SOURCE=2 -g  -c lowlevel_matching.c -o lowlevel_matching.o
#8 630.4 gcc -std=gnu2x -I"/usr/local/lib/R/include" -DNDEBUG  -I'/usr/local/lib/R/site-library/S4Vectors/include' -I'/usr/local/lib/R/site-library/IRanges/include' -I'/usr/local/lib/R/site-library/XVector/include' -I/usr/local/include    -fpic  -g -O2 -fstack-protector-strong -Wformat -Werror=format-security -Wdate-time -D_FORTIFY_SOURCE=2 -g  -c match_PWM.c -o match_PWM.o
#8 630.6 gcc -std=gnu2x -I"/usr/local/lib/R/include" -DNDEBUG  -I'/usr/local/lib/R/site-library/S4Vectors/include' -I'/usr/local/lib/R/site-library/IRanges/include' -I'/usr/local/lib/R/site-library/XVector/include' -I/usr/local/include    -fpic  -g -O2 -fstack-protector-strong -Wformat -Werror=format-security -Wdate-time -D_FORTIFY_SOURCE=2 -g  -c match_pattern.c -o match_pattern.o
#8 630.7 gcc -std=gnu2x -I"/usr/local/lib/R/include" -DNDEBUG  -I'/usr/local/lib/R/site-library/S4Vectors/include' -I'/usr/local/lib/R/site-library/IRanges/include' -I'/usr/local/lib/R/site-library/XVector/include' -I/usr/local/include    -fpic  -g -O2 -fstack-protector-strong -Wformat -Werror=format-security -Wdate-time -D_FORTIFY_SOURCE=2 -g  -c match_pattern_boyermoore.c -o match_pattern_boyermoore.o
#8 630.9 gcc -std=gnu2x -I"/usr/local/lib/R/include" -DNDEBUG  -I'/usr/local/lib/R/site-library/S4Vectors/include' -I'/usr/local/lib/R/site-library/IRanges/include' -I'/usr/local/lib/R/site-library/XVector/include' -I/usr/local/include    -fpic  -g -O2 -fstack-protector-strong -Wformat -Werror=format-security -Wdate-time -D_FORTIFY_SOURCE=2 -g  -c match_pattern_indels.c -o match_pattern_indels.o
#8 631.0 gcc -std=gnu2x -I"/usr/local/lib/R/include" -DNDEBUG  -I'/usr/local/lib/R/site-library/S4Vectors/include' -I'/usr/local/lib/R/site-library/IRanges/include' -I'/usr/local/lib/R/site-library/XVector/include' -I/usr/local/include    -fpic  -g -O2 -fstack-protector-strong -Wformat -Werror=format-security -Wdate-time -D_FORTIFY_SOURCE=2 -g  -c match_pattern_shiftor.c -o match_pattern_shiftor.o
#8 631.1 gcc -std=gnu2x -I"/usr/local/lib/R/include" -DNDEBUG  -I'/usr/local/lib/R/site-library/S4Vectors/include' -I'/usr/local/lib/R/site-library/IRanges/include' -I'/usr/local/lib/R/site-library/XVector/include' -I/usr/local/include    -fpic  -g -O2 -fstack-protector-strong -Wformat -Werror=format-security -Wdate-time -D_FORTIFY_SOURCE=2 -g  -c match_pdict.c -o match_pdict.o
#8 631.4 gcc -std=gnu2x -I"/usr/local/lib/R/include" -DNDEBUG  -I'/usr/local/lib/R/site-library/S4Vectors/include' -I'/usr/local/lib/R/site-library/IRanges/include' -I'/usr/local/lib/R/site-library/XVector/include' -I/usr/local/include    -fpic  -g -O2 -fstack-protector-strong -Wformat -Werror=format-security -Wdate-time -D_FORTIFY_SOURCE=2 -g  -c match_pdict_ACtree2.c -o match_pdict_ACtree2.o
#8 631.8 gcc -std=gnu2x -I"/usr/local/lib/R/include" -DNDEBUG  -I'/usr/local/lib/R/site-library/S4Vectors/include' -I'/usr/local/lib/R/site-library/IRanges/include' -I'/usr/local/lib/R/site-library/XVector/include' -I/usr/local/include    -fpic  -g -O2 -fstack-protector-strong -Wformat -Werror=format-security -Wdate-time -D_FORTIFY_SOURCE=2 -g  -c match_pdict_Twobit.c -o match_pdict_Twobit.o
#8 631.9 gcc -std=gnu2x -I"/usr/local/lib/R/include" -DNDEBUG  -I'/usr/local/lib/R/site-library/S4Vectors/include' -I'/usr/local/lib/R/site-library/IRanges/include' -I'/usr/local/lib/R/site-library/XVector/include' -I/usr/local/include    -fpic  -g -O2 -fstack-protector-strong -Wformat -Werror=format-security -Wdate-time -D_FORTIFY_SOURCE=2 -g  -c match_pdict_utils.c -o match_pdict_utils.o
#8 632.3 gcc -std=gnu2x -I"/usr/local/lib/R/include" -DNDEBUG  -I'/usr/local/lib/R/site-library/S4Vectors/include' -I'/usr/local/lib/R/site-library/IRanges/include' -I'/usr/local/lib/R/site-library/XVector/include' -I/usr/local/include    -fpic  -g -O2 -fstack-protector-strong -Wformat -Werror=format-security -Wdate-time -D_FORTIFY_SOURCE=2 -g  -c match_reporting.c -o match_reporting.o
#8 632.5 gcc -std=gnu2x -I"/usr/local/lib/R/include" -DNDEBUG  -I'/usr/local/lib/R/site-library/S4Vectors/include' -I'/usr/local/lib/R/site-library/IRanges/include' -I'/usr/local/lib/R/site-library/XVector/include' -I/usr/local/include    -fpic  -g -O2 -fstack-protector-strong -Wformat -Werror=format-security -Wdate-time -D_FORTIFY_SOURCE=2 -g  -c pmatchPattern.c -o pmatchPattern.o
#8 632.6 gcc -std=gnu2x -I"/usr/local/lib/R/include" -DNDEBUG  -I'/usr/local/lib/R/site-library/S4Vectors/include' -I'/usr/local/lib/R/site-library/IRanges/include' -I'/usr/local/lib/R/site-library/XVector/include' -I/usr/local/include    -fpic  -g -O2 -fstack-protector-strong -Wformat -Werror=format-security -Wdate-time -D_FORTIFY_SOURCE=2 -g  -c read_fasta_files.c -o read_fasta_files.o
#8 632.8 gcc -std=gnu2x -I"/usr/local/lib/R/include" -DNDEBUG  -I'/usr/local/lib/R/site-library/S4Vectors/include' -I'/usr/local/lib/R/site-library/IRanges/include' -I'/usr/local/lib/R/site-library/XVector/include' -I/usr/local/include    -fpic  -g -O2 -fstack-protector-strong -Wformat -Werror=format-security -Wdate-time -D_FORTIFY_SOURCE=2 -g  -c read_fastq_files.c -o read_fastq_files.o
#8 633.1 gcc -std=gnu2x -I"/usr/local/lib/R/include" -DNDEBUG  -I'/usr/local/lib/R/site-library/S4Vectors/include' -I'/usr/local/lib/R/site-library/IRanges/include' -I'/usr/local/lib/R/site-library/XVector/include' -I/usr/local/include    -fpic  -g -O2 -fstack-protector-strong -Wformat -Werror=format-security -Wdate-time -D_FORTIFY_SOURCE=2 -g  -c replaceAt.c -o replaceAt.o
#8 633.3 gcc -std=gnu2x -I"/usr/local/lib/R/include" -DNDEBUG  -I'/usr/local/lib/R/site-library/S4Vectors/include' -I'/usr/local/lib/R/site-library/IRanges/include' -I'/usr/local/lib/R/site-library/XVector/include' -I/usr/local/include    -fpic  -g -O2 -fstack-protector-strong -Wformat -Werror=format-security -Wdate-time -D_FORTIFY_SOURCE=2 -g  -c replace_letter_at.c -o replace_letter_at.o
#8 633.4 gcc -std=gnu2x -I"/usr/local/lib/R/include" -DNDEBUG  -I'/usr/local/lib/R/site-library/S4Vectors/include' -I'/usr/local/lib/R/site-library/IRanges/include' -I'/usr/local/lib/R/site-library/XVector/include' -I/usr/local/include    -fpic  -g -O2 -fstack-protector-strong -Wformat -Werror=format-security -Wdate-time -D_FORTIFY_SOURCE=2 -g  -c strutils.c -o strutils.o
#8 633.5 gcc -std=gnu2x -I"/usr/local/lib/R/include" -DNDEBUG  -I'/usr/local/lib/R/site-library/S4Vectors/include' -I'/usr/local/lib/R/site-library/IRanges/include' -I'/usr/local/lib/R/site-library/XVector/include' -I/usr/local/include    -fpic  -g -O2 -fstack-protector-strong -Wformat -Werror=format-security -Wdate-time -D_FORTIFY_SOURCE=2 -g  -c translate.c -o translate.o
#8 633.6 gcc -std=gnu2x -I"/usr/local/lib/R/include" -DNDEBUG  -I'/usr/local/lib/R/site-library/S4Vectors/include' -I'/usr/local/lib/R/site-library/IRanges/include' -I'/usr/local/lib/R/site-library/XVector/include' -I/usr/local/include    -fpic  -g -O2 -fstack-protector-strong -Wformat -Werror=format-security -Wdate-time -D_FORTIFY_SOURCE=2 -g  -c unstrsplit_methods.c -o unstrsplit_methods.o
#8 633.7 gcc -std=gnu2x -I"/usr/local/lib/R/include" -DNDEBUG  -I'/usr/local/lib/R/site-library/S4Vectors/include' -I'/usr/local/lib/R/site-library/IRanges/include' -I'/usr/local/lib/R/site-library/XVector/include' -I/usr/local/include    -fpic  -g -O2 -fstack-protector-strong -Wformat -Werror=format-security -Wdate-time -D_FORTIFY_SOURCE=2 -g  -c utils.c -o utils.o
#8 633.9 gcc -std=gnu2x -I"/usr/local/lib/R/include" -DNDEBUG  -I'/usr/local/lib/R/site-library/S4Vectors/include' -I'/usr/local/lib/R/site-library/IRanges/include' -I'/usr/local/lib/R/site-library/XVector/include' -I/usr/local/include    -fpic  -g -O2 -fstack-protector-strong -Wformat -Werror=format-security -Wdate-time -D_FORTIFY_SOURCE=2 -g  -c xscat.c -o xscat.o
#8 634.0 gcc -std=gnu2x -shared -L/usr/local/lib/R/lib -L/usr/local/lib -o Biostrings.so BAB_class.o BitMatrix.o IRanges_stubs.o MIndex_class.o PreprocessedTB_class.o R_init_Biostrings.o RoSeqs_utils.o S4Vectors_stubs.o SparseList_utils.o XStringSetList_class.o XStringSet_class.o XString_class.o XVector_stubs.o find_palindromes.o gtestsim.o inject_code.o letter_frequency.o lowlevel_matching.o match_PWM.o match_pattern.o match_pattern_boyermoore.o match_pattern_indels.o match_pattern_shiftor.o match_pdict.o match_pdict_ACtree2.o match_pdict_Twobit.o match_pdict_utils.o match_reporting.o pmatchPattern.o read_fasta_files.o read_fastq_files.o replaceAt.o replace_letter_at.o strutils.o translate.o unstrsplit_methods.o utils.o xscat.o -L/usr/local/lib/R/lib -lR
#8 634.1 installing to /usr/local/lib/R/site-library/00LOCK-Biostrings/00new/Biostrings/libs
#8 634.1 ** R
#8 634.1 ** data
#8 634.1 ** inst
#8 634.1 ** byte-compile and prepare package for lazy loading
#8 649.0 in method for ‘twoWayAlphabetFrequencyByQuality’ with signature ‘"QualityScaledXStringSet"’: no definition for class “QualityScaledXStringSet”
#8 649.0 Creating a new generic function for ‘strsplit’ in package ‘Biostrings’
#8 649.0 Creating a generic function for ‘ls’ from package ‘base’ in package ‘Biostrings’
#8 649.0 Creating a new generic function for ‘offset’ in package ‘Biostrings’
#8 649.0 ** help
#8 649.4 *** installing help indices
#8 649.6 ** building package indices
#8 650.2 ** installing vignettes
#8 650.2 ** testing if installed package can be loaded from temporary location
#8 652.8 ** checking absolute paths in shared objects and dynamic libraries
#8 652.9 ** testing if installed package can be loaded from final location
#8 655.7 ** testing if installed package keeps a record of temporary installation path
#8 655.7 * DONE (Biostrings)
#8 656.3 * installing *source* package ‘GenomicRanges’ ...
#8 656.3 ** this is package ‘GenomicRanges’ version ‘1.62.1’
#8 656.3 ** package ‘GenomicRanges’ successfully unpacked and MD5 sums checked
#8 656.3 ** using staged installation
#8 656.3 ** libs
#8 656.3 using C compiler: ‘gcc (Ubuntu 13.3.0-6ubuntu2~24.04) 13.3.0’
#8 656.3 gcc -std=gnu2x -I"/usr/local/lib/R/include" -DNDEBUG  -I'/usr/local/lib/R/site-library/S4Vectors/include' -I'/usr/local/lib/R/site-library/IRanges/include' -I/usr/local/include    -fpic  -g -O2 -fstack-protector-strong -Wformat -Werror=format-security -Wdate-time -D_FORTIFY_SOURCE=2 -g  -c IRanges_stubs.c -o IRanges_stubs.o
#8 656.5 gcc -std=gnu2x -I"/usr/local/lib/R/include" -DNDEBUG  -I'/usr/local/lib/R/site-library/S4Vectors/include' -I'/usr/local/lib/R/site-library/IRanges/include' -I/usr/local/include    -fpic  -g -O2 -fstack-protector-strong -Wformat -Werror=format-security -Wdate-time -D_FORTIFY_SOURCE=2 -g  -c R_init_GenomicRanges.c -o R_init_GenomicRanges.o
#8 656.6 gcc -std=gnu2x -I"/usr/local/lib/R/include" -DNDEBUG  -I'/usr/local/lib/R/site-library/S4Vectors/include' -I'/usr/local/lib/R/site-library/IRanges/include' -I/usr/local/include    -fpic  -g -O2 -fstack-protector-strong -Wformat -Werror=format-security -Wdate-time -D_FORTIFY_SOURCE=2 -g  -c S4Vectors_stubs.c -o S4Vectors_stubs.o
#8 657.1 gcc -std=gnu2x -I"/usr/local/lib/R/include" -DNDEBUG  -I'/usr/local/lib/R/site-library/S4Vectors/include' -I'/usr/local/lib/R/site-library/IRanges/include' -I/usr/local/include    -fpic  -g -O2 -fstack-protector-strong -Wformat -Werror=format-security -Wdate-time -D_FORTIFY_SOURCE=2 -g  -c transcript_utils.c -o transcript_utils.o
#8 657.3 gcc -std=gnu2x -shared -L/usr/local/lib/R/lib -L/usr/local/lib -o GenomicRanges.so IRanges_stubs.o R_init_GenomicRanges.o S4Vectors_stubs.o transcript_utils.o -L/usr/local/lib/R/lib -lR
#8 657.3 installing to /usr/local/lib/R/site-library/00LOCK-GenomicRanges/00new/GenomicRanges/libs
#8 657.3 ** R
#8 657.3 ** inst
#8 657.3 ** byte-compile and prepare package for lazy loading
#8 669.8 ** help
#8 670.0 *** installing help indices
#8 670.1 ** building package indices
#8 670.6 ** installing vignettes
#8 670.6 ** testing if installed package can be loaded from temporary location
#8 672.9 ** checking absolute paths in shared objects and dynamic libraries
#8 672.9 ** testing if installed package can be loaded from final location
#8 675.4 ** testing if installed package keeps a record of temporary installation path
#8 675.5 * DONE (GenomicRanges)
#8 676.0 * installing *source* package ‘SparseArray’ ...
#8 676.0 ** this is package ‘SparseArray’ version ‘1.10.10’
#8 676.0 ** package ‘SparseArray’ successfully unpacked and MD5 sums checked
#8 676.0 ** using staged installation
#8 676.1 ** libs
#8 676.1 using C compiler: ‘gcc (Ubuntu 13.3.0-6ubuntu2~24.04) 13.3.0’
#8 676.1 gcc -std=gnu2x -I"/usr/local/lib/R/include" -DNDEBUG  -I'/usr/local/lib/R/site-library/S4Vectors/include' -I'/usr/local/lib/R/site-library/IRanges/include' -I'/usr/local/lib/R/site-library/XVector/include' -I/usr/local/include   -fopenmp -fpic  -g -O2 -fstack-protector-strong -Wformat -Werror=format-security -Wdate-time -D_FORTIFY_SOURCE=2 -g  -c ExtendableJaggedArray.c -o ExtendableJaggedArray.o
#8 676.2 gcc -std=gnu2x -I"/usr/local/lib/R/include" -DNDEBUG  -I'/usr/local/lib/R/site-library/S4Vectors/include' -I'/usr/local/lib/R/site-library/IRanges/include' -I'/usr/local/lib/R/site-library/XVector/include' -I/usr/local/include   -fopenmp -fpic  -g -O2 -fstack-protector-strong -Wformat -Werror=format-security -Wdate-time -D_FORTIFY_SOURCE=2 -g  -c IRanges_stubs.c -o IRanges_stubs.o
#8 676.4 gcc -std=gnu2x -I"/usr/local/lib/R/include" -DNDEBUG  -I'/usr/local/lib/R/site-library/S4Vectors/include' -I'/usr/local/lib/R/site-library/IRanges/include' -I'/usr/local/lib/R/site-library/XVector/include' -I/usr/local/include   -fopenmp -fpic  -g -O2 -fstack-protector-strong -Wformat -Werror=format-security -Wdate-time -D_FORTIFY_SOURCE=2 -g  -c OPBufTree.c -o OPBufTree.o
#8 676.6 gcc -std=gnu2x -I"/usr/local/lib/R/include" -DNDEBUG  -I'/usr/local/lib/R/site-library/S4Vectors/include' -I'/usr/local/lib/R/site-library/IRanges/include' -I'/usr/local/lib/R/site-library/XVector/include' -I/usr/local/include   -fopenmp -fpic  -g -O2 -fstack-protector-strong -Wformat -Werror=format-security -Wdate-time -D_FORTIFY_SOURCE=2 -g  -c R_init_SparseArray.c -o R_init_SparseArray.o
#8 676.7 gcc -std=gnu2x -I"/usr/local/lib/R/include" -DNDEBUG  -I'/usr/local/lib/R/site-library/S4Vectors/include' -I'/usr/local/lib/R/site-library/IRanges/include' -I'/usr/local/lib/R/site-library/XVector/include' -I/usr/local/include   -fopenmp -fpic  -g -O2 -fstack-protector-strong -Wformat -Werror=format-security -Wdate-time -D_FORTIFY_SOURCE=2 -g  -c Rvector_summarization.c -o Rvector_summarization.o
#8 677.1 gcc -std=gnu2x -I"/usr/local/lib/R/include" -DNDEBUG  -I'/usr/local/lib/R/site-library/S4Vectors/include' -I'/usr/local/lib/R/site-library/IRanges/include' -I'/usr/local/lib/R/site-library/XVector/include' -I/usr/local/include   -fopenmp -fpic  -g -O2 -fstack-protector-strong -Wformat -Werror=format-security -Wdate-time -D_FORTIFY_SOURCE=2 -g  -c Rvector_utils.c -o Rvector_utils.o
#8 677.8 gcc -std=gnu2x -I"/usr/local/lib/R/include" -DNDEBUG  -I'/usr/local/lib/R/site-library/S4Vectors/include' -I'/usr/local/lib/R/site-library/IRanges/include' -I'/usr/local/lib/R/site-library/XVector/include' -I/usr/local/include   -fopenmp -fpic  -g -O2 -fstack-protector-strong -Wformat -Werror=format-security -Wdate-time -D_FORTIFY_SOURCE=2 -g  -c S4Vectors_stubs.c -o S4Vectors_stubs.o
#8 678.3 gcc -std=gnu2x -I"/usr/local/lib/R/include" -DNDEBUG  -I'/usr/local/lib/R/site-library/S4Vectors/include' -I'/usr/local/lib/R/site-library/IRanges/include' -I'/usr/local/lib/R/site-library/XVector/include' -I/usr/local/include   -fopenmp -fpic  -g -O2 -fstack-protector-strong -Wformat -Werror=format-security -Wdate-time -D_FORTIFY_SOURCE=2 -g  -c SBT_utils.c -o SBT_utils.o
#8 678.6 gcc -std=gnu2x -I"/usr/local/lib/R/include" -DNDEBUG  -I'/usr/local/lib/R/site-library/S4Vectors/include' -I'/usr/local/lib/R/site-library/IRanges/include' -I'/usr/local/lib/R/site-library/XVector/include' -I/usr/local/include   -fopenmp -fpic  -g -O2 -fstack-protector-strong -Wformat -Werror=format-security -Wdate-time -D_FORTIFY_SOURCE=2 -g  -c SVT_SparseArray_class.c -o SVT_SparseArray_class.o
#8 679.1 gcc -std=gnu2x -I"/usr/local/lib/R/include" -DNDEBUG  -I'/usr/local/lib/R/site-library/S4Vectors/include' -I'/usr/local/lib/R/site-library/IRanges/include' -I'/usr/local/lib/R/site-library/XVector/include' -I/usr/local/include   -fopenmp -fpic  -g -O2 -fstack-protector-strong -Wformat -Werror=format-security -Wdate-time -D_FORTIFY_SOURCE=2 -g  -c SparseArray_Arith_methods.c -o SparseArray_Arith_methods.o
#8 679.3 gcc -std=gnu2x -I"/usr/local/lib/R/include" -DNDEBUG  -I'/usr/local/lib/R/site-library/S4Vectors/include' -I'/usr/local/lib/R/site-library/IRanges/include' -I'/usr/local/lib/R/site-library/XVector/include' -I/usr/local/include   -fopenmp -fpic  -g -O2 -fstack-protector-strong -Wformat -Werror=format-security -Wdate-time -D_FORTIFY_SOURCE=2 -g  -c SparseArray_Compare_methods.c -o SparseArray_Compare_methods.o
#8 679.6 gcc -std=gnu2x -I"/usr/local/lib/R/include" -DNDEBUG  -I'/usr/local/lib/R/site-library/S4Vectors/include' -I'/usr/local/lib/R/site-library/IRanges/include' -I'/usr/local/lib/R/site-library/XVector/include' -I/usr/local/include   -fopenmp -fpic  -g -O2 -fstack-protector-strong -Wformat -Werror=format-security -Wdate-time -D_FORTIFY_SOURCE=2 -g  -c SparseArray_Complex_methods.c -o SparseArray_Complex_methods.o
#8 679.6 gcc -std=gnu2x -I"/usr/local/lib/R/include" -DNDEBUG  -I'/usr/local/lib/R/site-library/S4Vectors/include' -I'/usr/local/lib/R/site-library/IRanges/include' -I'/usr/local/lib/R/site-library/XVector/include' -I/usr/local/include   -fopenmp -fpic  -g -O2 -fstack-protector-strong -Wformat -Werror=format-security -Wdate-time -D_FORTIFY_SOURCE=2 -g  -c SparseArray_Logic_methods.c -o SparseArray_Logic_methods.o
#8 679.9 gcc -std=gnu2x -I"/usr/local/lib/R/include" -DNDEBUG  -I'/usr/local/lib/R/site-library/S4Vectors/include' -I'/usr/local/lib/R/site-library/IRanges/include' -I'/usr/local/lib/R/site-library/XVector/include' -I/usr/local/include   -fopenmp -fpic  -g -O2 -fstack-protector-strong -Wformat -Werror=format-security -Wdate-time -D_FORTIFY_SOURCE=2 -g  -c SparseArray_Math_methods.c -o SparseArray_Math_methods.o
#8 680.0 gcc -std=gnu2x -I"/usr/local/lib/R/include" -DNDEBUG  -I'/usr/local/lib/R/site-library/S4Vectors/include' -I'/usr/local/lib/R/site-library/IRanges/include' -I'/usr/local/lib/R/site-library/XVector/include' -I/usr/local/include   -fopenmp -fpic  -g -O2 -fstack-protector-strong -Wformat -Werror=format-security -Wdate-time -D_FORTIFY_SOURCE=2 -g  -c SparseArray_abind.c -o SparseArray_abind.o
#8 680.2 gcc -std=gnu2x -I"/usr/local/lib/R/include" -DNDEBUG  -I'/usr/local/lib/R/site-library/S4Vectors/include' -I'/usr/local/lib/R/site-library/IRanges/include' -I'/usr/local/lib/R/site-library/XVector/include' -I/usr/local/include   -fopenmp -fpic  -g -O2 -fstack-protector-strong -Wformat -Werror=format-security -Wdate-time -D_FORTIFY_SOURCE=2 -g  -c SparseArray_aperm.c -o SparseArray_aperm.o
#8 680.9 gcc -std=gnu2x -I"/usr/local/lib/R/include" -DNDEBUG  -I'/usr/local/lib/R/site-library/S4Vectors/include' -I'/usr/local/lib/R/site-library/IRanges/include' -I'/usr/local/lib/R/site-library/XVector/include' -I/usr/local/include   -fopenmp -fpic  -g -O2 -fstack-protector-strong -Wformat -Werror=format-security -Wdate-time -D_FORTIFY_SOURCE=2 -g  -c SparseArray_dim_tuning.c -o SparseArray_dim_tuning.o
#8 681.1 gcc -std=gnu2x -I"/usr/local/lib/R/include" -DNDEBUG  -I'/usr/local/lib/R/site-library/S4Vectors/include' -I'/usr/local/lib/R/site-library/IRanges/include' -I'/usr/local/lib/R/site-library/XVector/include' -I/usr/local/include   -fopenmp -fpic  -g -O2 -fstack-protector-strong -Wformat -Werror=format-security -Wdate-time -D_FORTIFY_SOURCE=2 -g  -c SparseArray_matrixStats.c -o SparseArray_matrixStats.o
#8 681.8 gcc -std=gnu2x -I"/usr/local/lib/R/include" -DNDEBUG  -I'/usr/local/lib/R/site-library/S4Vectors/include' -I'/usr/local/lib/R/site-library/IRanges/include' -I'/usr/local/lib/R/site-library/XVector/include' -I/usr/local/include   -fopenmp -fpic  -g -O2 -fstack-protector-strong -Wformat -Werror=format-security -Wdate-time -D_FORTIFY_SOURCE=2 -g  -c SparseArray_misc_methods.c -o SparseArray_misc_methods.o
#8 681.9 gcc -std=gnu2x -I"/usr/local/lib/R/include" -DNDEBUG  -I'/usr/local/lib/R/site-library/S4Vectors/include' -I'/usr/local/lib/R/site-library/IRanges/include' -I'/usr/local/lib/R/site-library/XVector/include' -I/usr/local/include   -fopenmp -fpic  -g -O2 -fstack-protector-strong -Wformat -Werror=format-security -Wdate-time -D_FORTIFY_SOURCE=2 -g  -c SparseArray_subassignment.c -o SparseArray_subassignment.o
#8 682.3 gcc -std=gnu2x -I"/usr/local/lib/R/include" -DNDEBUG  -I'/usr/local/lib/R/site-library/S4Vectors/include' -I'/usr/local/lib/R/site-library/IRanges/include' -I'/usr/local/lib/R/site-library/XVector/include' -I/usr/local/include   -fopenmp -fpic  -g -O2 -fstack-protector-strong -Wformat -Werror=format-security -Wdate-time -D_FORTIFY_SOURCE=2 -g  -c SparseArray_subsetting.c -o SparseArray_subsetting.o
#8 682.4 SparseArray_subsetting.c: In function ‘REC_subset_SVT_as_SVT’:
#8 682.4 SparseArray_subsetting.c:843:26: warning: comparison between pointer and integer
#8 682.4   843 |                 if (offs != i2 || ans_elt != subSVT)
#8 682.4       |                          ^~
#8 682.9 gcc -std=gnu2x -I"/usr/local/lib/R/include" -DNDEBUG  -I'/usr/local/lib/R/site-library/S4Vectors/include' -I'/usr/local/lib/R/site-library/IRanges/include' -I'/usr/local/lib/R/site-library/XVector/include' -I/usr/local/include   -fopenmp -fpic  -g -O2 -fstack-protector-strong -Wformat -Werror=format-security -Wdate-time -D_FORTIFY_SOURCE=2 -g  -c SparseArray_summarization.c -o SparseArray_summarization.o
#8 683.0 gcc -std=gnu2x -I"/usr/local/lib/R/include" -DNDEBUG  -I'/usr/local/lib/R/site-library/S4Vectors/include' -I'/usr/local/lib/R/site-library/IRanges/include' -I'/usr/local/lib/R/site-library/XVector/include' -I/usr/local/include   -fopenmp -fpic  -g -O2 -fstack-protector-strong -Wformat -Werror=format-security -Wdate-time -D_FORTIFY_SOURCE=2 -g  -c SparseMatrix_mult.c -o SparseMatrix_mult.o
#8 683.7 gcc -std=gnu2x -I"/usr/local/lib/R/include" -DNDEBUG  -I'/usr/local/lib/R/site-library/S4Vectors/include' -I'/usr/local/lib/R/site-library/IRanges/include' -I'/usr/local/lib/R/site-library/XVector/include' -I/usr/local/include   -fopenmp -fpic  -g -O2 -fstack-protector-strong -Wformat -Werror=format-security -Wdate-time -D_FORTIFY_SOURCE=2 -g  -c SparseVec.c -o SparseVec.o
#8 683.9 gcc -std=gnu2x -I"/usr/local/lib/R/include" -DNDEBUG  -I'/usr/local/lib/R/site-library/S4Vectors/include' -I'/usr/local/lib/R/site-library/IRanges/include' -I'/usr/local/lib/R/site-library/XVector/include' -I/usr/local/include   -fopenmp -fpic  -g -O2 -fstack-protector-strong -Wformat -Werror=format-security -Wdate-time -D_FORTIFY_SOURCE=2 -g  -c SparseVec_Arith.c -o SparseVec_Arith.o
#8 684.7 gcc -std=gnu2x -I"/usr/local/lib/R/include" -DNDEBUG  -I'/usr/local/lib/R/site-library/S4Vectors/include' -I'/usr/local/lib/R/site-library/IRanges/include' -I'/usr/local/lib/R/site-library/XVector/include' -I/usr/local/include   -fopenmp -fpic  -g -O2 -fstack-protector-strong -Wformat -Werror=format-security -Wdate-time -D_FORTIFY_SOURCE=2 -g  -c SparseVec_Compare.c -o SparseVec_Compare.o
#8 685.7 gcc -std=gnu2x -I"/usr/local/lib/R/include" -DNDEBUG  -I'/usr/local/lib/R/site-library/S4Vectors/include' -I'/usr/local/lib/R/site-library/IRanges/include' -I'/usr/local/lib/R/site-library/XVector/include' -I/usr/local/include   -fopenmp -fpic  -g -O2 -fstack-protector-strong -Wformat -Werror=format-security -Wdate-time -D_FORTIFY_SOURCE=2 -g  -c SparseVec_Logic.c -o SparseVec_Logic.o
#8 685.9 gcc -std=gnu2x -I"/usr/local/lib/R/include" -DNDEBUG  -I'/usr/local/lib/R/site-library/S4Vectors/include' -I'/usr/local/lib/R/site-library/IRanges/include' -I'/usr/local/lib/R/site-library/XVector/include' -I/usr/local/include   -fopenmp -fpic  -g -O2 -fstack-protector-strong -Wformat -Werror=format-security -Wdate-time -D_FORTIFY_SOURCE=2 -g  -c SparseVec_Math.c -o SparseVec_Math.o
#8 686.1 gcc -std=gnu2x -I"/usr/local/lib/R/include" -DNDEBUG  -I'/usr/local/lib/R/site-library/S4Vectors/include' -I'/usr/local/lib/R/site-library/IRanges/include' -I'/usr/local/lib/R/site-library/XVector/include' -I/usr/local/include   -fopenmp -fpic  -g -O2 -fstack-protector-strong -Wformat -Werror=format-security -Wdate-time -D_FORTIFY_SOURCE=2 -g  -c SparseVec_dotprod.c -o SparseVec_dotprod.o
#8 686.3 gcc -std=gnu2x -I"/usr/local/lib/R/include" -DNDEBUG  -I'/usr/local/lib/R/site-library/S4Vectors/include' -I'/usr/local/lib/R/site-library/IRanges/include' -I'/usr/local/lib/R/site-library/XVector/include' -I/usr/local/include   -fopenmp -fpic  -g -O2 -fstack-protector-strong -Wformat -Werror=format-security -Wdate-time -D_FORTIFY_SOURCE=2 -g  -c SparseVec_subassignment.c -o SparseVec_subassignment.o
#8 687.0 gcc -std=gnu2x -I"/usr/local/lib/R/include" -DNDEBUG  -I'/usr/local/lib/R/site-library/S4Vectors/include' -I'/usr/local/lib/R/site-library/IRanges/include' -I'/usr/local/lib/R/site-library/XVector/include' -I/usr/local/include   -fopenmp -fpic  -g -O2 -fstack-protector-strong -Wformat -Werror=format-security -Wdate-time -D_FORTIFY_SOURCE=2 -g  -c SparseVec_subsetting.c -o SparseVec_subsetting.o
#8 687.4 gcc -std=gnu2x -I"/usr/local/lib/R/include" -DNDEBUG  -I'/usr/local/lib/R/site-library/S4Vectors/include' -I'/usr/local/lib/R/site-library/IRanges/include' -I'/usr/local/lib/R/site-library/XVector/include' -I/usr/local/include   -fopenmp -fpic  -g -O2 -fstack-protector-strong -Wformat -Werror=format-security -Wdate-time -D_FORTIFY_SOURCE=2 -g  -c XVector_stubs.c -o XVector_stubs.o
#8 687.7 gcc -std=gnu2x -I"/usr/local/lib/R/include" -DNDEBUG  -I'/usr/local/lib/R/site-library/S4Vectors/include' -I'/usr/local/lib/R/site-library/IRanges/include' -I'/usr/local/lib/R/site-library/XVector/include' -I/usr/local/include   -fopenmp -fpic  -g -O2 -fstack-protector-strong -Wformat -Werror=format-security -Wdate-time -D_FORTIFY_SOURCE=2 -g  -c argcheck_utils.c -o argcheck_utils.o
#8 687.8 gcc -std=gnu2x -I"/usr/local/lib/R/include" -DNDEBUG  -I'/usr/local/lib/R/site-library/S4Vectors/include' -I'/usr/local/lib/R/site-library/IRanges/include' -I'/usr/local/lib/R/site-library/XVector/include' -I/usr/local/include   -fopenmp -fpic  -g -O2 -fstack-protector-strong -Wformat -Werror=format-security -Wdate-time -D_FORTIFY_SOURCE=2 -g  -c coerceVector2.c -o coerceVector2.o
#8 688.0 gcc -std=gnu2x -I"/usr/local/lib/R/include" -DNDEBUG  -I'/usr/local/lib/R/site-library/S4Vectors/include' -I'/usr/local/lib/R/site-library/IRanges/include' -I'/usr/local/lib/R/site-library/XVector/include' -I/usr/local/include   -fopenmp -fpic  -g -O2 -fstack-protector-strong -Wformat -Werror=format-security -Wdate-time -D_FORTIFY_SOURCE=2 -g  -c leaf_utils.c -o leaf_utils.o
#8 688.4 gcc -std=gnu2x -I"/usr/local/lib/R/include" -DNDEBUG  -I'/usr/local/lib/R/site-library/S4Vectors/include' -I'/usr/local/lib/R/site-library/IRanges/include' -I'/usr/local/lib/R/site-library/XVector/include' -I/usr/local/include   -fopenmp -fpic  -g -O2 -fstack-protector-strong -Wformat -Werror=format-security -Wdate-time -D_FORTIFY_SOURCE=2 -g  -c misc_utils.c -o misc_utils.o
#8 688.5 gcc -std=gnu2x -I"/usr/local/lib/R/include" -DNDEBUG  -I'/usr/local/lib/R/site-library/S4Vectors/include' -I'/usr/local/lib/R/site-library/IRanges/include' -I'/usr/local/lib/R/site-library/XVector/include' -I/usr/local/include   -fopenmp -fpic  -g -O2 -fstack-protector-strong -Wformat -Werror=format-security -Wdate-time -D_FORTIFY_SOURCE=2 -g  -c randomSparseArray.c -o randomSparseArray.o
#8 688.6 gcc -std=gnu2x -I"/usr/local/lib/R/include" -DNDEBUG  -I'/usr/local/lib/R/site-library/S4Vectors/include' -I'/usr/local/lib/R/site-library/IRanges/include' -I'/usr/local/lib/R/site-library/XVector/include' -I/usr/local/include   -fopenmp -fpic  -g -O2 -fstack-protector-strong -Wformat -Werror=format-security -Wdate-time -D_FORTIFY_SOURCE=2 -g  -c readSparseCSV.c -o readSparseCSV.o
#8 688.8 gcc -std=gnu2x -I"/usr/local/lib/R/include" -DNDEBUG  -I'/usr/local/lib/R/site-library/S4Vectors/include' -I'/usr/local/lib/R/site-library/IRanges/include' -I'/usr/local/lib/R/site-library/XVector/include' -I/usr/local/include   -fopenmp -fpic  -g -O2 -fstack-protector-strong -Wformat -Werror=format-security -Wdate-time -D_FORTIFY_SOURCE=2 -g  -c rowsum_methods.c -o rowsum_methods.o
#8 689.0 gcc -std=gnu2x -I"/usr/local/lib/R/include" -DNDEBUG  -I'/usr/local/lib/R/site-library/S4Vectors/include' -I'/usr/local/lib/R/site-library/IRanges/include' -I'/usr/local/lib/R/site-library/XVector/include' -I/usr/local/include   -fopenmp -fpic  -g -O2 -fstack-protector-strong -Wformat -Werror=format-security -Wdate-time -D_FORTIFY_SOURCE=2 -g  -c sparseMatrix_utils.c -o sparseMatrix_utils.o
#8 689.2 gcc -std=gnu2x -I"/usr/local/lib/R/include" -DNDEBUG  -I'/usr/local/lib/R/site-library/S4Vectors/include' -I'/usr/local/lib/R/site-library/IRanges/include' -I'/usr/local/lib/R/site-library/XVector/include' -I/usr/local/include   -fopenmp -fpic  -g -O2 -fstack-protector-strong -Wformat -Werror=format-security -Wdate-time -D_FORTIFY_SOURCE=2 -g  -c test.c -o test.o
#8 689.3 gcc -std=gnu2x -I"/usr/local/lib/R/include" -DNDEBUG  -I'/usr/local/lib/R/site-library/S4Vectors/include' -I'/usr/local/lib/R/site-library/IRanges/include' -I'/usr/local/lib/R/site-library/XVector/include' -I/usr/local/include   -fopenmp -fpic  -g -O2 -fstack-protector-strong -Wformat -Werror=format-security -Wdate-time -D_FORTIFY_SOURCE=2 -g  -c thread_control.c -o thread_control.o
#8 689.3 gcc -std=gnu2x -shared -L/usr/local/lib/R/lib -L/usr/local/lib -o SparseArray.so ExtendableJaggedArray.o IRanges_stubs.o OPBufTree.o R_init_SparseArray.o Rvector_summarization.o Rvector_utils.o S4Vectors_stubs.o SBT_utils.o SVT_SparseArray_class.o SparseArray_Arith_methods.o SparseArray_Compare_methods.o SparseArray_Complex_methods.o SparseArray_Logic_methods.o SparseArray_Math_methods.o SparseArray_abind.o SparseArray_aperm.o SparseArray_dim_tuning.o SparseArray_matrixStats.o SparseArray_misc_methods.o SparseArray_subassignment.o SparseArray_subsetting.o SparseArray_summarization.o SparseMatrix_mult.o SparseVec.o SparseVec_Arith.o SparseVec_Compare.o SparseVec_Logic.o SparseVec_Math.o SparseVec_dotprod.o SparseVec_subassignment.o SparseVec_subsetting.o XVector_stubs.o argcheck_utils.o coerceVector2.o leaf_utils.o misc_utils.o randomSparseArray.o readSparseCSV.o rowsum_methods.o sparseMatrix_utils.o test.o thread_control.o -fopenmp -L/usr/local/lib/R/lib -lR
#8 689.4 installing to /usr/local/lib/R/site-library/00LOCK-SparseArray/00new/SparseArray/libs
#8 689.4 ** R
#8 689.5 ** inst
#8 689.5 ** byte-compile and prepare package for lazy loading
#8 702.7 ** help
#8 702.9 *** installing help indices
#8 703.1 ** building package indices
#8 703.5 ** installing vignettes
#8 703.5 ** testing if installed package can be loaded from temporary location
#8 707.8 ** checking absolute paths in shared objects and dynamic libraries
#8 707.8 ** testing if installed package can be loaded from final location
#8 712.8 ** testing if installed package keeps a record of temporary installation path
#8 712.8 * DONE (SparseArray)
#8 713.5 * installing *source* package ‘h5mread’ ...
#8 713.5 ** this is package ‘h5mread’ version ‘1.2.1’
#8 713.5 ** package ‘h5mread’ successfully unpacked and MD5 sums checked
#8 713.5 ** using staged installation
#8 713.6 ** libs
#8 713.6 using C compiler: ‘gcc (Ubuntu 13.3.0-6ubuntu2~24.04) 13.3.0’
#8 713.6 gcc -std=gnu2x -I"/usr/local/lib/R/include" -DNDEBUG  -I'/usr/local/lib/R/site-library/Rhdf5lib/include' -I'/usr/local/lib/R/site-library/S4Vectors/include' -I/usr/local/include    -fpic  -g -O2 -fstack-protector-strong -Wformat -Werror=format-security -Wdate-time -D_FORTIFY_SOURCE=2 -g  -c S4Vectors_stubs.c -o S4Vectors_stubs.o
#8 714.1 gcc -std=gnu2x -I"/usr/local/lib/R/include" -DNDEBUG  -I'/usr/local/lib/R/site-library/Rhdf5lib/include' -I'/usr/local/lib/R/site-library/S4Vectors/include' -I/usr/local/include    -fpic  -g -O2 -fstack-protector-strong -Wformat -Werror=format-security -Wdate-time -D_FORTIFY_SOURCE=2 -g  -c H5File.c -o H5File.o
#8 714.3 gcc -std=gnu2x -I"/usr/local/lib/R/include" -DNDEBUG  -I'/usr/local/lib/R/site-library/Rhdf5lib/include' -I'/usr/local/lib/R/site-library/S4Vectors/include' -I/usr/local/include    -fpic  -g -O2 -fstack-protector-strong -Wformat -Werror=format-security -Wdate-time -D_FORTIFY_SOURCE=2 -g  -c global_errmsg_buf.c -o global_errmsg_buf.o
#8 714.3 gcc -std=gnu2x -I"/usr/local/lib/R/include" -DNDEBUG  -I'/usr/local/lib/R/site-library/Rhdf5lib/include' -I'/usr/local/lib/R/site-library/S4Vectors/include' -I/usr/local/include    -fpic  -g -O2 -fstack-protector-strong -Wformat -Werror=format-security -Wdate-time -D_FORTIFY_SOURCE=2 -g  -c H5DSetDescriptor.c -o H5DSetDescriptor.o
#8 714.7 gcc -std=gnu2x -I"/usr/local/lib/R/include" -DNDEBUG  -I'/usr/local/lib/R/site-library/Rhdf5lib/include' -I'/usr/local/lib/R/site-library/S4Vectors/include' -I/usr/local/include    -fpic  -g -O2 -fstack-protector-strong -Wformat -Werror=format-security -Wdate-time -D_FORTIFY_SOURCE=2 -g  -c h5dimscales.c -o h5dimscales.o
#8 715.0 gcc -std=gnu2x -I"/usr/local/lib/R/include" -DNDEBUG  -I'/usr/local/lib/R/site-library/Rhdf5lib/include' -I'/usr/local/lib/R/site-library/S4Vectors/include' -I/usr/local/include    -fpic  -g -O2 -fstack-protector-strong -Wformat -Werror=format-security -Wdate-time -D_FORTIFY_SOURCE=2 -g  -c uaselection.c -o uaselection.o
#8 715.5 gcc -std=gnu2x -I"/usr/local/lib/R/include" -DNDEBUG  -I'/usr/local/lib/R/site-library/Rhdf5lib/include' -I'/usr/local/lib/R/site-library/S4Vectors/include' -I/usr/local/include    -fpic  -g -O2 -fstack-protector-strong -Wformat -Werror=format-security -Wdate-time -D_FORTIFY_SOURCE=2 -g  -c h5mread_helpers.c -o h5mread_helpers.o
#8 715.6 gcc -std=gnu2x -I"/usr/local/lib/R/include" -DNDEBUG  -I'/usr/local/lib/R/site-library/Rhdf5lib/include' -I'/usr/local/lib/R/site-library/S4Vectors/include' -I/usr/local/include    -fpic  -g -O2 -fstack-protector-strong -Wformat -Werror=format-security -Wdate-time -D_FORTIFY_SOURCE=2 -g  -c h5mread_startscounts.c -o h5mread_startscounts.o
#8 715.8 gcc -std=gnu2x -I"/usr/local/lib/R/include" -DNDEBUG  -I'/usr/local/lib/R/site-library/Rhdf5lib/include' -I'/usr/local/lib/R/site-library/S4Vectors/include' -I/usr/local/include    -fpic  -g -O2 -fstack-protector-strong -Wformat -Werror=format-security -Wdate-time -D_FORTIFY_SOURCE=2 -g  -c TouchedChunks.c -o TouchedChunks.o
#8 716.2 gcc -std=gnu2x -I"/usr/local/lib/R/include" -DNDEBUG  -I'/usr/local/lib/R/site-library/Rhdf5lib/include' -I'/usr/local/lib/R/site-library/S4Vectors/include' -I/usr/local/include    -fpic  -g -O2 -fstack-protector-strong -Wformat -Werror=format-security -Wdate-time -D_FORTIFY_SOURCE=2 -g  -c h5mread_index.c -o h5mread_index.o
#8 716.7 gcc -std=gnu2x -I"/usr/local/lib/R/include" -DNDEBUG  -I'/usr/local/lib/R/site-library/Rhdf5lib/include' -I'/usr/local/lib/R/site-library/S4Vectors/include' -I/usr/local/include    -fpic  -g -O2 -fstack-protector-strong -Wformat -Werror=format-security -Wdate-time -D_FORTIFY_SOURCE=2 -g  -c h5mread_sparse.c -o h5mread_sparse.o
#8 718.1 gcc -std=gnu2x -I"/usr/local/lib/R/include" -DNDEBUG  -I'/usr/local/lib/R/site-library/Rhdf5lib/include' -I'/usr/local/lib/R/site-library/S4Vectors/include' -I/usr/local/include    -fpic  -g -O2 -fstack-protector-strong -Wformat -Werror=format-security -Wdate-time -D_FORTIFY_SOURCE=2 -g  -c h5mread.c -o h5mread.o
#8 718.3 gcc -std=gnu2x -I"/usr/local/lib/R/include" -DNDEBUG  -I'/usr/local/lib/R/site-library/Rhdf5lib/include' -I'/usr/local/lib/R/site-library/S4Vectors/include' -I/usr/local/include    -fpic  -g -O2 -fstack-protector-strong -Wformat -Werror=format-security -Wdate-time -D_FORTIFY_SOURCE=2 -g  -c h5summarize.c -o h5summarize.o
#8 718.6 gcc -std=gnu2x -I"/usr/local/lib/R/include" -DNDEBUG  -I'/usr/local/lib/R/site-library/Rhdf5lib/include' -I'/usr/local/lib/R/site-library/S4Vectors/include' -I/usr/local/include    -fpic  -g -O2 -fstack-protector-strong -Wformat -Werror=format-security -Wdate-time -D_FORTIFY_SOURCE=2 -g  -c R_init_h5mread.c -o R_init_h5mread.o
#8 719.3 gcc -std=gnu2x -shared -L/usr/local/lib/R/lib -L/usr/local/lib -o h5mread.so S4Vectors_stubs.o H5File.o global_errmsg_buf.o H5DSetDescriptor.o h5dimscales.o uaselection.o h5mread_helpers.o h5mread_startscounts.o TouchedChunks.o h5mread_index.o h5mread_sparse.o h5mread.o h5summarize.o R_init_h5mread.o /usr/local/lib/R/site-library/Rhdf5lib/lib/libhdf5_hl.a /usr/local/lib/R/site-library/Rhdf5lib/lib/libhdf5.a -lcrypto -lcurl -lsz -laec -lz -ldl -lm -L/usr/local/lib/R/lib -lR
#8 719.6 installing to /usr/local/lib/R/site-library/00LOCK-h5mread/00new/h5mread/libs
#8 719.7 ** R
#8 719.7 ** inst
#8 719.7 ** byte-compile and prepare package for lazy loading
#8 725.8 ** help
#8 725.9 *** installing help indices
#8 725.9 ** building package indices
#8 726.4 ** installing vignettes
#8 726.4 ** testing if installed package can be loaded from temporary location
#8 731.0 ** checking absolute paths in shared objects and dynamic libraries
#8 731.0 ** testing if installed package can be loaded from final location
#8 735.7 ** testing if installed package keeps a record of temporary installation path
#8 735.7 * DONE (h5mread)
#8 736.1 * installing *source* package ‘KEGGREST’ ...
#8 736.1 ** this is package ‘KEGGREST’ version ‘1.50.0’
#8 736.1 ** package ‘KEGGREST’ successfully unpacked and MD5 sums checked
#8 736.1 ** using staged installation
#8 736.1 ** R
#8 736.1 ** inst
#8 736.1 ** byte-compile and prepare package for lazy loading
#8 739.8 ** help
#8 739.9 *** installing help indices
#8 739.9 ** building package indices
#8 740.3 ** installing vignettes
#8 740.3 ** testing if installed package can be loaded from temporary location
#8 742.9 ** testing if installed package can be loaded from final location
#8 745.7 ** testing if installed package keeps a record of temporary installation path
#8 745.7 * DONE (KEGGREST)
#8 746.2 * installing *source* package ‘DelayedArray’ ...
#8 746.2 ** this is package ‘DelayedArray’ version ‘0.36.1’
#8 746.2 ** package ‘DelayedArray’ successfully unpacked and MD5 sums checked
#8 746.2 ** using staged installation
#8 746.2 ** R
#8 746.3 ** inst
#8 746.3 ** byte-compile and prepare package for lazy loading
#8 763.5 Creating a new generic function for ‘apply’ in package ‘DelayedArray’
#8 763.5 Creating a new generic function for ‘sweep’ in package ‘DelayedArray’
#8 763.5 Creating a new generic function for ‘scale’ in package ‘DelayedArray’
#8 763.5 Creating a generic function for ‘dnorm’ from package ‘stats’ in package ‘DelayedArray’
#8 763.5 Creating a generic function for ‘pnorm’ from package ‘stats’ in package ‘DelayedArray’
#8 763.5 Creating a generic function for ‘qnorm’ from package ‘stats’ in package ‘DelayedArray’
#8 763.5 Creating a generic function for ‘dbinom’ from package ‘stats’ in package ‘DelayedArray’
#8 763.5 Creating a generic function for ‘pbinom’ from package ‘stats’ in package ‘DelayedArray’
#8 763.5 Creating a generic function for ‘qbinom’ from package ‘stats’ in package ‘DelayedArray’
#8 763.5 Creating a generic function for ‘dpois’ from package ‘stats’ in package ‘DelayedArray’
#8 763.5 Creating a generic function for ‘ppois’ from package ‘stats’ in package ‘DelayedArray’
#8 763.5 Creating a generic function for ‘qpois’ from package ‘stats’ in package ‘DelayedArray’
#8 763.5 Creating a generic function for ‘dlogis’ from package ‘stats’ in package ‘DelayedArray’
#8 763.5 Creating a generic function for ‘plogis’ from package ‘stats’ in package ‘DelayedArray’
#8 763.5 Creating a generic function for ‘qlogis’ from package ‘stats’ in package ‘DelayedArray’
#8 763.5 ** help
#8 763.7 *** installing help indices
#8 763.8 ** building package indices
#8 764.3 ** installing vignettes
#8 764.3 ** testing if installed package can be loaded from temporary location
#8 768.7 ** testing if installed package can be loaded from final location
#8 774.5 ** testing if installed package keeps a record of temporary installation path
#8 774.6 * DONE (DelayedArray)
#8 775.0 * installing *source* package ‘ScaledMatrix’ ...
#8 775.0 ** this is package ‘ScaledMatrix’ version ‘1.18.0’
#8 775.0 ** package ‘ScaledMatrix’ successfully unpacked and MD5 sums checked
#8 775.0 ** using staged installation
#8 775.0 ** R
#8 775.0 ** inst
#8 775.0 ** byte-compile and prepare package for lazy loading
#8 783.3 ** help
#8 783.3 *** installing help indices
#8 783.3 ** building package indices
#8 783.7 ** installing vignettes
#8 783.7 ** testing if installed package can be loaded from temporary location
#8 788.7 ** testing if installed package can be loaded from final location
#8 793.7 ** testing if installed package keeps a record of temporary installation path
#8 793.8 * DONE (ScaledMatrix)
#8 794.3 * installing *source* package ‘beachmat’ ...
#8 794.3 ** this is package ‘beachmat’ version ‘2.26.0’
#8 794.3 ** package ‘beachmat’ successfully unpacked and MD5 sums checked
#8 794.3 ** using staged installation
#8 794.3 ** libs
#8 794.3 using C++ compiler: ‘g++ (Ubuntu 13.3.0-6ubuntu2~24.04) 13.3.0’
#8 794.3 using C++17
#8 794.3 g++ -std=gnu++17 -I"/usr/local/lib/R/include" -DNDEBUG -I../inst/include -I'/usr/local/lib/R/site-library/Rcpp/include' -I'/usr/local/lib/R/site-library/assorthead/include' -I/usr/local/include    -fpic  -g -O2 -fstack-protector-strong -Wformat -Werror=format-security -Wdate-time -D_FORTIFY_SOURCE=2 -g   -c RcppExports.cpp -o RcppExports.o
#8 799.1 g++ -std=gnu++17 -I"/usr/local/lib/R/include" -DNDEBUG -I../inst/include -I'/usr/local/lib/R/site-library/Rcpp/include' -I'/usr/local/lib/R/site-library/assorthead/include' -I/usr/local/include    -fpic  -g -O2 -fstack-protector-strong -Wformat -Werror=format-security -Wdate-time -D_FORTIFY_SOURCE=2 -g   -c constant_matrix.cpp -o constant_matrix.o
#8 802.6 g++ -std=gnu++17 -I"/usr/local/lib/R/include" -DNDEBUG -I../inst/include -I'/usr/local/lib/R/site-library/Rcpp/include' -I'/usr/local/lib/R/site-library/assorthead/include' -I/usr/local/include    -fpic  -g -O2 -fstack-protector-strong -Wformat -Werror=format-security -Wdate-time -D_FORTIFY_SOURCE=2 -g   -c delayed_isometric_binary.cpp -o delayed_isometric_binary.o
#8 811.9 g++ -std=gnu++17 -I"/usr/local/lib/R/include" -DNDEBUG -I../inst/include -I'/usr/local/lib/R/site-library/Rcpp/include' -I'/usr/local/lib/R/site-library/assorthead/include' -I/usr/local/include    -fpic  -g -O2 -fstack-protector-strong -Wformat -Werror=format-security -Wdate-time -D_FORTIFY_SOURCE=2 -g   -c delayed_isometric_math.cpp -o delayed_isometric_math.o
#8 820.9 g++ -std=gnu++17 -I"/usr/local/lib/R/include" -DNDEBUG -I../inst/include -I'/usr/local/lib/R/site-library/Rcpp/include' -I'/usr/local/lib/R/site-library/assorthead/include' -I/usr/local/include    -fpic  -g -O2 -fstack-protector-strong -Wformat -Werror=format-security -Wdate-time -D_FORTIFY_SOURCE=2 -g   -c delayed_isometric_unary.cpp -o delayed_isometric_unary.o
#8 832.6 g++ -std=gnu++17 -I"/usr/local/lib/R/include" -DNDEBUG -I../inst/include -I'/usr/local/lib/R/site-library/Rcpp/include' -I'/usr/local/lib/R/site-library/assorthead/include' -I/usr/local/include    -fpic  -g -O2 -fstack-protector-strong -Wformat -Werror=format-security -Wdate-time -D_FORTIFY_SOURCE=2 -g   -c delayed_other.cpp -o delayed_other.o
#8 852.1 g++ -std=gnu++17 -I"/usr/local/lib/R/include" -DNDEBUG -I../inst/include -I'/usr/local/lib/R/site-library/Rcpp/include' -I'/usr/local/lib/R/site-library/assorthead/include' -I/usr/local/include    -fpic  -g -O2 -fstack-protector-strong -Wformat -Werror=format-security -Wdate-time -D_FORTIFY_SOURCE=2 -g   -c dense_matrix.cpp -o dense_matrix.o
#8 857.7 g++ -std=gnu++17 -I"/usr/local/lib/R/include" -DNDEBUG -I../inst/include -I'/usr/local/lib/R/site-library/Rcpp/include' -I'/usr/local/lib/R/site-library/assorthead/include' -I/usr/local/include    -fpic  -g -O2 -fstack-protector-strong -Wformat -Werror=format-security -Wdate-time -D_FORTIFY_SOURCE=2 -g   -c fragment_sparse_rows.cpp -o fragment_sparse_rows.o
#8 860.8 g++ -std=gnu++17 -I"/usr/local/lib/R/include" -DNDEBUG -I../inst/include -I'/usr/local/lib/R/site-library/Rcpp/include' -I'/usr/local/lib/R/site-library/assorthead/include' -I/usr/local/include    -fpic  -g -O2 -fstack-protector-strong -Wformat -Werror=format-security -Wdate-time -D_FORTIFY_SOURCE=2 -g   -c get_executor.cpp -o get_executor.o
#8 863.4 g++ -std=gnu++17 -I"/usr/local/lib/R/include" -DNDEBUG -I../inst/include -I'/usr/local/lib/R/site-library/Rcpp/include' -I'/usr/local/lib/R/site-library/assorthead/include' -I/usr/local/include    -fpic  -g -O2 -fstack-protector-strong -Wformat -Werror=format-security -Wdate-time -D_FORTIFY_SOURCE=2 -g   -c na_cast.cpp -o na_cast.o
#8 871.9 g++ -std=gnu++17 -I"/usr/local/lib/R/include" -DNDEBUG -I../inst/include -I'/usr/local/lib/R/site-library/Rcpp/include' -I'/usr/local/lib/R/site-library/assorthead/include' -I/usr/local/include    -fpic  -g -O2 -fstack-protector-strong -Wformat -Werror=format-security -Wdate-time -D_FORTIFY_SOURCE=2 -g   -c sparse_matrix.cpp -o sparse_matrix.o
#8 888.3 g++ -std=gnu++17 -I"/usr/local/lib/R/include" -DNDEBUG -I../inst/include -I'/usr/local/lib/R/site-library/Rcpp/include' -I'/usr/local/lib/R/site-library/assorthead/include' -I/usr/local/include    -fpic  -g -O2 -fstack-protector-strong -Wformat -Werror=format-security -Wdate-time -D_FORTIFY_SOURCE=2 -g   -c tatami_utils.cpp -o tatami_utils.o
#8 902.7 g++ -std=gnu++17 -I"/usr/local/lib/R/include" -DNDEBUG -I../inst/include -I'/usr/local/lib/R/site-library/Rcpp/include' -I'/usr/local/lib/R/site-library/assorthead/include' -I/usr/local/include    -fpic  -g -O2 -fstack-protector-strong -Wformat -Werror=format-security -Wdate-time -D_FORTIFY_SOURCE=2 -g   -c unknown_matrix.cpp -o unknown_matrix.o
#8 917.2 g++ -std=gnu++17 -shared -L/usr/local/lib/R/lib -L/usr/local/lib -o beachmat.so RcppExports.o constant_matrix.o delayed_isometric_binary.o delayed_isometric_math.o delayed_isometric_unary.o delayed_other.o dense_matrix.o fragment_sparse_rows.o get_executor.o na_cast.o sparse_matrix.o tatami_utils.o unknown_matrix.o -L/usr/local/lib/R/lib -lR
#8 917.9 installing to /usr/local/lib/R/site-library/00LOCK-beachmat/00new/beachmat/libs
#8 917.9 ** R
#8 918.0 ** inst
#8 918.0 ** byte-compile and prepare package for lazy loading
#8 923.8 ** help
#8 923.8 *** installing help indices
#8 923.8 ** building package indices
#8 924.2 ** installing vignettes
#8 924.2 ** testing if installed package can be loaded from temporary location
#8 928.7 ** checking absolute paths in shared objects and dynamic libraries
#8 928.7 ** testing if installed package can be loaded from final location
#8 933.0 ** testing if installed package keeps a record of temporary installation path
#8 933.0 * DONE (beachmat)
#8 933.8 * installing *source* package ‘HDF5Array’ ...
#8 933.8 ** this is package ‘HDF5Array’ version ‘1.38.0’
#8 933.9 ** package ‘HDF5Array’ successfully unpacked and MD5 sums checked
#8 933.9 ** using staged installation
#8 933.9 ** R
#8 933.9 ** inst
#8 933.9 ** byte-compile and prepare package for lazy loading
#8 943.4 ** help
#8 943.5 *** installing help indices
#8 943.5 ** building package indices
#8 943.9 ** installing vignettes
#8 943.9 ** testing if installed package can be loaded from temporary location
#8 949.3 ** testing if installed package can be loaded from final location
#8 955.6 ** testing if installed package keeps a record of temporary installation path
#8 955.7 * DONE (HDF5Array)
#8 956.2 * installing *source* package ‘SummarizedExperiment’ ...
#8 956.2 ** this is package ‘SummarizedExperiment’ version ‘1.40.0’
#8 956.2 ** package ‘SummarizedExperiment’ successfully unpacked and MD5 sums checked
#8 956.2 ** using staged installation
#8 956.2 ** R
#8 956.3 ** inst
#8 956.3 ** byte-compile and prepare package for lazy loading
#8 969.8 ** help
#8 969.9 *** installing help indices
#8 970.0 ** building package indices
#8 970.4 ** installing vignettes
#8 970.4 ** testing if installed package can be loaded from temporary location
#8 977.9 ** testing if installed package can be loaded from final location
#8 985.2 ** testing if installed package keeps a record of temporary installation path
#8 985.2 * DONE (SummarizedExperiment)
#8 986.0 * installing *source* package ‘AnnotationDbi’ ...
#8 986.0 ** this is package ‘AnnotationDbi’ version ‘1.72.0’
#8 986.0 ** package ‘AnnotationDbi’ successfully unpacked and MD5 sums checked
#8 986.0 ** using staged installation
#8 986.0 ** R
#8 986.1 ** inst
#8 986.1 ** byte-compile and prepare package for lazy loading
#8 996.1 ** help
#8 996.1 Creating a new generic function for ‘packageName’ in package ‘AnnotationDbi’
#8 996.1 Creating a generic function for ‘ls’ from package ‘base’ in package ‘AnnotationDbi’
#8 996.1 Creating a generic function for ‘eapply’ from package ‘base’ in package ‘AnnotationDbi’
#8 996.1 Creating a generic function for ‘exists’ from package ‘base’ in package ‘AnnotationDbi’
#8 996.1 Creating a generic function for ‘sample’ from package ‘base’ in package ‘AnnotationDbi’
#8 996.2 *** installing help indices
#8 996.3 ** building package indices
#8 996.7 ** installing vignettes
#8 996.7 ** testing if installed package can be loaded from temporary location
#8 1000.2 ** testing if installed package can be loaded from final location
#8 1004.1 ** testing if installed package keeps a record of temporary installation path
#8 1004.1 * DONE (AnnotationDbi)
#8 1004.7 * installing *source* package ‘SingleCellExperiment’ ...
#8 1004.7 ** this is package ‘SingleCellExperiment’ version ‘1.32.0’
#8 1004.7 ** package ‘SingleCellExperiment’ successfully unpacked and MD5 sums checked
#8 1004.7 ** using staged installation
#8 1004.7 ** R
#8 1004.7 ** inst
#8 1004.8 ** byte-compile and prepare package for lazy loading
#8 1014.9 ** help
#8 1015.1 *** installing help indices
#8 1015.2 ** building package indices
#8 1015.6 ** installing vignettes
#8 1015.6 ** testing if installed package can be loaded from temporary location
#8 1022.7 ** testing if installed package can be loaded from final location
#8 1030.3 ** testing if installed package keeps a record of temporary installation path
#8 1030.3 * DONE (SingleCellExperiment)
#8 1030.9 * installing *source* package ‘BiocSingular’ ...
#8 1030.9 ** this is package ‘BiocSingular’ version ‘1.26.1’
#8 1030.9 ** package ‘BiocSingular’ successfully unpacked and MD5 sums checked
#8 1030.9 ** using staged installation
#8 1030.9 ** libs
#8 1030.9 using C++ compiler: ‘g++ (Ubuntu 13.3.0-6ubuntu2~24.04) 13.3.0’
#8 1030.9 using C++17
#8 1030.9 g++ -std=gnu++17 -I"/usr/local/lib/R/include" -DNDEBUG  -I'/usr/local/lib/R/site-library/Rcpp/include' -I'/usr/local/lib/R/site-library/beachmat/include' -I'/usr/local/lib/R/site-library/assorthead/include' -I/usr/local/include    -fpic  -g -O2 -fstack-protector-strong -Wformat -Werror=format-security -Wdate-time -D_FORTIFY_SOURCE=2 -g   -c RcppExports.cpp -o RcppExports.o
#8 1034.3 g++ -std=gnu++17 -I"/usr/local/lib/R/include" -DNDEBUG  -I'/usr/local/lib/R/site-library/Rcpp/include' -I'/usr/local/lib/R/site-library/beachmat/include' -I'/usr/local/lib/R/site-library/assorthead/include' -I/usr/local/include    -fpic  -g -O2 -fstack-protector-strong -Wformat -Werror=format-security -Wdate-time -D_FORTIFY_SOURCE=2 -g   -c compute_scale.cpp -o compute_scale.o
#8 1042.1 g++ -std=gnu++17 -shared -L/usr/local/lib/R/lib -L/usr/local/lib -o BiocSingular.so RcppExports.o compute_scale.o -L/usr/local/lib/R/lib -lR
#8 1042.3 installing to /usr/local/lib/R/site-library/00LOCK-BiocSingular/00new/BiocSingular/libs
#8 1042.3 ** R
#8 1042.3 ** inst
#8 1042.3 ** byte-compile and prepare package for lazy loading
#8 1048.8 ** help
#8 1048.9 *** installing help indices
#8 1048.9 ** building package indices
#8 1049.3 ** installing vignettes
#8 1049.3 ** testing if installed package can be loaded from temporary location
#8 1054.7 ** checking absolute paths in shared objects and dynamic libraries
#8 1054.7 ** testing if installed package can be loaded from final location
#8 1062.0 ** testing if installed package keeps a record of temporary installation path
#8 1062.0 * DONE (BiocSingular)
#8 1062.6 * installing *source* package ‘annotate’ ...
#8 1062.6 ** this is package ‘annotate’ version ‘1.88.0’
#8 1062.6 ** package ‘annotate’ successfully unpacked and MD5 sums checked
#8 1062.6 ** using staged installation
#8 1062.6 ** R
#8 1062.6 ** data
#8 1062.6 ** inst
#8 1062.6 ** byte-compile and prepare package for lazy loading
#8 1069.6 ** help
#8 1069.7 *** installing help indices
#8 1069.8 ** building package indices
#8 1070.6 ** installing vignettes
#8 1070.6 ** testing if installed package can be loaded from temporary location
#8 1074.5 ** testing if installed package can be loaded from final location
#8 1078.2 ** testing if installed package keeps a record of temporary installation path
#8 1078.2 * DONE (annotate)
#8 1079.0 * installing *source* package ‘SpatialExperiment’ ...
#8 1079.0 ** this is package ‘SpatialExperiment’ version ‘1.20.0’
#8 1079.0 ** package ‘SpatialExperiment’ successfully unpacked and MD5 sums checked
#8 1079.0 ** using staged installation
#8 1079.1 ** R
#8 1079.1 ** inst
#8 1079.1 ** byte-compile and prepare package for lazy loading
#8 1090.8 ** help
#8 1090.9 *** installing help indices
#8 1091.0 ** building package indices
#8 1091.4 ** installing vignettes
#8 1091.4 ** testing if installed package can be loaded from temporary location
#8 1100.2 ** testing if installed package can be loaded from final location
#8 1109.5 ** testing if installed package keeps a record of temporary installation path
#8 1109.6 * DONE (SpatialExperiment)
#8 1110.1 * installing *source* package ‘GSEABase’ ...
#8 1110.1 ** this is package ‘GSEABase’ version ‘1.72.0’
#8 1110.1 ** package ‘GSEABase’ successfully unpacked and MD5 sums checked
#8 1110.1 ** using staged installation
#8 1110.2 ** R
#8 1110.2 ** inst
#8 1110.2 ** byte-compile and prepare package for lazy loading
#8 1119.8 ** help
#8 1120.0 *** installing help indices
#8 1120.1 ** building package indices
#8 1120.5 ** installing vignettes
#8 1120.5 ** testing if installed package can be loaded from temporary location
#8 1125.5 ** testing if installed package can be loaded from final location
#8 1132.0 ** testing if installed package keeps a record of temporary installation path
#8 1132.0 * DONE (GSEABase)
#8 1132.9 * installing *source* package ‘GSVA’ ...
#8 1132.9 ** this is package ‘GSVA’ version ‘2.4.9’
#8 1133.0 ** package ‘GSVA’ successfully unpacked and MD5 sums checked
#8 1133.0 ** using staged installation
#8 1133.0 ** libs
#8 1133.0 using C compiler: ‘gcc (Ubuntu 13.3.0-6ubuntu2~24.04) 13.3.0’
#8 1133.0 gcc -std=gnu2x -I"/usr/local/lib/R/include" -DNDEBUG  -I'/usr/local/lib/R/site-library/cli/include' -I/usr/local/include    -fpic  -g -O2 -fstack-protector-strong -Wformat -Werror=format-security -Wdate-time -D_FORTIFY_SOURCE=2 -g  -c ecdfvals.c -o ecdfvals.o
#8 1134.2 gcc -std=gnu2x -I"/usr/local/lib/R/include" -DNDEBUG  -I'/usr/local/lib/R/site-library/cli/include' -I/usr/local/include    -fpic  -g -O2 -fstack-protector-strong -Wformat -Werror=format-security -Wdate-time -D_FORTIFY_SOURCE=2 -g  -c kcdfvals.c -o kcdfvals.o
#8 1134.6 gcc -std=gnu2x -I"/usr/local/lib/R/include" -DNDEBUG  -I'/usr/local/lib/R/site-library/cli/include' -I/usr/local/include    -fpic  -g -O2 -fstack-protector-strong -Wformat -Werror=format-security -Wdate-time -D_FORTIFY_SOURCE=2 -g  -c kernel_estimation.c -o kernel_estimation.o
#8 1135.0 gcc -std=gnu2x -I"/usr/local/lib/R/include" -DNDEBUG  -I'/usr/local/lib/R/site-library/cli/include' -I/usr/local/include    -fpic  -g -O2 -fstack-protector-strong -Wformat -Werror=format-security -Wdate-time -D_FORTIFY_SOURCE=2 -g  -c ks_test.c -o ks_test.o
#8 1135.6 gcc -std=gnu2x -I"/usr/local/lib/R/include" -DNDEBUG  -I'/usr/local/lib/R/site-library/cli/include' -I/usr/local/include    -fpic  -g -O2 -fstack-protector-strong -Wformat -Werror=format-security -Wdate-time -D_FORTIFY_SOURCE=2 -g  -c register_cmethods.c -o register_cmethods.o
#8 1135.7 gcc -std=gnu2x -I"/usr/local/lib/R/include" -DNDEBUG  -I'/usr/local/lib/R/site-library/cli/include' -I/usr/local/include    -fpic  -g -O2 -fstack-protector-strong -Wformat -Werror=format-security -Wdate-time -D_FORTIFY_SOURCE=2 -g  -c row_rngs_nzrngs.c -o row_rngs_nzrngs.o
#8 1136.1 gcc -std=gnu2x -I"/usr/local/lib/R/include" -DNDEBUG  -I'/usr/local/lib/R/site-library/cli/include' -I/usr/local/include    -fpic  -g -O2 -fstack-protector-strong -Wformat -Werror=format-security -Wdate-time -D_FORTIFY_SOURCE=2 -g  -c utils.c -o utils.o
#8 1136.5 gcc -std=gnu2x -shared -L/usr/local/lib/R/lib -L/usr/local/lib -o GSVA.so ecdfvals.o kcdfvals.o kernel_estimation.o ks_test.o register_cmethods.o row_rngs_nzrngs.o utils.o -L/usr/local/lib/R/lib -lR
#8 1136.5 installing to /usr/local/lib/R/site-library/00LOCK-GSVA/00new/GSVA/libs
#8 1136.5 ** R
#8 1136.6 ** inst
#8 1136.6 ** byte-compile and prepare package for lazy loading
#8 1197.5 ** help
#8 1197.7 *** installing help indices
#8 1197.7 ** building package indices
#8 1198.1 ** installing vignettes
#8 1198.1 ** testing if installed package can be loaded from temporary location
#8 1208.3 ** checking absolute paths in shared objects and dynamic libraries
#8 1208.4 ** testing if installed package can be loaded from final location
#8 1217.7 ** testing if installed package keeps a record of temporary installation path
#8 1217.7 * DONE (GSVA)
#8 1217.7 
#8 1217.7 The downloaded source packages are in
#8 1217.7 	‘/tmp/RtmpUYRHMK/downloaded_packages’
#8 1217.7 > 
#8 1218.0 
#8 1218.0 R version 4.5.1 (2025-06-13) -- "Great Square Root"
#8 1218.0 Copyright (C) 2025 The R Foundation for Statistical Computing
#8 1218.0 Platform: x86_64-pc-linux-gnu
#8 1218.0 
#8 1218.0 R is free software and comes with ABSOLUTELY NO WARRANTY.
#8 1218.0 You are welcome to redistribute it under certain conditions.
#8 1218.0 Type 'license()' or 'licence()' for distribution details.
#8 1218.0 
#8 1218.0   Natural language support but running in an English locale
#8 1218.0 
#8 1218.0 R is a collaborative project with many contributors.
#8 1218.0 Type 'contributors()' for more information and
#8 1218.0 'citation()' on how to cite R or R packages in publications.
#8 1218.0 
#8 1218.0 Type 'demo()' for some demos, 'help()' for on-line help, or
#8 1218.0 'help.start()' for an HTML browser interface to help.
#8 1218.0 Type 'q()' to quit R.
#8 1218.0 
#8 1218.1 > stopifnot(requireNamespace('GSVA', quietly = TRUE),                         requireNamespace('Biobase', quietly = TRUE),                         requireNamespace('GSEABase', quietly = TRUE))
#8 1226.5 > 
#8 DONE 1226.7s

#9 [ 5/13] RUN R -e "devtools::install_github('ggsegverse/ggseg.formats')"
#9 0.852 
#9 0.852 R version 4.5.1 (2025-06-13) -- "Great Square Root"
#9 0.852 Copyright (C) 2025 The R Foundation for Statistical Computing
#9 0.852 Platform: x86_64-pc-linux-gnu
#9 0.852 
#9 0.852 R is free software and comes with ABSOLUTELY NO WARRANTY.
#9 0.852 You are welcome to redistribute it under certain conditions.
#9 0.852 Type 'license()' or 'licence()' for distribution details.
#9 0.852 
#9 0.852   Natural language support but running in an English locale
#9 0.852 
#9 0.852 R is a collaborative project with many contributors.
#9 0.852 Type 'contributors()' for more information and
#9 0.852 'citation()' on how to cite R or R packages in publications.
#9 0.852 
#9 0.852 Type 'demo()' for some demos, 'help()' for on-line help, or
#9 0.852 'help.start()' for an HTML browser interface to help.
#9 0.852 Type 'q()' to quit R.
#9 0.852 
#9 0.957 > devtools::install_github('ggsegverse/ggseg.formats')
#9 3.018 Downloading GitHub repo ggsegverse/ggseg.formats@HEAD
#9 11.31 geometries (NA -> 0.2.4) [CRAN]
#9 11.31 sfheaders  (NA -> 0.4.4) [CRAN]
#9 11.31 Skipping 3 packages ahead of CRAN: rlang, cli, lifecycle
#9 11.31 Installing 2 packages: geometries, sfheaders
#9 11.31 Installing packages into ‘/usr/local/lib/R/site-library’
#9 11.31 (as ‘lib’ is unspecified)
#9 11.62 trying URL 'https://p3m.dev/cran/__linux__/noble/2025-10-30/src/contrib/geometries_0.2.4.tar.gz'
#9 11.62 trying URL 'https://p3m.dev/cran/__linux__/noble/2025-10-30/src/contrib/sfheaders_0.4.4.tar.gz'
#9 14.20 * installing *binary* package ‘geometries’ ...
#9 14.21 * DONE (geometries)
#9 14.59 * installing *binary* package ‘sfheaders’ ...
#9 14.61 * DONE (sfheaders)
#9 14.62 
#9 14.62 The downloaded source packages are in
#9 14.62 	‘/tmp/RtmpknpVsW/downloaded_packages’
#9 14.70 ── R CMD build ─────────────────────────────────────────────────────────────────
#9 14.99 * checking for file ‘/tmp/RtmpknpVsW/remotes757a1722/ggsegverse-ggseg.formats-16ae7b6/DESCRIPTION’ ... OK
#9 15.01 * preparing ‘ggseg.formats’:
#9 15.01 * checking DESCRIPTION meta-information ... OK
#9 15.37 * checking for LF line-endings in source and make files and shell scripts
#9 15.37 * checking for empty or unneeded directories
#9 15.38 Omitted ‘LazyData’ from DESCRIPTION
#9 15.58 * building ‘ggseg.formats_0.0.4.9002.tar.gz’
#9 15.80 
#9 15.81 Installing package into ‘/usr/local/lib/R/site-library’
#9 15.81 (as ‘lib’ is unspecified)
#9 16.25 * installing *source* package ‘ggseg.formats’ ...
#9 16.25 ** this is package ‘ggseg.formats’ version ‘0.0.4.9002’
#9 16.25 ** using staged installation
#9 16.27 ** R
#9 18.92 ** inst
#9 18.92 ** byte-compile and prepare package for lazy loading
#9 20.51 ** help
#9 20.62 *** installing help indices
#9 20.67 *** copying figures
#9 20.67 ** building package indices
#9 20.99 ** installing vignettes
#9 21.00 ** testing if installed package can be loaded from temporary location
#9 21.38 ** testing if installed package can be loaded from final location
#9 22.05 ** testing if installed package keeps a record of temporary installation path
#9 22.06 * DONE (ggseg.formats)
#9 22.09 > 
#9 22.09 Warning message:
#9 22.09 `install_github()` was deprecated in devtools 2.5.0.
#9 22.09 ℹ Please use pak::pak("user/repo") instead. 
#9 DONE 22.1s

#10 [ 6/13] RUN R -e "devtools::install_github('ggsegverse/ggseg', ref = 'v2.1.1', upgrade = 'never')"
#10 0.392 
#10 0.392 R version 4.5.1 (2025-06-13) -- "Great Square Root"
#10 0.392 Copyright (C) 2025 The R Foundation for Statistical Computing
#10 0.392 Platform: x86_64-pc-linux-gnu
#10 0.392 
#10 0.392 R is free software and comes with ABSOLUTELY NO WARRANTY.
#10 0.392 You are welcome to redistribute it under certain conditions.
#10 0.392 Type 'license()' or 'licence()' for distribution details.
#10 0.392 
#10 0.392   Natural language support but running in an English locale
#10 0.392 
#10 0.392 R is a collaborative project with many contributors.
#10 0.392 Type 'contributors()' for more information and
#10 0.392 'citation()' on how to cite R or R packages in publications.
#10 0.392 
#10 0.392 Type 'demo()' for some demos, 'help()' for on-line help, or
#10 0.392 'help.start()' for an HTML browser interface to help.
#10 0.392 Type 'q()' to quit R.
#10 0.392 
#10 0.491 > devtools::install_github('ggsegverse/ggseg', ref = 'v2.1.1', upgrade = 'never')
#10 2.052 Downloading GitHub repo ggsegverse/ggseg@v2.1.1
#10 7.929 ── R CMD build ─────────────────────────────────────────────────────────────────
#10 8.223 * checking for file ‘/tmp/RtmplFXLjC/remotes7538eed2e/ggsegverse-ggseg-8e9c706/DESCRIPTION’ ... OK
#10 8.240 * preparing ‘ggseg’:
#10 8.240 * checking DESCRIPTION meta-information ... OK
#10 8.565 * checking for LF line-endings in source and make files and shell scripts
#10 8.566 * checking for empty or unneeded directories
#10 8.654   NB: this package now depends on R (>= 4.1.0)
#10 8.655   WARNING: Added dependency on R >= 4.1.0 because package code uses the
#10 8.655   pipe |> or function shorthand \(...) syntax added in R 4.1.0.
#10 8.655   File(s) using such syntax:
#10 8.655     ‘position-brain.R’
#10 8.655 * building ‘ggseg_2.1.1.tar.gz’
#10 9.270 
#10 9.290 Installing package into ‘/usr/local/lib/R/site-library’
#10 9.290 (as ‘lib’ is unspecified)
#10 9.816 * installing *source* package ‘ggseg’ ...
#10 9.816 ** this is package ‘ggseg’ version ‘2.1.1’
#10 9.816 ** using staged installation
#10 9.834 ** R
#10 9.841 ** inst
#10 9.843 ** byte-compile and prepare package for lazy loading
#10 11.98 ** help
#10 12.02 *** installing help indices
#10 12.05 *** copying figures
#10 12.05 ** building package indices
#10 12.34 ** installing vignettes
#10 12.35 ** testing if installed package can be loaded from temporary location
#10 13.82 ** testing if installed package can be loaded from final location
#10 15.32 ** testing if installed package keeps a record of temporary installation path
#10 15.33 * DONE (ggseg)
#10 15.35 > 
#10 15.35 Warning message:
#10 15.35 `install_github()` was deprecated in devtools 2.5.0.
#10 15.35 ℹ Please use pak::pak("user/repo") instead. 
#10 DONE 15.4s

#11 [ 7/13] RUN mkdir -p /api
#11 DONE 0.3s

#12 [ 8/13] WORKDIR /api
#12 DONE 0.0s

#13 [ 9/13] COPY genes_matrix_csv/ /api/genes_matrix_csv/
#13 DONE 0.3s

#14 [10/13] COPY mapeamento.R /api/
#14 DONE 0.0s

#15 [11/13] COPY preparaDados.R /api/
#15 DONE 0.0s

#16 [12/13] RUN Rscript mapeamento.R && Rscript preparaDados.R
#16 0.809 
#16 0.809 Attaching package: ‘dplyr’
#16 0.809 
#16 0.810 The following objects are masked from ‘package:stats’:
#16 0.810 
#16 0.810     filter, lag
#16 0.810 
#16 0.810 The following objects are masked from ‘package:base’:
#16 0.810 
#16 0.810     intersect, setdiff, setequal, union
#16 0.810 
#16 1.844 
#16 1.844 Attaching package: ‘dplyr’
#16 1.844 
#16 1.845 The following objects are masked from ‘package:stats’:
#16 1.845 
#16 1.845     filter, lag
#16 1.845 
#16 1.846 The following objects are masked from ‘package:base’:
#16 1.846 
#16 1.846     intersect, setdiff, setequal, union
#16 1.846 
#16 11.08 Registered S3 methods overwritten by 'readr':
#16 11.08   method                    from 
#16 11.08   as.data.frame.spec_tbl_df vroom
#16 11.08   as_tibble.spec_tbl_df     vroom
#16 11.08   format.col_spec           vroom
#16 11.08   print.col_spec            vroom
#16 11.08   print.collector           vroom
#16 11.08   print.date_names          vroom
#16 11.08   print.locale              vroom
#16 11.08   str.col_spec              vroom
#16 11.13 
#16 11.13 Attaching package: ‘readr’
#16 11.13 
#16 11.13 The following objects are masked from ‘package:vroom’:
#16 11.13 
#16 11.13     as.col_spec, col_character, col_date, col_datetime, col_double,
#16 11.13     col_factor, col_guess, col_integer, col_logical, col_number,
#16 11.13     col_skip, col_time, cols, cols_condense, cols_only, date_names,
#16 11.13     date_names_lang, date_names_langs, default_locale, fwf_cols,
#16 11.13     fwf_empty, fwf_positions, fwf_widths, locale, output_column,
#16 11.13     problems, spec
#16 11.13 
#16 11.25 Rows: 52376 Columns: 5
#16 11.26 ── Column specification ────────────────────────────────────────────────────────
#16 11.26 Delimiter: ","
#16 11.26 chr (2): ensembl_gene_id, gene_symbol
#16 11.26 dbl (3): row_num, gene_id, entrez_id
#16 11.27 
#16 11.27 ℹ Use `spec()` to retrieve the full column specification for this data.
#16 11.27 ℹ Specify the column types or set `show_col_types = FALSE` to quiet this message.
#16 11.29 Rows: 524 Columns: 8
#16 11.31 ── Column specification ────────────────────────────────────────────────────────
#16 11.31 Delimiter: ","
#16 11.31 chr (5): donor_name, age, gender, structure_acronym, structure_name
#16 11.31 dbl (3): column_num, donor_id, structure_id
#16 11.32 
#16 11.32 ℹ Use `spec()` to retrieve the full column specification for this data.
#16 11.32 ℹ Specify the column types or set `show_col_types = FALSE` to quiet this message.
#16 11.34 Rows: 55 Columns: 3
#16 11.34 ── Column specification ────────────────────────────────────────────────────────
#16 11.34 Delimiter: ","
#16 11.34 chr (3): region, structure_name, macro_regions
#16 11.35 
#16 11.35 ℹ Use `spec()` to retrieve the full column specification for this data.
#16 11.35 ℹ Specify the column types or set `show_col_types = FALSE` to quiet this message.
#16 12.01 Rows: 52376 Columns: 525
#16 12.02 ── Column specification ────────────────────────────────────────────────────────
#16 12.02 Delimiter: ","
#16 12.02 dbl (525): X1, X2, X3, X4, X5, X6, X7, X8, X9, X10, X11, X12, X13, X14, X15,...
#16 12.03 
#16 12.03 ℹ Use `spec()` to retrieve the full column specification for this data.
#16 12.03 ℹ Specify the column types or set `show_col_types = FALSE` to quiet this message.
#16 19.81 Warning message:
#16 19.81 In left_join(., mapping_df, by = c(structure_original = "structure_name")) :
#16 19.81   Detected an unexpected many-to-many relationship between `x` and `y`.
#16 19.81 ℹ Row 3 of `x` matches multiple rows in `y`.
#16 19.81 ℹ Row 3 of `y` matches multiple rows in `x`.
#16 19.81 ℹ If a many-to-many relationship is expected, set `relationship =
#16 19.81   "many-to-many"` to silence this warning.
#16 19.82 ==> Montando objeto final dados_app (expression_matrix + col_meta + mapping_info)...
#16 19.82 ==> Baixando gene sets do MSigDB (H, BIOCARTA, KEGG_LEGACY, REACTOME, C5)...
#16 38.21 Warning message:
#16 38.21 The `category` argument of `msigdbr()` is deprecated as of msigdbr 10.0.0.
#16 38.21 ℹ Please use the `collection` argument instead. 
#16 42.67 Warning message:
#16 42.67 The `subcategory` argument of `msigdbr()` is deprecated as of msigdbr 10.0.0.
#16 42.67 ℹ Please use the `subcollection` argument instead. 
#16 55.72 ==> Rodando ssGSEA
#16 55.82 ℹ GSVA version 2.4.9
#16 55.83 ℹ Searching for rows with constant values
#16 55.96 ! 1263 rows with constant values throughout the columns
#16 56.33 ! Some gene sets have size one. Consider setting minSize > 1
#16 56.33 ℹ Calculating ssGSEA scores for 18646 gene sets
#16 56.33 ℹ Calculating ranks
#16 59.80 ℹ Calculating rank weights
#16 62.55 Calculating ssGSEA scores ■                                  1% | ETA:  6m
#16 65.14 Calculating ssGSEA scores ■                                  1% | ETA:  6m
#16 68.40 Calculating ssGSEA scores ■■                                 2% | ETA:  7m
#16 71.14 Calculating ssGSEA scores ■■                                 3% | ETA:  6m
#16 73.68 Calculating ssGSEA scores ■■                                 3% | ETA:  6m
#16 76.51 Calculating ssGSEA scores ■■                                 4% | ETA:  6m
#16 80.55 Calculating ssGSEA scores ■■■                                6% | ETA:  6m
#16 82.59 Calculating ssGSEA scores ■■■                                6% | ETA:  6m
#16 86.12 Calculating ssGSEA scores ■■■                                7% | ETA:  6m
#16 89.41 Calculating ssGSEA scores ■■■                                8% | ETA:  6m
#16 92.90 Calculating ssGSEA scores ■■■■                               9% | ETA:  6m
#16 95.97 Calculating ssGSEA scores ■■■■                              10% | ETA:  6m
#16 97.45 Calculating ssGSEA scores ■■■■                              10% | ETA:  5m
#16 101.8 Calculating ssGSEA scores ■■■■                              11% | ETA:  6m
#16 104.8 Calculating ssGSEA scores ■■■■■                             12% | ETA:  5m
#16 107.2 Calculating ssGSEA scores ■■■■■                             12% | ETA:  5m
#16 110.1 Calculating ssGSEA scores ■■■■■                             13% | ETA:  6m
#16 113.2 Calculating ssGSEA scores ■■■■■                             14% | ETA:  6m
#16 116.5 Calculating ssGSEA scores ■■■■■                             15% | ETA:  5m
#16 119.7 Calculating ssGSEA scores ■■■■■■                            15% | ETA:  5m
#16 122.2 Calculating ssGSEA scores ■■■■■■                            16% | ETA:  5m
#16 125.4 Calculating ssGSEA scores ■■■■■■                            17% | ETA:  5m
#16 127.8 Calculating ssGSEA scores ■■■■■■                            17% | ETA:  5m
#16 130.8 Calculating ssGSEA scores ■■■■■■                            18% | ETA:  5m
#16 134.4 Calculating ssGSEA scores ■■■■■■■                           19% | ETA:  5m
#16 136.7 Calculating ssGSEA scores ■■■■■■■                           19% | ETA:  5m
#16 141.4 Calculating ssGSEA scores ■■■■■■■                           20% | ETA:  5m
#16 142.6 Calculating ssGSEA scores ■■■■■■■                           20% | ETA:  5m
#16 146.6 Calculating ssGSEA scores ■■■■■■■                           21% | ETA:  5m
#16 149.3 Calculating ssGSEA scores ■■■■■■■■                          22% | ETA:  5m
#16 152.0 Calculating ssGSEA scores ■■■■■■■■                          23% | ETA:  5m
#16 154.5 Calculating ssGSEA scores ■■■■■■■■                          23% | ETA:  5m
#16 157.6 Calculating ssGSEA scores ■■■■■■■■                          24% | ETA:  5m
#16 160.7 Calculating ssGSEA scores ■■■■■■■■■                         25% | ETA:  5m
#16 164.2 Calculating ssGSEA scores ■■■■■■■■■                         26% | ETA:  5m
#16 168.1 Calculating ssGSEA scores ■■■■■■■■■                         27% | ETA:  5m
#16 169.6 Calculating ssGSEA scores ■■■■■■■■■                         27% | ETA:  5m
#16 173.4 Calculating ssGSEA scores ■■■■■■■■■                         28% | ETA:  5m
#16 176.3 Calculating ssGSEA scores ■■■■■■■■■■                        29% | ETA:  5m
#16 178.8 Calculating ssGSEA scores ■■■■■■■■■■                        30% | ETA:  5m
#16 181.5 Calculating ssGSEA scores ■■■■■■■■■■                        30% | ETA:  5m
#16 185.6 Calculating ssGSEA scores ■■■■■■■■■■                        31% | ETA:  5m
#16 187.8 Calculating ssGSEA scores ■■■■■■■■■■■                       32% | ETA:  5m
#16 191.1 Calculating ssGSEA scores ■■■■■■■■■■■                       33% | ETA:  4m
#16 194.0 Calculating ssGSEA scores ■■■■■■■■■■■                       33% | ETA:  4m
#16 196.6 Calculating ssGSEA scores ■■■■■■■■■■■                       34% | ETA:  4m
#16 200.0 Calculating ssGSEA scores ■■■■■■■■■■■                       35% | ETA:  4m
#16 203.0 Calculating ssGSEA scores ■■■■■■■■■■■■                      35% | ETA:  4m
#16 205.9 Calculating ssGSEA scores ■■■■■■■■■■■■                      36% | ETA:  4m
#16 208.9 Calculating ssGSEA scores ■■■■■■■■■■■■                      37% | ETA:  4m
#16 211.6 Calculating ssGSEA scores ■■■■■■■■■■■■                      38% | ETA:  4m
#16 214.5 Calculating ssGSEA scores ■■■■■■■■■■■■                      38% | ETA:  4m
#16 219.1 Calculating ssGSEA scores ■■■■■■■■■■■■■                     39% | ETA:  4m
#16 220.7 Calculating ssGSEA scores ■■■■■■■■■■■■■                     40% | ETA:  4m
#16 223.8 Calculating ssGSEA scores ■■■■■■■■■■■■■                     40% | ETA:  4m
#16 226.9 Calculating ssGSEA scores ■■■■■■■■■■■■■                     41% | ETA:  4m
#16 229.9 Calculating ssGSEA scores ■■■■■■■■■■■■■■                    42% | ETA:  4m
#16 233.5 Calculating ssGSEA scores ■■■■■■■■■■■■■■                    43% | ETA:  4m
#16 235.9 Calculating ssGSEA scores ■■■■■■■■■■■■■■                    43% | ETA:  4m
#16 238.8 Calculating ssGSEA scores ■■■■■■■■■■■■■■                    44% | ETA:  4m
#16 242.2 Calculating ssGSEA scores ■■■■■■■■■■■■■■                    45% | ETA:  4m
#16 244.5 Calculating ssGSEA scores ■■■■■■■■■■■■■■■                   45% | ETA:  4m
#16 248.3 Calculating ssGSEA scores ■■■■■■■■■■■■■■■                   46% | ETA:  4m
#16 251.5 Calculating ssGSEA scores ■■■■■■■■■■■■■■■                   47% | ETA:  4m
#16 254.7 Calculating ssGSEA scores ■■■■■■■■■■■■■■■                   48% | ETA:  4m
#16 258.0 Calculating ssGSEA scores ■■■■■■■■■■■■■■■■                  48% | ETA:  3m
#16 260.8 Calculating ssGSEA scores ■■■■■■■■■■■■■■■■                  49% | ETA:  3m
#16 262.5 Calculating ssGSEA scores ■■■■■■■■■■■■■■■■                  50% | ETA:  3m
#16 266.2 Calculating ssGSEA scores ■■■■■■■■■■■■■■■■                  50% | ETA:  3m
#16 268.7 Calculating ssGSEA scores ■■■■■■■■■■■■■■■■                  51% | ETA:  3m
#16 271.9 Calculating ssGSEA scores ■■■■■■■■■■■■■■■■■                 52% | ETA:  3m
#16 276.2 Calculating ssGSEA scores ■■■■■■■■■■■■■■■■■                 52% | ETA:  3m
#16 277.6 Calculating ssGSEA scores ■■■■■■■■■■■■■■■■■                 53% | ETA:  3m
#16 280.6 Calculating ssGSEA scores ■■■■■■■■■■■■■■■■■                 53% | ETA:  3m
#16 283.6 Calculating ssGSEA scores ■■■■■■■■■■■■■■■■■                 54% | ETA:  3m
#16 287.4 Calculating ssGSEA scores ■■■■■■■■■■■■■■■■■                 55% | ETA:  3m
#16 291.0 Calculating ssGSEA scores ■■■■■■■■■■■■■■■■■■                55% | ETA:  3m
#16 292.5 Calculating ssGSEA scores ■■■■■■■■■■■■■■■■■■                56% | ETA:  3m
#16 296.7 Calculating ssGSEA scores ■■■■■■■■■■■■■■■■■■                56% | ETA:  3m
#16 299.5 Calculating ssGSEA scores ■■■■■■■■■■■■■■■■■■                57% | ETA:  3m
#16 301.6 Calculating ssGSEA scores ■■■■■■■■■■■■■■■■■■                57% | ETA:  3m
#16 304.9 Calculating ssGSEA scores ■■■■■■■■■■■■■■■■■■                58% | ETA:  3m
#16 308.2 Calculating ssGSEA scores ■■■■■■■■■■■■■■■■■■■               59% | ETA:  3m
#16 311.9 Calculating ssGSEA scores ■■■■■■■■■■■■■■■■■■■               59% | ETA:  3m
#16 313.5 Calculating ssGSEA scores ■■■■■■■■■■■■■■■■■■■               60% | ETA:  3m
#16 317.6 Calculating ssGSEA scores ■■■■■■■■■■■■■■■■■■■               61% | ETA:  3m
#16 319.8 Calculating ssGSEA scores ■■■■■■■■■■■■■■■■■■■               61% | ETA:  3m
#16 322.8 Calculating ssGSEA scores ■■■■■■■■■■■■■■■■■■■■              62% | ETA:  3m
#16 326.5 Calculating ssGSEA scores ■■■■■■■■■■■■■■■■■■■■              63% | ETA:  3m
#16 328.6 Calculating ssGSEA scores ■■■■■■■■■■■■■■■■■■■■              64% | ETA:  3m
#16 332.2 Calculating ssGSEA scores ■■■■■■■■■■■■■■■■■■■■              65% | ETA:  2m
#16 334.9 Calculating ssGSEA scores ■■■■■■■■■■■■■■■■■■■■■             65% | ETA:  2m
#16 337.9 Calculating ssGSEA scores ■■■■■■■■■■■■■■■■■■■■■             66% | ETA:  2m
#16 340.9 Calculating ssGSEA scores ■■■■■■■■■■■■■■■■■■■■■             67% | ETA:  2m
#16 343.9 Calculating ssGSEA scores ■■■■■■■■■■■■■■■■■■■■■             68% | ETA:  2m
#16 346.7 Calculating ssGSEA scores ■■■■■■■■■■■■■■■■■■■■■■            69% | ETA:  2m
#16 349.6 Calculating ssGSEA scores ■■■■■■■■■■■■■■■■■■■■■■            69% | ETA:  2m
#16 353.7 Calculating ssGSEA scores ■■■■■■■■■■■■■■■■■■■■■■            70% | ETA:  2m
#16 355.9 Calculating ssGSEA scores ■■■■■■■■■■■■■■■■■■■■■■            71% | ETA:  2m
#16 359.4 Calculating ssGSEA scores ■■■■■■■■■■■■■■■■■■■■■■            72% | ETA:  2m
#16 361.6 Calculating ssGSEA scores ■■■■■■■■■■■■■■■■■■■■■■■           72% | ETA:  2m
#16 364.8 Calculating ssGSEA scores ■■■■■■■■■■■■■■■■■■■■■■■           73% | ETA:  2m
#16 367.6 Calculating ssGSEA scores ■■■■■■■■■■■■■■■■■■■■■■■           73% | ETA:  2m
#16 371.0 Calculating ssGSEA scores ■■■■■■■■■■■■■■■■■■■■■■■           74% | ETA:  2m
#16 373.6 Calculating ssGSEA scores ■■■■■■■■■■■■■■■■■■■■■■■           75% | ETA:  2m
#16 376.9 Calculating ssGSEA scores ■■■■■■■■■■■■■■■■■■■■■■■■          75% | ETA:  2m
#16 379.5 Calculating ssGSEA scores ■■■■■■■■■■■■■■■■■■■■■■■■          76% | ETA:  2m
#16 382.9 Calculating ssGSEA scores ■■■■■■■■■■■■■■■■■■■■■■■■          77% | ETA:  2m
#16 385.8 Calculating ssGSEA scores ■■■■■■■■■■■■■■■■■■■■■■■■          77% | ETA:  2m
#16 389.1 Calculating ssGSEA scores ■■■■■■■■■■■■■■■■■■■■■■■■          78% | ETA:  2m
#16 391.8 Calculating ssGSEA scores ■■■■■■■■■■■■■■■■■■■■■■■■■         78% | ETA:  2m
#16 396.3 Calculating ssGSEA scores ■■■■■■■■■■■■■■■■■■■■■■■■■         79% | ETA:  1m
#16 397.8 Calculating ssGSEA scores ■■■■■■■■■■■■■■■■■■■■■■■■■         80% | ETA:  1m
#16 400.7 Calculating ssGSEA scores ■■■■■■■■■■■■■■■■■■■■■■■■■         80% | ETA:  1m
#16 404.8 Calculating ssGSEA scores ■■■■■■■■■■■■■■■■■■■■■■■■■         81% | ETA:  1m
#16 407.6 Calculating ssGSEA scores ■■■■■■■■■■■■■■■■■■■■■■■■■         81% | ETA:  1m
#16 410.7 Calculating ssGSEA scores ■■■■■■■■■■■■■■■■■■■■■■■■■■        82% | ETA:  1m
#16 414.1 Calculating ssGSEA scores ■■■■■■■■■■■■■■■■■■■■■■■■■■        83% | ETA:  1m
#16 415.8 Calculating ssGSEA scores ■■■■■■■■■■■■■■■■■■■■■■■■■■        83% | ETA:  1m
#16 418.5 Calculating ssGSEA scores ■■■■■■■■■■■■■■■■■■■■■■■■■■        83% | ETA:  1m
#16 421.6 Calculating ssGSEA scores ■■■■■■■■■■■■■■■■■■■■■■■■■■        84% | ETA:  1m
#16 424.5 Calculating ssGSEA scores ■■■■■■■■■■■■■■■■■■■■■■■■■■        85% | ETA:  1m
#16 427.7 Calculating ssGSEA scores ■■■■■■■■■■■■■■■■■■■■■■■■■■■       85% | ETA:  1m
#16 430.9 Calculating ssGSEA scores ■■■■■■■■■■■■■■■■■■■■■■■■■■■       86% | ETA:  1m
#16 433.7 Calculating ssGSEA scores ■■■■■■■■■■■■■■■■■■■■■■■■■■■       86% | ETA:  1m
#16 437.1 Calculating ssGSEA scores ■■■■■■■■■■■■■■■■■■■■■■■■■■■       87% | ETA:  1m
#16 440.5 Calculating ssGSEA scores ■■■■■■■■■■■■■■■■■■■■■■■■■■■       88% | ETA:  1m
#16 443.8 Calculating ssGSEA scores ■■■■■■■■■■■■■■■■■■■■■■■■■■■■      89% | ETA: 50s
#16 446.5 Calculating ssGSEA scores ■■■■■■■■■■■■■■■■■■■■■■■■■■■■      89% | ETA: 47s
#16 449.2 Calculating ssGSEA scores ■■■■■■■■■■■■■■■■■■■■■■■■■■■■      90% | ETA: 45s
#16 451.8 Calculating ssGSEA scores ■■■■■■■■■■■■■■■■■■■■■■■■■■■■      90% | ETA: 42s
#16 455.0 Calculating ssGSEA scores ■■■■■■■■■■■■■■■■■■■■■■■■■■■■      91% | ETA: 39s
#16 459.0 Calculating ssGSEA scores ■■■■■■■■■■■■■■■■■■■■■■■■■■■■      92% | ETA: 37s
#16 460.8 Calculating ssGSEA scores ■■■■■■■■■■■■■■■■■■■■■■■■■■■■■     92% | ETA: 34s
#16 463.9 Calculating ssGSEA scores ■■■■■■■■■■■■■■■■■■■■■■■■■■■■■     93% | ETA: 31s
#16 467.0 Calculating ssGSEA scores ■■■■■■■■■■■■■■■■■■■■■■■■■■■■■     94% | ETA: 27s
#16 469.5 Calculating ssGSEA scores ■■■■■■■■■■■■■■■■■■■■■■■■■■■■■     94% | ETA: 25s
#16 472.5 Calculating ssGSEA scores ■■■■■■■■■■■■■■■■■■■■■■■■■■■■■■    95% | ETA: 22s
#16 476.1 Calculating ssGSEA scores ■■■■■■■■■■■■■■■■■■■■■■■■■■■■■■    96% | ETA: 18s
#16 478.5 Calculating ssGSEA scores ■■■■■■■■■■■■■■■■■■■■■■■■■■■■■■    96% | ETA: 16s
#16 482.6 Calculating ssGSEA scores ■■■■■■■■■■■■■■■■■■■■■■■■■■■■■■    97% | ETA: 12s
#16 485.2 Calculating ssGSEA scores ■■■■■■■■■■■■■■■■■■■■■■■■■■■■■■    98% | ETA:  9s
#16 487.5 Calculating ssGSEA scores ■■■■■■■■■■■■■■■■■■■■■■■■■■■■■■■   98% | ETA:  7s
#16 490.6 Calculating ssGSEA scores ■■■■■■■■■■■■■■■■■■■■■■■■■■■■■■■   99% | ETA:  5s
#16 493.6 Calculating ssGSEA scores ■■■■■■■■■■■■■■■■■■■■■■■■■■■■■■■  100% | ETA:  1s
#16 494.0 Calculating ssGSEA scores ■■■■■■■■■■■■■■■■■■■■■■■■■■■■■■■  100% | ETA:  0s
#16 494.1 ℹ Normalizing ssGSEA scores
#16 494.3 ✔ Calculations finished
#16 496.1 ==> Salvando arquivos de saída (dados_otimizados.rds, genesets_list.rds, ontologyssGSEA.csv)...
#16 DONE 507.0s

#17 [13/13] COPY plumber.R /api/
#17 DONE 0.1s

#18 exporting to image
#18 exporting layers
#18 exporting layers 54.5s done
#18 exporting manifest sha256:d03fd703d16ab4ab695cb499556b919bbe043b60845f60bf30ac6f8542948546 0.0s done
#18 exporting config sha256:e59582c37d7c03216c4ef6faceae38a62de5364da0a87ea62a553d02ed8abc5a 0.0s done
#18 exporting attestation manifest sha256:7894b907bbffff10e0d802b329f11a4ad76b964983dd88f6e07a98acbec7fc20 0.0s done
#18 exporting manifest list sha256:b1acde0432ec36b46b7604072830a44e371e16b387e9d1be4ed3c041eb5070b8 0.0s done
#18 naming to moby-dangling@sha256:b1acde0432ec36b46b7604072830a44e371e16b387e9d1be4ed3c041eb5070b8 0.0s done
#18 unpacking to moby-dangling@sha256:b1acde0432ec36b46b7604072830a44e371e16b387e9d1be4ed3c041eb5070b8
#18 unpacking to moby-dangling@sha256:b1acde0432ec36b46b7604072830a44e371e16b387e9d1be4ed3c041eb5070b8 20.3s done
#18 DONE 75.0s
